transaction_id,session_id,user_id,order_timestamp,order_date,device_category,country,source,medium,campaign,channel_group,order_value,item_revenue_sum,item_count,distinct_products,distinct_categories,categories,order_seq,is_first_order,days_since_previous_order,avg_item_value,order_hour,order_day_of_week,order_value_rank
T0001259,8288675.6711105789.1728390111,8288675.6711105789,2024-10-08 12:25:50.423749,2024-10-08,mobile,United States,google,organic,(organic),Organic Search,437.72,437.72,4.0,3,2,['Apparel' 'Electronics'],1,True,,109.43,12,Tuesday,1
T0000454,6021838.4215477779.1726593244,6021838.4215477779,2024-09-17 17:11:38.344881,2024-09-17,desktop,Singapore,(direct),(none),(direct),Direct,436.25,436.25,3.0,2,2,['Electronics' 'Office'],1,True,,145.42,17,Tuesday,2
T0002130,8211091.1825625659.1730037973,8211091.1825625659,2024-10-27 13:59:15.602088,2024-10-27,desktop,Canada,google,cpc,shopping_feed,Paid,433.54,433.54,4.0,2,2,['Electronics' 'Stationery'],2,False,8,108.39,13,Sunday,3
T0003497,2726939.8691756275.1732423363,2726939.8691756275,2024-11-24 04:41:03.621813,2024-11-24,desktop,Canada,(direct),(none),(direct),Direct,432.75,432.75,3.0,2,2,['Accessories' 'Electronics'],1,True,,144.25,4,Sunday,4
T0003907,5972811.9960804233.1732720472,5972811.9960804233,2024-11-27 15:13:11.308592,2024-11-27,mobile,Canada,youtube.com,referral,(referral),Referral,424.43,424.43,3.0,2,2,['Apparel' 'Electronics'],1,True,,141.48,15,Wednesday,5
T0000504,4070753.5225771830.1726737438,4070753.5225771830,2024-09-19 09:16:37.922086,2024-09-19,desktop,India,google,organic,(organic),Organic Search,392.82,392.82,6.0,3,3,['Apparel' 'Bags' 'Lifestyle'],1,True,,65.47,9,Thursday,6
T0001043,8234891.6932423831.1727881482,8234891.6932423831,2024-10-02 15:09:40.908076,2024-10-02,mobile,United States,google,cpc,brand_search,Paid,392.3,392.3,2.0,1,1,['Electronics'],1,True,,196.15,15,Wednesday,7
T0004060,8781185.8950312976.1732800297,8781185.8950312976,2024-11-28 13:21:00.791330,2024-11-28,desktop,France,google,cpc,brand_search,Paid,382.52,382.52,4.0,2,2,['Bags' 'Electronics'],1,True,,95.63,13,Thursday,8
T0003645,5613114.3319088188.1732566154,5613114.3319088188,2024-11-25 20:19:01.534347,2024-11-25,desktop,Germany,(direct),(none),(direct),Direct,362.54,362.54,4.0,2,2,['Bags' 'Lifestyle'],1,True,,90.64,20,Monday,9
T0001187,4292493.3204417201.1728226328,4292493.3204417201,2024-10-06 14:58:10.083800,2024-10-06,mobile,United States,(direct),(none),(direct),Direct,360.82,360.82,4.0,2,1,['Bags'],1,True,,90.21,14,Sunday,10
T0000209,7604367.4834433006.1725993579,7604367.4834433006,2024-09-10 18:39:05.823654,2024-09-10,desktop,Canada,facebook,paid_social,prospecting_broad,Paid,360.6,360.6,2.0,2,1,['Electronics'],1,True,,180.3,18,Tuesday,11
T0000987,1057386.9487785577.1727761795,1057386.9487785577,2024-10-01 05:51:52.507250,2024-10-01,desktop,Canada,(direct),(none),(direct),Direct,350.63,350.63,3.0,2,2,['Bags' 'Electronics'],1,True,,116.88,5,Tuesday,12
T0004487,2416939.9659739609.1733006890,2416939.9659739609,2024-11-30 23:00:20.096454,2024-11-30,desktop,Netherlands,google,cpc,shopping_feed,Paid,339.62,339.62,2.0,1,1,['Electronics'],1,True,,169.81,23,Saturday,13
T0004336,2006832.1037189600.1732918468,2006832.1037189600,2024-11-29 22:20:44.402745,2024-11-29,desktop,Canada,newsletter,email,weekly_drop,Email,339.62,339.62,2.0,1,1,['Electronics'],1,True,,169.81,22,Friday,13
T0002219,5471288.1800720954.1730197057,5471288.1800720954,2024-10-29 10:23:46.239920,2024-10-29,mobile,Australia,facebook,paid_social,prospecting_broad,Paid,338.56,338.56,3.0,2,2,['Apparel' 'Electronics'],1,True,,112.85,10,Tuesday,14
T0001672,4334303.6356300823.1729197486,4334303.6356300823,2024-10-17 20:39:55.953205,2024-10-17,desktop,United States,youtube.com,referral,(referral),Referral,336.61,336.61,5.0,3,2,['Apparel' 'Bags'],1,True,,67.32,20,Thursday,15
T0000463,1495476.3353231244.1726615384,1495476.3353231244,2024-09-17 23:33:42.138841,2024-09-17,mobile,United States,newsletter,email,weekly_drop,Email,330.23,330.23,3.0,2,2,['Apparel' 'Electronics'],2,False,4,110.08,23,Tuesday,16
T0002208,4777198.9809018968.1730180143,4777198.9809018968,2024-10-29 05:33:20.582141,2024-10-29,desktop,Australia,google,cpc,brand_search,Paid,328.3,328.3,3.0,3,3,['Apparel' 'Bags' 'Electronics'],1,True,,109.43,5,Tuesday,17
T0002900,5645295.8919138454.1731348900,5645295.8919138454,2024-11-11 18:20:35.931942,2024-11-11,mobile,United States,google,cpc,brand_search,Paid,327.04,327.04,4.0,3,3,['Apparel' 'Electronics' 'Lifestyle'],1,True,,81.76,18,Monday,18
T0004005,5476136.9917429770.1732771182,5476136.9917429770,2024-11-28 05:23:00.081787,2024-11-28,desktop,India,google,cpc,brand_search,Paid,325.0,325.0,5.0,3,2,['Apparel' 'Lifestyle'],1,True,,65.0,5,Thursday,19
T0003615,6272843.9206813732.1732548627,6272843.9206813732,2024-11-25 15:33:19.113910,2024-11-25,mobile,Canada,newsletter,email,weekly_drop,Email,321.01,321.01,5.0,3,3,['Accessories' 'Apparel' 'Lifestyle'],1,True,,64.2,15,Monday,20
T0004409,2718800.3858977647.1732971238,2718800.3858977647,2024-11-30 13:07:58.271008,2024-11-30,tablet,Japan,(direct),(none),(direct),Direct,318.62,318.62,3.0,2,1,['Bags'],1,True,,106.21,13,Saturday,21
T0003886,4892518.9282565054.1732708952,4892518.9282565054,2024-11-27 12:03:05.843764,2024-11-27,mobile,United Kingdom,(direct),(none),(direct),Direct,315.87,315.87,4.0,3,3,['Accessories' 'Bags' 'Electronics'],1,True,,78.97,12,Wednesday,22
T0000113,3653735.6811851162.1725693669,3653735.6811851162,2024-09-07 07:20:25.298603,2024-09-07,mobile,United States,google,organic,(organic),Organic Search,311.9,311.9,4.0,3,3,['Accessories' 'Drinkware' 'Electronics'],1,True,,77.97,7,Saturday,23
T0000352,8849000.7412678281.1726356145,8849000.7412678281,2024-09-14 23:32:29.641655,2024-09-14,desktop,United States,partners,affiliate,coupon_partners,Affiliate,307.42,307.42,5.0,3,3,['Apparel' 'Bags' 'Lifestyle'],1,True,,61.48,23,Saturday,24
T0003202,5895004.8565245817.1731920143,5895004.8565245817,2024-11-18 09:00:58.606951,2024-11-18,desktop,United States,newsletter,email,weekly_drop,Email,306.07,306.07,4.0,3,2,['Electronics' 'Headgear'],1,True,,76.52,9,Monday,25
T0002612,4910754.2697509161.1730845776,4910754.2697509161,2024-11-05 22:30:00.428515,2024-11-05,desktop,United States,(direct),(none),(direct),Direct,299.35,299.35,3.0,3,3,['Accessories' 'Apparel' 'Electronics'],2,False,12,99.78,22,Tuesday,26
T0000907,6358934.6976601600.1727584963,6358934.6976601600,2024-09-29 04:44:13.099416,2024-09-29,mobile,United States,(direct),(none),(direct),Direct,295.1,295.1,4.0,2,2,['Apparel' 'Bags'],1,True,,73.78,4,Sunday,27
T0000402,9121053.6008851044.1726486442,9121053.6008851044,2024-09-16 11:38:10.626364,2024-09-16,desktop,Japan,youtube.com,referral,(referral),Referral,293.66,293.66,5.0,3,2,['Apparel' 'Lifestyle'],1,True,,58.73,11,Monday,28
T0002620,7112466.7059868066.1730861060,7112466.7059868066,2024-11-06 02:48:11.737806,2024-11-06,desktop,United Kingdom,(direct),(none),(direct),Direct,293.03,293.03,5.0,3,3,['Accessories' 'Apparel' 'Lifestyle'],1,True,,58.61,2,Wednesday,29
T0001573,5784646.4585608247.1729024254,5784646.4585608247,2024-10-15 20:25:52.320531,2024-10-15,desktop,France,newsletter,email,weekly_drop,Email,289.1,289.1,3.0,3,3,['Bags' 'Electronics' 'Lifestyle'],1,True,,96.37,20,Tuesday,30
T0003411,7230349.2038170178.1732280146,7230349.2038170178,2024-11-22 12:56:57.856056,2024-11-22,desktop,United States,google,organic,(organic),Organic Search,288.56,288.56,2.0,2,2,['Electronics' 'Lifestyle'],1,True,,144.28,12,Friday,31
T0003015,9864501.5195868542.1731562129,9864501.5195868542,2024-11-14 05:35:17.025637,2024-11-14,desktop,Netherlands,google,organic,(organic),Organic Search,287.49,287.49,5.0,3,3,['Accessories' 'Apparel' 'Lifestyle'],1,True,,57.5,5,Thursday,32
T0000218,1920136.4096443331.1726011474,1920136.4096443331,2024-09-10 23:39:08.866866,2024-09-10,desktop,Canada,google,organic,(organic),Organic Search,284.7,284.7,3.0,2,1,['Bags'],1,True,,94.9,23,Tuesday,33
T0001893,1289469.8373091953.1729628456,1289469.8373091953,2024-10-22 20:14:16.320886,2024-10-22,desktop,United States,google,cpc,brand_search,Paid,284.29,284.29,3.0,2,2,['Apparel' 'Bags'],1,True,,94.76,20,Tuesday,34
T0001276,3085985.6404123225.1728418456,3085985.6404123225,2024-10-08 20:06:40.486026,2024-10-08,desktop,United States,google,cpc,brand_search,Paid,279.12,279.12,4.0,3,3,['Accessories' 'Bags' 'Lifestyle'],1,True,,69.78,20,Tuesday,35
T0004037,2556506.9829313836.1732792893,2556506.9829313836,2024-11-28 11:20:45.066224,2024-11-28,tablet,United States,(direct),(none),(direct),Direct,278.91,278.91,4.0,3,3,['Accessories' 'Apparel' 'Electronics'],1,True,,69.73,11,Thursday,36
T0002268,5950706.8978742783.1730299674,5950706.8978742783,2024-10-30 14:52:17.745571,2024-10-30,mobile,United States,(direct),(none),(direct),Direct,273.76,273.76,3.0,3,3,['Apparel' 'Electronics' 'Office'],1,True,,91.25,14,Wednesday,37
T0003537,6439601.8227531511.1732483605,6439601.8227531511,2024-11-24 21:25:51.678561,2024-11-24,desktop,United Kingdom,google,cpc,brand_search,Paid,272.88,272.88,4.0,3,3,['Accessories' 'Apparel' 'Electronics'],1,True,,68.22,21,Sunday,38
T0001386,1907687.2122251647.1728662804,1907687.2122251647,2024-10-11 16:04:04.748714,2024-10-11,desktop,India,(direct),(none),(direct),Direct,271.47,271.47,3.0,2,2,['Accessories' 'Electronics'],1,True,,90.49,16,Friday,39
T0001997,8516511.1779690595.1729806404,8516511.1779690595,2024-10-24 21:42:58.786723,2024-10-24,desktop,Netherlands,(direct),(none),(direct),Direct,270.33,270.33,5.0,3,2,['Electronics' 'Lifestyle'],1,True,,54.07,21,Thursday,40
T0002667,3623321.3331397452.1730937609,3623321.3331397452,2024-11-07 00:14:24.510809,2024-11-07,desktop,United States,google,cpc,brand_search,Paid,269.11,269.11,3.0,3,3,['Accessories' 'Electronics' 'Office'],1,True,,89.7,0,Thursday,41
T0000217,2313364.9298753911.1726007502,2313364.9298753911,2024-09-10 22:41:41.114028,2024-09-10,mobile,Germany,newsletter,email,weekly_drop,Email,268.64,268.64,2.0,1,1,['Electronics'],2,False,3,134.32,22,Tuesday,42
T0000863,2828737.3509079402.1727498447,2828737.3509079402,2024-09-28 04:45:32.716298,2024-09-28,mobile,United States,partners,affiliate,coupon_partners,Affiliate,268.56,268.56,5.0,2,2,['Bags' 'Drinkware'],1,True,,53.71,4,Saturday,43
T0002361,2692395.3011864663.1730449838,2692395.3011864663,2024-11-01 08:34:05.410550,2024-11-01,mobile,Japan,newsletter,email,weekly_drop,Email,267.05,267.05,3.0,2,2,['Bags' 'Lifestyle'],1,True,,89.02,8,Friday,44
T0002355,6321240.8678771745.1730431257,6321240.8678771745,2024-11-01 03:29:32.842151,2024-11-01,tablet,United States,google,cpc,shopping_feed,Paid,266.8,266.8,4.0,3,3,['Accessories' 'Drinkware' 'Electronics'],1,True,,66.7,3,Friday,45
T0002115,1017446.9751100267.1730009130,1017446.9751100267,2024-10-27 06:23:50.928707,2024-10-27,mobile,United States,newsletter,email,weekly_drop,Email,262.84,262.84,4.0,2,1,['Apparel'],1,True,,65.71,6,Sunday,46
T0002067,4031731.9279444649.1729938902,4031731.9279444649,2024-10-26 10:34:28.447943,2024-10-26,mobile,Canada,google,cpc,brand_search,Paid,261.54,261.54,2.0,1,1,['Electronics'],1,True,,130.77,10,Saturday,47
T0002859,9626221.2577354248.1731273847,9626221.2577354248,2024-11-10 21:23:29.508653,2024-11-10,desktop,United States,google,organic,(organic),Organic Search,261.54,261.54,2.0,1,1,['Electronics'],1,True,,130.77,21,Sunday,47
T0002410,8704054.3073007092.1730519374,8704054.3073007092,2024-11-02 03:56:14.925199,2024-11-02,desktop,United States,(direct),(none),(direct),Direct,261.25,261.25,5.0,3,3,['Accessories' 'Bags' 'Headgear'],1,True,,52.25,3,Saturday,48
T0002237,1506093.9448649656.1730225442,1506093.9448649656,2024-10-29 18:31:42.738966,2024-10-29,desktop,Singapore,newsletter,email,weekly_drop,Email,260.67,260.67,5.0,3,3,['Accessories' 'Bags' 'Office'],2,False,5,52.13,18,Tuesday,49
T0000631,5405866.8396867913.1727010120,5405866.8396867913,2024-09-22 13:03:26.074680,2024-09-22,desktop,United States,google,organic,(organic),Organic Search,258.42,258.42,4.0,2,2,['Accessories' 'Bags'],2,False,13,64.61,13,Sunday,50
T0000482,7101883.6053462751.1726681145,7101883.6053462751,2024-09-18 17:44:22.425231,2024-09-18,desktop,India,google,cpc,brand_search,Paid,254.8,254.8,4.0,2,2,['Apparel' 'Bags'],1,True,,63.7,17,Wednesday,51
T0000552,1157649.5558348486.1726836299,1157649.5558348486,2024-09-20 12:46:36.943963,2024-09-20,mobile,Canada,(direct),(none),(direct),Direct,253.8,253.8,6.0,3,3,['Accessories' 'Apparel' 'Office'],1,True,,42.3,12,Friday,52
T0003153,2818019.2685594273.1731836323,2818019.2685594273,2024-11-17 09:42:11.897544,2024-11-17,desktop,United States,google,organic,(organic),Organic Search,253.78,253.78,4.0,3,2,['Apparel' 'Bags'],1,True,,63.45,9,Sunday,53
T0000769,2451591.7840702731.1727293728,2451591.7840702731,2024-09-25 19:41:48.391325,2024-09-25,desktop,Germany,youtube.com,referral,(referral),Referral,253.69,253.69,3.0,3,3,['Apparel' 'Electronics' 'Office'],1,True,,84.56,19,Wednesday,54
T0003797,5927017.9582124025.1732655962,5927017.9582124025,2024-11-26 21:17:35.411703,2024-11-26,desktop,United States,partners,affiliate,coupon_partners,Affiliate,253.59,253.59,4.0,3,2,['Apparel' 'Lifestyle'],1,True,,63.4,21,Tuesday,55
T0002640,9462771.2071100184.1730902247,9462771.2071100184,2024-11-06 14:21:08.605459,2024-11-06,mobile,Mexico,google,organic,(organic),Organic Search,251.8,251.8,3.0,3,3,['Accessories' 'Electronics' 'Lifestyle'],1,True,,83.93,14,Wednesday,56
T0003364,2871667.3418073687.1732198856,2871667.3418073687,2024-11-21 14:30:43.126577,2024-11-21,mobile,United States,partners,affiliate,coupon_partners,Affiliate,250.93,250.93,4.0,3,3,['Accessories' 'Apparel' 'Bags'],2,False,27,62.73,14,Thursday,57
T0002040,5196757.3542385338.1729881747,5196757.3542385338,2024-10-25 18:50:38.628323,2024-10-25,desktop,United States,google,cpc,brand_search,Paid,249.21,249.21,3.0,3,2,['Electronics' 'Lifestyle'],1,True,,83.07,18,Friday,58
T0000138,1027191.3347601913.1725757426,1027191.3347601913,2024-09-08 01:12:07.810310,2024-09-08,mobile,Japan,newsletter,email,weekly_drop,Email,248.95,248.95,3.0,3,2,['Electronics' 'Office'],1,True,,82.98,1,Sunday,59
T0000974,3544968.9862270469.1727732295,3544968.9862270469,2024-09-30 21:43:32.159173,2024-09-30,mobile,United States,(direct),(none),(direct),Direct,248.13,248.13,4.0,3,2,['Apparel' 'Bags'],1,True,,62.03,21,Monday,60
T0001363,3826819.6450745946.1728604468,3826819.6450745946,2024-10-10 23:50:29.838518,2024-10-10,desktop,United States,google,organic,(organic),Organic Search,247.36,247.36,3.0,3,2,['Accessories' 'Electronics'],1,True,,82.45,23,Thursday,61
T0003477,7863295.2438000139.1732385433,7863295.2438000139,2024-11-23 18:03:15.291787,2024-11-23,mobile,United States,newsletter,email,weekly_drop,Email,246.83,246.83,3.0,3,2,['Accessories' 'Electronics'],1,True,,82.28,18,Saturday,62
T0001292,2142983.7796208427.1728453428,2142983.7796208427,2024-10-09 05:55:52.746646,2024-10-09,desktop,United States,google,organic,(organic),Organic Search,246.22,246.22,3.0,3,2,['Apparel' 'Bags'],1,True,,82.07,5,Wednesday,63
T0000661,1855588.9285060786.1727073536,1855588.9285060786,2024-09-23 06:53:15.881037,2024-09-23,desktop,United States,google,cpc,shopping_feed,Paid,246.13,246.13,3.0,3,2,['Apparel' 'Bags'],1,True,,82.04,6,Monday,64
T0002895,8728430.1423170117.1731345011,8728430.1423170117,2024-11-11 17:10:26.745268,2024-11-11,desktop,Germany,google,organic,(organic),Organic Search,244.89,244.89,4.0,3,1,['Apparel'],1,True,,61.22,17,Monday,65
T0003108,4845667.5771678032.1731753698,4845667.5771678032,2024-11-16 10:43:39.346544,2024-11-16,desktop,Australia,google,organic,(organic),Organic Search,244.0,244.0,3.0,2,2,['Bags' 'Stationery'],1,True,,81.33,10,Saturday,66
T0004120,1589529.5628733086.1732820010,1589529.5628733086,2024-11-28 18:58:53.488501,2024-11-28,tablet,Japan,google,cpc,shopping_feed,Paid,243.0,243.0,3.0,3,2,['Apparel' 'Electronics'],1,True,,81.0,18,Thursday,67
T0002454,7497687.3858515753.1730580597,7497687.3858515753,2024-11-02 21:01:26.130054,2024-11-02,desktop,India,google,cpc,brand_search,Paid,242.87,242.87,4.0,3,2,['Accessories' 'Apparel'],1,True,,60.72,21,Saturday,68
T0002072,2242095.6275626622.1729951135,2242095.6275626622,2024-10-26 13:58:16.617779,2024-10-26,desktop,United States,(direct),(none),(direct),Direct,242.74,242.74,3.0,2,2,['Apparel' 'Bags'],1,True,,80.91,13,Saturday,69
T0000895,3943925.2798970331.1727557172,3943925.2798970331,2024-09-28 20:59:07.591040,2024-09-28,tablet,United Kingdom,(direct),(none),(direct),Direct,241.55,241.55,3.0,2,2,['Apparel' 'Bags'],1,True,,80.52,20,Saturday,70
T0002228,2745775.4884281476.1730207353,2745775.4884281476,2024-10-29 13:13:35.136808,2024-10-29,mobile,Canada,google,organic,(organic),Organic Search,241.15,241.15,3.0,2,2,['Apparel' 'Lifestyle'],1,True,,80.38,13,Tuesday,71
T0002876,1236116.3136109739.1731310417,1236116.3136109739,2024-11-11 07:40:44.658826,2024-11-11,desktop,India,google,organic,(organic),Organic Search,241.11,241.11,3.0,2,2,['Bags' 'Drinkware'],1,True,,80.37,7,Monday,72
T0002947,9589755.9539996665.1731438497,9589755.9539996665,2024-11-12 19:10:50.779498,2024-11-12,desktop,United States,facebook,paid_social,prospecting_broad,Paid,240.1,240.1,4.0,3,2,['Apparel' 'Bags'],2,False,16,60.03,19,Tuesday,73
T0000279,5102900.9981652449.1726171885,5102900.9981652449,2024-09-12 20:12:57.797223,2024-09-12,desktop,United States,newsletter,email,weekly_drop,Email,238.97,238.97,4.0,3,3,['Accessories' 'Drinkware' 'Electronics'],1,True,,59.74,20,Thursday,74
T0002432,7659070.4910958015.1730557638,7659070.4910958015,2024-11-02 14:30:36.787745,2024-11-02,tablet,United States,google,organic,(organic),Organic Search,238.23,238.23,5.0,3,3,['Apparel' 'Lifestyle' 'Office'],1,True,,47.65,14,Saturday,75
T0000694,8379725.7108792700.1727157575,8379725.7108792700,2024-09-24 06:08:29.943425,2024-09-24,desktop,United States,google,cpc,brand_search,Paid,238.22,238.22,3.0,3,3,['Apparel' 'Electronics' 'Office'],1,True,,79.41,6,Tuesday,76
T0000003,6214818.6386978465.1725212617,6214818.6386978465,2024-09-01 17:45:53.688600,2024-09-01,mobile,United States,newsletter,email,weekly_drop,Email,237.07,237.07,5.0,3,3,['Apparel' 'Lifestyle' 'Stationery'],1,True,,47.41,17,Sunday,77
T0002659,1073279.2118745546.1730925045,1073279.2118745546,2024-11-06 20:29:38.627735,2024-11-06,desktop,United States,google,organic,(organic),Organic Search,236.81,236.81,3.0,2,2,['Apparel' 'Bags'],1,True,,78.94,20,Wednesday,78
T0001919,5896369.1380224437.1729669145,5896369.1380224437,2024-10-23 07:45:32.871167,2024-10-23,mobile,Mexico,google,organic,(organic),Organic Search,235.41,235.41,3.0,2,2,['Accessories' 'Electronics'],1,True,,78.47,7,Wednesday,79
T0003697,1777781.4636091372.1732603115,1777781.4636091372,2024-11-26 06:43:50.268027,2024-11-26,desktop,United States,(direct),(none),(direct),Direct,235.0,235.0,2.0,2,2,['Apparel' 'Electronics'],1,True,,117.5,6,Tuesday,80
T0003058,5874132.8295498103.1731671003,5874132.8295498103,2024-11-15 11:43:32.407092,2024-11-15,desktop,Germany,google,cpc,shopping_feed,Paid,234.83,234.83,2.0,2,2,['Electronics' 'Lifestyle'],1,True,,117.42,11,Friday,81
T0002786,2094331.9637368483.1731159197,2094331.9637368483,2024-11-09 13:38:03.009995,2024-11-09,desktop,United States,google,cpc,brand_search,Paid,234.38,234.38,3.0,2,2,['Apparel' 'Lifestyle'],2,False,10,78.13,13,Saturday,82
T0000627,1850009.7078265333.1726994058,1850009.7078265333,2024-09-22 08:37:00.855101,2024-09-22,desktop,United States,google,organic,(organic),Organic Search,234.35,234.35,3.0,3,2,['Apparel' 'Bags'],1,True,,78.12,8,Sunday,83
T0001441,1572986.2666185253.1728770247,1572986.2666185253,2024-10-12 22:00:13.960106,2024-10-12,mobile,United States,google,organic,(organic),Organic Search,231.5,231.5,4.0,3,3,['Apparel' 'Bags' 'Office'],1,True,,57.88,22,Saturday,84
T0002723,4868797.2754499315.1731058099,4868797.2754499315,2024-11-08 09:28:39.263327,2024-11-08,desktop,United States,google,organic,(organic),Organic Search,231.21,231.21,5.0,3,2,['Apparel' 'Bags'],1,True,,46.24,9,Friday,85
T0002834,8881866.4683046926.1731243036,8881866.4683046926,2024-11-10 12:51:21.598384,2024-11-10,mobile,United States,google,organic,(organic),Organic Search,230.42,230.42,2.0,2,2,['Accessories' 'Electronics'],1,True,,115.21,12,Sunday,86
T0001348,4274398.2150732563.1728571965,4274398.2150732563,2024-10-10 14:47:29.789919,2024-10-10,desktop,Australia,google,organic,(organic),Organic Search,230.42,230.42,2.0,2,2,['Accessories' 'Electronics'],1,True,,115.21,14,Thursday,86
T0002153,8306609.1937770071.1730067051,8306609.1937770071,2024-10-27 22:16:04.079418,2024-10-27,desktop,Germany,google,organic,(organic),Organic Search,230.42,230.42,2.0,2,2,['Accessories' 'Electronics'],1,True,,115.21,22,Sunday,86
T0004221,6254170.6456879649.1732872941,6254170.6456879649,2024-11-29 09:33:57.330984,2024-11-29,desktop,United Kingdom,youtube.com,referral,(referral),Referral,230.3,230.3,2.0,1,1,['Bags'],1,True,,115.15,9,Friday,87
T0002076,6388751.6057873478.1729953904,6388751.6057873478,2024-10-26 15:06:35.359057,2024-10-26,desktop,United States,google,cpc,shopping_feed,Paid,230.14,230.14,4.0,3,3,['Apparel' 'Lifestyle' 'Office'],1,True,,57.54,15,Saturday,88
T0000222,3741468.1354181652.1726021539,3741468.1354181652,2024-09-11 02:28:39.899850,2024-09-11,mobile,United Kingdom,google,organic,(organic),Organic Search,230.13,230.13,3.0,3,2,['Accessories' 'Electronics'],1,True,,76.71,2,Wednesday,89
T0003328,9254501.1390658851.1732131851,9254501.1390658851,2024-11-20 19:44:32.381329,2024-11-20,desktop,United States,google,organic,(organic),Organic Search,229.51,229.51,5.0,3,3,['Accessories' 'Electronics' 'Stationery'],1,True,,45.9,19,Wednesday,90
T0002138,7679555.2195601547.1730050136,7679555.2195601547,2024-10-27 17:22:24.322691,2024-10-27,mobile,United States,newsletter,email,weekly_drop,Email,229.31,229.31,3.0,2,2,['Apparel' 'Electronics'],1,True,,76.44,17,Sunday,91
T0003882,3809588.9088902646.1732705824,3809588.9088902646,2024-11-27 11:16:03.968209,2024-11-27,mobile,Canada,google,cpc,shopping_feed,Paid,228.64,228.64,2.0,2,2,['Drinkware' 'Electronics'],1,True,,114.32,11,Wednesday,92
T0001152,9211081.5781137023.1728157916,9211081.5781137023,2024-10-05 19:58:17.295024,2024-10-05,mobile,Australia,(direct),(none),(direct),Direct,228.64,228.64,2.0,2,2,['Drinkware' 'Electronics'],2,False,4,114.32,19,Saturday,92
T0003257,6054535.4066009249.1732026171,6054535.4066009249,2024-11-19 14:19:12.113704,2024-11-19,mobile,United States,(direct),(none),(direct),Direct,228.46,228.46,2.0,1,1,['Electronics'],1,True,,114.23,14,Tuesday,93
T0000500,2745568.6780613670.1726726846,2745568.6780613670,2024-09-19 06:19:31.334908,2024-09-19,desktop,Singapore,partners,affiliate,coupon_partners,Affiliate,228.09,228.09,5.0,3,2,['Accessories' 'Bags'],1,True,,45.62,6,Thursday,94
T0000776,4006155.1125350405.1727307081,4006155.1125350405,2024-09-25 23:38:36.405367,2024-09-25,desktop,United States,google,organic,(organic),Organic Search,227.4,227.4,4.0,3,3,['Apparel' 'Bags' 'Headgear'],1,True,,56.85,23,Wednesday,95
T0002520,3774952.5467849712.1730698527,3774952.5467849712,2024-11-04 05:42:30.805948,2024-11-04,desktop,United States,google,organic,(organic),Organic Search,227.17,227.17,3.0,3,3,['Accessories' 'Apparel' 'Electronics'],1,True,,75.72,5,Monday,96
T0003393,7146542.5957339596.1732253624,7146542.5957339596,2024-11-22 05:30:44.291368,2024-11-22,mobile,India,google,organic,(organic),Organic Search,227.0,227.0,4.0,2,2,['Apparel' 'Lifestyle'],2,False,3,56.75,5,Friday,97
T0001533,6895259.8516329456.1728945303,6895259.8516329456,2024-10-14 22:33:38.336853,2024-10-14,desktop,United States,(direct),(none),(direct),Direct,225.98,225.98,4.0,3,3,['Accessories' 'Apparel' 'Bags'],1,True,,56.5,22,Monday,98
T0003133,1356663.1076584573.1731792906,1356663.1076584573,2024-11-16 21:36:17.278704,2024-11-16,desktop,United States,google,cpc,shopping_feed,Paid,225.2,225.2,2.0,1,1,['Electronics'],1,True,,112.6,21,Saturday,99
T0003881,5149060.8497348246.1732705552,5149060.8497348246,2024-11-27 11:13:33.558172,2024-11-27,desktop,India,google,organic,(organic),Organic Search,225.2,225.2,2.0,1,1,['Electronics'],1,True,,112.6,11,Wednesday,99
T0004164,2384548.2895797834.1732833249,2384548.2895797834,2024-11-28 22:42:32.630347,2024-11-28,tablet,United States,newsletter,email,weekly_drop,Email,225.06,225.06,4.0,3,3,['Apparel' 'Bags' 'Stationery'],1,True,,56.27,22,Thursday,100
T0002884,1065394.2988732258.1731328262,1065394.2988732258,2024-11-11 12:29:06.099150,2024-11-11,mobile,United States,google,organic,(organic),Organic Search,224.74,224.74,4.0,3,2,['Apparel' 'Bags'],1,True,,56.19,12,Monday,101
T0003286,7463380.7622137092.1732053721,7463380.7622137092,2024-11-19 22:03:34.019085,2024-11-19,desktop,Germany,google,cpc,shopping_feed,Paid,224.21,224.21,3.0,3,3,['Apparel' 'Drinkware' 'Electronics'],1,True,,74.74,22,Tuesday,102
T0001784,6818538.8137825480.1729419432,6818538.8137825480,2024-10-20 10:15:18.772703,2024-10-20,mobile,Canada,google,organic,(organic),Organic Search,224.07,224.07,3.0,2,2,['Accessories' 'Bags'],2,False,9,74.69,10,Sunday,103
T0001619,3195267.2231261159.1729115142,3195267.2231261159,2024-10-16 21:47:23.887682,2024-10-16,mobile,United States,facebook,paid_social,prospecting_broad,Paid,223.61,223.61,3.0,2,2,['Apparel' 'Lifestyle'],1,True,,74.54,21,Wednesday,104
T0003158,3616055.8552963865.1731843560,3616055.8552963865,2024-11-17 11:37:44.384164,2024-11-17,desktop,United States,partners,affiliate,coupon_partners,Affiliate,223.08,223.08,2.0,2,2,['Apparel' 'Electronics'],1,True,,111.54,11,Sunday,105
T0002946,6234792.1257060099.1731436325,6234792.1257060099,2024-11-12 18:39:08.158781,2024-11-12,mobile,India,facebook,paid_social,prospecting_broad,Paid,222.15,222.15,4.0,3,2,['Apparel' 'Bags'],1,True,,55.54,18,Tuesday,106
T0000187,5292810.1961291620.1725923117,5292810.1961291620,2024-09-09 23:13:19.476015,2024-09-09,tablet,United States,youtube.com,referral,(referral),Referral,222.1,222.1,2.0,2,2,['Apparel' 'Electronics'],1,True,,111.05,23,Monday,107
T0002327,1713367.9906769383.1730392090,1713367.9906769383,2024-10-31 16:32:52.886040,2024-10-31,mobile,United States,google,cpc,brand_search,Paid,222.1,222.1,2.0,2,2,['Apparel' 'Electronics'],1,True,,111.05,16,Thursday,107
T0001930,7940704.1999825083.1729690927,7940704.1999825083,2024-10-23 13:44:27.451807,2024-10-23,mobile,India,(direct),(none),(direct),Direct,221.98,221.98,3.0,3,3,['Apparel' 'Drinkware' 'Electronics'],1,True,,73.99,13,Wednesday,108
T0003572,6399099.4602484132.1732523242,6399099.4602484132,2024-11-25 08:24:27.623305,2024-11-25,desktop,Brazil,google,cpc,shopping_feed,Paid,220.95,220.95,2.0,2,2,['Electronics' 'Lifestyle'],1,True,,110.48,8,Monday,109
T0003952,9209765.3870473853.1732740133,9209765.3870473853,2024-11-27 20:47:01.455120,2024-11-27,mobile,United States,(direct),(none),(direct),Direct,220.66,220.66,2.0,2,2,['Drinkware' 'Electronics'],1,True,,110.33,20,Wednesday,110
T0000104,5318296.8634077764.1725648786,5318296.8634077764,2024-09-06 19:02:20.179386,2024-09-06,desktop,United States,(direct),(none),(direct),Direct,220.39,220.39,3.0,3,3,['Accessories' 'Electronics' 'Stationery'],1,True,,73.46,19,Friday,111
T0004080,7864253.6692351642.1732805431,7864253.6692351642,2024-11-28 14:42:46.554873,2024-11-28,desktop,United Kingdom,newsletter,email,weekly_drop,Email,219.55,219.55,3.0,2,2,['Apparel' 'Lifestyle'],1,True,,73.18,14,Thursday,112
T0001897,1633847.8967779293.1729629877,1633847.8967779293,2024-10-22 20:45:10.218839,2024-10-22,desktop,India,google,cpc,brand_search,Paid,219.5,219.5,3.0,3,3,['Drinkware' 'Electronics' 'Office'],1,True,,73.17,20,Tuesday,113
T0001097,2129458.5413421392.1728023918,2129458.5413421392,2024-10-04 06:53:16.194423,2024-10-04,desktop,United States,newsletter,email,weekly_drop,Email,219.21,219.21,4.0,3,3,['Apparel' 'Bags' 'Lifestyle'],1,True,,54.8,6,Friday,114
T0001856,5278497.8679368465.1729583070,5278497.8679368465,2024-10-22 07:49:52.557389,2024-10-22,mobile,France,google,cpc,shopping_feed,Paid,217.27,217.27,4.0,3,3,['Accessories' 'Bags' 'Lifestyle'],1,True,,54.32,7,Tuesday,115
T0003978,8406875.9223351185.1732751338,8406875.9223351185,2024-11-27 23:58:20.462964,2024-11-27,mobile,United States,facebook,paid_social,prospecting_broad,Paid,216.64,216.64,4.0,3,3,['Accessories' 'Lifestyle' 'Office'],1,True,,54.16,23,Wednesday,116
T0000268,6615038.1384004213.1726142182,6615038.1384004213,2024-09-12 11:59:09.756677,2024-09-12,desktop,United States,(direct),(none),(direct),Direct,216.62,216.62,3.0,2,2,['Bags' 'Lifestyle'],1,True,,72.21,11,Thursday,117
T0002826,8289577.2918362892.1731227833,8289577.2918362892,2024-11-10 08:37:49.181202,2024-11-10,mobile,Japan,google,organic,(organic),Organic Search,216.02,216.02,4.0,3,2,['Apparel' 'Lifestyle'],1,True,,54.01,8,Sunday,118
T0000530,1603887.1578797422.1726778262,1603887.1578797422,2024-09-19 20:39:04.695532,2024-09-19,tablet,Singapore,google,cpc,brand_search,Paid,215.39,215.39,4.0,3,3,['Accessories' 'Bags' 'Office'],1,True,,53.85,20,Thursday,119
T0003653,3933279.5425965499.1732568621,3933279.5425965499,2024-11-25 21:09:18.859235,2024-11-25,tablet,India,newsletter,email,weekly_drop,Email,214.17,214.17,3.0,3,2,['Accessories' 'Bags'],1,True,,71.39,21,Monday,120
T0003005,7145522.4559934413.1731536906,7145522.4559934413,2024-11-13 22:27:48.175358,2024-11-13,desktop,India,google,organic,(organic),Organic Search,213.46,213.46,5.0,3,3,['Apparel' 'Bags' 'Stationery'],1,True,,42.69,22,Wednesday,121
T0001022,4477434.6211496612.1727816410,4477434.6211496612,2024-10-01 21:19:47.083085,2024-10-01,mobile,India,google,organic,(organic),Organic Search,213.22,213.22,3.0,2,2,['Accessories' 'Bags'],1,True,,71.07,21,Tuesday,122
T0004376,1684604.5234360514.1732951454,1684604.5234360514,2024-11-30 07:27:20.131661,2024-11-30,desktop,United States,partners,affiliate,coupon_partners,Affiliate,212.0,212.0,4.0,2,2,['Apparel' 'Lifestyle'],1,True,,53.0,7,Saturday,123
T0003895,1287438.5202055628.1732713897,1287438.5202055628,2024-11-27 13:19:04.072942,2024-11-27,mobile,Australia,(direct),(none),(direct),Direct,211.84,211.84,4.0,3,3,['Accessories' 'Apparel' 'Bags'],1,True,,52.96,13,Wednesday,124
T0000601,9429614.4721941021.1726940360,9429614.4721941021,2024-09-21 17:45:35.766532,2024-09-21,mobile,India,google,organic,(organic),Organic Search,211.41,211.41,5.0,2,2,['Accessories' 'Lifestyle'],1,True,,42.28,17,Saturday,125
T0000223,9300518.4725844145.1726029269,9300518.4725844145,2024-09-11 04:42:42.836682,2024-09-11,desktop,United States,google,cpc,brand_search,Paid,211.27,211.27,3.0,3,2,['Apparel' 'Electronics'],1,True,,70.42,4,Wednesday,126
T0000396,8612001.5071867505.1726480582,8612001.5071867505,2024-09-16 10:01:40.367316,2024-09-16,desktop,United States,newsletter,email,weekly_drop,Email,209.36,209.36,3.0,2,2,['Apparel' 'Bags'],1,True,,69.79,10,Monday,127
T0002985,5197958.9377232660.1731511388,5197958.9377232660,2024-11-13 15:24:09.967072,2024-11-13,desktop,United States,youtube.com,referral,(referral),Referral,209.01,209.01,4.0,3,2,['Electronics' 'Lifestyle'],1,True,,52.25,15,Wednesday,128
T0002563,6807463.7061225500.1730762295,6807463.7061225500,2024-11-04 23:27:17.794477,2024-11-04,desktop,United States,google,organic,(organic),Organic Search,208.77,208.77,3.0,2,2,['Accessories' 'Bags'],1,True,,69.59,23,Monday,129
T0002060,9694427.4737419167.1729933656,9694427.4737419167,2024-10-26 09:12:06.318302,2024-10-26,desktop,United Kingdom,google,organic,(organic),Organic Search,208.34,208.34,3.0,3,3,['Bags' 'Electronics' 'Office'],1,True,,69.45,9,Saturday,130
T0000201,8669417.7070273034.1725972481,8669417.7070273034,2024-09-10 13:03:41.595034,2024-09-10,desktop,United States,google,organic,(organic),Organic Search,208.31,208.31,4.0,3,3,['Accessories' 'Apparel' 'Bags'],1,True,,52.08,13,Tuesday,131
T0003577,8867254.9246979683.1732524903,8867254.9246979683,2024-11-25 09:05:34.148491,2024-11-25,desktop,Canada,facebook,paid_social,prospecting_broad,Paid,208.03,208.03,3.0,3,3,['Accessories' 'Apparel' 'Electronics'],1,True,,69.34,9,Monday,132
T0000229,1360932.5009602930.1726051597,1360932.5009602930,2024-09-11 10:47:00.888131,2024-09-11,desktop,United States,google,cpc,brand_search,Paid,207.42,207.42,4.0,3,3,['Drinkware' 'Lifestyle' 'Stationery'],1,True,,51.86,10,Wednesday,133
T0004326,8555998.6178460041.1732915873,8555998.6178460041,2024-11-29 21:49:06.962476,2024-11-29,desktop,United States,(direct),(none),(direct),Direct,206.87,206.87,3.0,2,2,['Accessories' 'Lifestyle'],1,True,,68.96,21,Friday,134
T0000883,7874877.5858926708.1727542989,7874877.5858926708,2024-09-28 17:08:57.306084,2024-09-28,mobile,United States,google,organic,(organic),Organic Search,206.43,206.43,5.0,2,1,['Apparel'],1,True,,41.29,17,Saturday,135
T0001412,3448961.6215330981.1728700542,3448961.6215330981,2024-10-12 02:29:32.112235,2024-10-12,desktop,Singapore,(direct),(none),(direct),Direct,206.31,206.31,2.0,2,2,['Electronics' 'Stationery'],2,False,30,103.16,2,Saturday,136
T0003348,7084139.3367752396.1732177861,7084139.3367752396,2024-11-21 08:41:26.282742,2024-11-21,desktop,United States,(direct),(none),(direct),Direct,205.94,205.94,3.0,3,3,['Apparel' 'Electronics' 'Stationery'],1,True,,68.65,8,Thursday,137
T0001328,1576558.9658876470.1728514838,1576558.9658876470,2024-10-09 22:59:10.196636,2024-10-09,desktop,United States,newsletter,email,weekly_drop,Email,205.53,205.53,4.0,2,1,['Apparel'],1,True,,51.38,22,Wednesday,138
T0000794,3087386.1643761073.1727360207,3087386.1643761073,2024-09-26 14:14:14.359427,2024-09-26,mobile,United States,newsletter,email,weekly_drop,Email,205.09,205.09,3.0,2,2,['Drinkware' 'Lifestyle'],1,True,,68.36,14,Thursday,139
T0000946,4418777.4452001606.1727693475,4418777.4452001606,2024-09-30 10:56:18.707592,2024-09-30,desktop,United States,partners,affiliate,coupon_partners,Affiliate,204.74,204.74,4.0,3,3,['Apparel' 'Bags' 'Drinkware'],1,True,,51.19,10,Monday,140
T0000213,3368394.7407975993.1726000823,3368394.7407975993,2024-09-10 20:48:22.737082,2024-09-10,desktop,India,(direct),(none),(direct),Direct,204.09,204.09,2.0,2,2,['Bags' 'Electronics'],1,True,,102.05,20,Tuesday,141
T0004490,6931115.6961114457.1733010604,6931115.6961114457,2024-11-30 23:56:58.056506,2024-11-30,desktop,United States,google,organic,(organic),Organic Search,203.89,203.89,5.0,3,2,['Accessories' 'Bags'],1,True,,40.78,23,Saturday,142
T0001805,7042324.6088496514.1729466066,7042324.6088496514,2024-10-20 23:08:09.824393,2024-10-20,tablet,India,google,cpc,brand_search,Paid,203.79,203.79,5.0,3,3,['Accessories' 'Apparel' 'Lifestyle'],1,True,,40.76,23,Sunday,143
T0003148,3358830.2518232777.1731825495,3358830.2518232777,2024-11-17 06:44:24.049375,2024-11-17,tablet,Japan,(direct),(none),(direct),Direct,203.75,203.75,3.0,2,2,['Bags' 'Lifestyle'],1,True,,67.92,6,Sunday,144
T0002045,4570385.9804349291.1729887398,4570385.9804349291,2024-10-25 20:21:57.214257,2024-10-25,desktop,Mexico,google,organic,(organic),Organic Search,202.8,202.8,4.0,2,2,['Drinkware' 'Lifestyle'],1,True,,50.7,20,Friday,145
T0003823,2321358.5524640794.1732661791,2321358.5524640794,2024-11-26 23:04:40.245729,2024-11-26,desktop,United States,google,cpc,shopping_feed,Paid,202.33,202.33,1.0,1,1,['Electronics'],1,True,,202.33,23,Tuesday,146
T0001148,3525041.1344014411.1728149651,3525041.1344014411,2024-10-05 17:44:21.133404,2024-10-05,desktop,United Kingdom,(direct),(none),(direct),Direct,202.33,202.33,1.0,1,1,['Electronics'],1,True,,202.33,17,Saturday,146
T0004022,5624227.6162575333.1732781758,5624227.6162575333,2024-11-28 08:09:38.241962,2024-11-28,desktop,United States,google,organic,(organic),Organic Search,202.33,202.33,1.0,1,1,['Electronics'],1,True,,202.33,8,Thursday,146
T0002908,3760236.5296183483.1731358729,3760236.5296183483,2024-11-11 21:03:09.733777,2024-11-11,desktop,India,google,cpc,brand_search,Paid,202.33,202.33,1.0,1,1,['Electronics'],1,True,,202.33,21,Monday,146
T0004036,3797540.3851943292.1732791135,3797540.3851943292,2024-11-28 10:59:01.814575,2024-11-28,mobile,United States,google,cpc,shopping_feed,Paid,202.33,202.33,1.0,1,1,['Electronics'],1,True,,202.33,10,Thursday,146
T0002658,7264778.7522321197.1730922110,7264778.7522321197,2024-11-06 20:01:54.124595,2024-11-06,mobile,United States,(direct),(none),(direct),Direct,202.33,202.33,1.0,1,1,['Electronics'],1,True,,202.33,20,Wednesday,146
T0003514,4845378.2437862492.1732457428,4845378.2437862492,2024-11-24 14:04:43.135149,2024-11-24,mobile,United Kingdom,google,cpc,shopping_feed,Paid,202.24,202.24,2.0,1,1,['Bags'],1,True,,101.12,14,Sunday,147
T0001821,2430731.5109310223.1729515415,2430731.5109310223,2024-10-21 13:15:38.207290,2024-10-21,mobile,United States,(direct),(none),(direct),Direct,202.09,202.09,3.0,2,2,['Apparel' 'Electronics'],1,True,,67.36,13,Monday,148
T0002421,2207181.4844448250.1730538564,2207181.4844448250,2024-11-02 09:07:59.320087,2024-11-02,mobile,United States,google,organic,(organic),Organic Search,201.89,201.89,4.0,3,2,['Accessories' 'Apparel'],1,True,,50.47,9,Saturday,149
T0001109,9823249.2628551796.1728057299,9823249.2628551796,2024-10-04 16:01:38.417242,2024-10-04,desktop,United States,google,cpc,shopping_feed,Paid,201.65,201.65,3.0,3,2,['Apparel' 'Lifestyle'],1,True,,67.22,16,Friday,150
T0003976,1981801.4066288204.1732751451,1981801.4066288204,2024-11-27 23:46:40.186223,2024-11-27,desktop,Japan,google,organic,(organic),Organic Search,201.34,201.34,4.0,2,2,['Lifestyle' 'Stationery'],1,True,,50.34,23,Wednesday,151
T0002385,2769666.6862029266.1730487848,2769666.6862029266,2024-11-01 19:06:28.417884,2024-11-01,mobile,United States,newsletter,email,weekly_drop,Email,201.05,201.05,3.0,3,2,['Accessories' 'Bags'],1,True,,67.02,19,Friday,152
T0004110,5551899.1904028644.1732817749,5551899.1904028644,2024-11-28 18:15:54.300781,2024-11-28,desktop,United States,(direct),(none),(direct),Direct,200.41,200.41,3.0,2,2,['Accessories' 'Lifestyle'],1,True,,66.8,18,Thursday,153
T0002513,2351542.8986706452.1730676378,2351542.8986706452,2024-11-03 23:28:38.012122,2024-11-03,desktop,United States,(direct),(none),(direct),Direct,199.96,199.96,4.0,3,3,['Apparel' 'Bags' 'Stationery'],1,True,,49.99,23,Sunday,154
T0000314,1826937.2536314648.1726262789,1826937.2536314648,2024-09-13 21:27:35.709776,2024-09-13,desktop,United States,youtube.com,referral,(referral),Referral,199.86,199.86,5.0,3,2,['Accessories' 'Apparel'],1,True,,39.97,21,Friday,155
T0003451,5707233.2922306325.1732324753,5707233.2922306325,2024-11-23 01:25:25.625716,2024-11-23,desktop,Germany,google,organic,(organic),Organic Search,199.8,199.8,5.0,3,3,['Apparel' 'Bags' 'Drinkware'],1,True,,39.96,1,Saturday,156
T0000094,4734904.1137372099.1725614904,4734904.1137372099,2024-09-06 09:36:21.328187,2024-09-06,mobile,India,newsletter,email,weekly_drop,Email,199.13,199.13,4.0,3,3,['Apparel' 'Bags' 'Lifestyle'],1,True,,49.78,9,Friday,157
T0003397,4241085.2733327336.1732262200,4241085.2733327336,2024-11-22 07:56:18.956209,2024-11-22,desktop,Germany,google,cpc,brand_search,Paid,198.99,198.99,3.0,3,3,['Accessories' 'Apparel' 'Electronics'],1,True,,66.33,7,Friday,158
T0004450,3296383.2041148357.1732992776,3296383.2041148357,2024-11-30 18:58:31.245094,2024-11-30,mobile,Mexico,google,organic,(organic),Organic Search,198.5,198.5,1.0,1,1,['Electronics'],1,True,,198.5,18,Saturday,159
T0000931,1387577.6504910900.1727649444,1387577.6504910900,2024-09-29 22:44:15.189968,2024-09-29,mobile,United Kingdom,(direct),(none),(direct),Direct,198.34,198.34,4.0,2,2,['Apparel' 'Lifestyle'],1,True,,49.59,22,Sunday,160
T0002001,2560842.4648803138.1729810763,2560842.4648803138,2024-10-24 22:55:27.416161,2024-10-24,desktop,Japan,google,cpc,brand_search,Paid,197.76,197.76,2.0,2,2,['Accessories' 'Electronics'],1,True,,98.88,22,Thursday,161
T0003735,7782178.4531732335.1732624544,7782178.4531732335,2024-11-26 12:42:35.102571,2024-11-26,tablet,India,newsletter,email,weekly_drop,Email,196.25,196.25,3.0,2,2,['Apparel' 'Lifestyle'],1,True,,65.42,12,Tuesday,162
T0000515,3233068.1622335410.1726755639,3233068.1622335410,2024-09-19 14:36:23.637875,2024-09-19,desktop,Germany,google,organic,(organic),Organic Search,195.32,195.32,3.0,2,2,['Accessories' 'Lifestyle'],1,True,,65.11,14,Thursday,163
T0001726,5394456.5515230599.1729290589,5394456.5515230599,2024-10-18 22:28:04.813594,2024-10-18,desktop,United Kingdom,newsletter,email,weekly_drop,Email,194.91,194.91,3.0,3,3,['Drinkware' 'Electronics' 'Office'],1,True,,64.97,22,Friday,164
T0002382,4192198.5830457418.1730483721,4192198.5830457418,2024-11-01 18:01:00.398067,2024-11-01,desktop,United Kingdom,newsletter,email,weekly_drop,Email,194.75,194.75,5.0,3,3,['Accessories' 'Apparel' 'Headgear'],1,True,,38.95,18,Friday,165
T0003620,1567918.2191924555.1732551147,1567918.2191924555,2024-11-25 16:08:49.509988,2024-11-25,tablet,United States,google,organic,(organic),Organic Search,193.5,193.5,5.0,3,2,['Apparel' 'Lifestyle'],1,True,,38.7,16,Monday,166
T0000060,9749390.4973200948.1725467875,9749390.4973200948,2024-09-04 16:38:34.682306,2024-09-04,mobile,Mexico,(direct),(none),(direct),Direct,192.99,192.99,3.0,3,3,['Accessories' 'Bags' 'Lifestyle'],1,True,,64.33,16,Wednesday,167
T0002027,8551943.5749216650.1729858583,8551943.5749216650,2024-10-25 12:18:52.169463,2024-10-25,tablet,Germany,(direct),(none),(direct),Direct,192.68,192.68,2.0,2,2,['Electronics' 'Headgear'],1,True,,96.34,12,Friday,168
T0003194,1292487.9004239903.1731902019,1292487.9004239903,2024-11-18 03:52:26.236977,2024-11-18,desktop,United States,facebook,paid_social,prospecting_broad,Paid,192.56,192.56,3.0,3,3,['Accessories' 'Bags' 'Lifestyle'],1,True,,64.19,3,Monday,169
T0003403,8317093.6628214543.1732273544,8317093.6628214543,2024-11-22 11:15:45.798212,2024-11-22,mobile,Singapore,(direct),(none),(direct),Direct,192.53,192.53,3.0,2,1,['Apparel'],1,True,,64.18,11,Friday,170
T0003272,5160043.6704882466.1732041041,5160043.6704882466,2024-11-19 18:34:36.211506,2024-11-19,mobile,United States,newsletter,email,weekly_drop,Email,192.23,192.23,3.0,2,2,['Apparel' 'Lifestyle'],3,False,16,64.08,18,Tuesday,171
T0000316,9165795.1170295180.1726267281,9165795.1170295180,2024-09-13 22:41:15.640149,2024-09-13,desktop,Japan,google,cpc,brand_search,Paid,192.23,192.23,3.0,2,2,['Apparel' 'Lifestyle'],1,True,,64.08,22,Friday,171
T0001648,2408707.1028059450.1729169193,2408707.1028059450,2024-10-17 12:44:09.767267,2024-10-17,desktop,United States,google,cpc,shopping_feed,Paid,191.33,191.33,5.0,3,2,['Accessories' 'Apparel'],1,True,,38.27,12,Thursday,172
T0002152,5424464.6531268262.1730066666,5424464.6531268262,2024-10-27 21:53:43.305925,2024-10-27,mobile,United States,(direct),(none),(direct),Direct,191.21,191.21,3.0,3,3,['Apparel' 'Bags' 'Office'],1,True,,63.74,21,Sunday,173
T0000070,9364498.9913934248.1725503715,9364498.9913934248,2024-09-05 02:32:19.424506,2024-09-05,desktop,Germany,google,cpc,brand_search,Paid,190.78,190.78,4.0,3,3,['Bags' 'Lifestyle' 'Stationery'],1,True,,47.7,2,Thursday,174
T0003951,6205558.4735574377.1732740210,6205558.4735574377,2024-11-27 20:43:27.551929,2024-11-27,mobile,Canada,newsletter,email,weekly_drop,Email,190.76,190.76,4.0,3,3,['Accessories' 'Apparel' 'Office'],1,True,,47.69,20,Wednesday,175
T0001339,6291411.6029336138.1728556842,6291411.6029336138,2024-10-10 10:33:56.401056,2024-10-10,desktop,United States,(direct),(none),(direct),Direct,190.66,190.66,3.0,2,1,['Apparel'],1,True,,63.55,10,Thursday,176
T0001800,1423483.8560831415.1729456609,1423483.8560831415,2024-10-20 20:46:43.826398,2024-10-20,mobile,United States,google,cpc,brand_search,Paid,190.15,190.15,3.0,2,1,['Apparel'],1,True,,63.38,20,Sunday,177
T0000550,9168781.8812031399.1726829491,9168781.8812031399,2024-09-20 10:53:42.555209,2024-09-20,mobile,United Kingdom,(direct),(none),(direct),Direct,190.05,190.05,4.0,3,2,['Apparel' 'Lifestyle'],1,True,,47.51,10,Friday,178
T0002962,3648827.5185097940.1731464975,3648827.5185097940,2024-11-13 02:30:42.474502,2024-11-13,mobile,India,(direct),(none),(direct),Direct,188.77,188.77,3.0,2,2,['Bags' 'Lifestyle'],1,True,,62.92,2,Wednesday,179
T0003232,4777803.4926095333.1731967074,4777803.4926095333,2024-11-18 22:11:44.411932,2024-11-18,mobile,Singapore,google,cpc,brand_search,Paid,188.35,188.35,4.0,3,3,['Accessories' 'Apparel' 'Bags'],1,True,,47.09,22,Monday,180
T0000595,2211906.3093994809.1726933040,2211906.3093994809,2024-09-21 15:44:21.614964,2024-09-21,mobile,United States,newsletter,email,weekly_drop,Email,188.26,188.26,4.0,3,2,['Apparel' 'Electronics'],1,True,,47.07,15,Saturday,181
T0002832,4288425.1198665408.1731241975,4288425.1198665408,2024-11-10 12:31:47.673595,2024-11-10,desktop,Canada,google,organic,(organic),Organic Search,187.98,187.98,3.0,3,3,['Accessories' 'Apparel' 'Electronics'],1,True,,62.66,12,Sunday,182
T0002397,8810160.6210076607.1730495971,8810160.6210076607,2024-11-01 21:19:42.897785,2024-11-01,tablet,Canada,(direct),(none),(direct),Direct,187.96,187.96,3.0,3,2,['Apparel' 'Bags'],1,True,,62.65,21,Friday,183
T0003602,1644480.4127074034.1732544770,1644480.4127074034,2024-11-25 14:25:35.504971,2024-11-25,desktop,United States,google,organic,(organic),Organic Search,187.61,187.61,3.0,2,2,['Electronics' 'Office'],1,True,,62.54,14,Monday,184
T0003863,9566963.1841405068.1732692800,9566963.1841405068,2024-11-27 07:29:46.020658,2024-11-27,mobile,United States,facebook,paid_social,prospecting_broad,Paid,187.5,187.5,3.0,2,2,['Apparel' 'Bags'],1,True,,62.5,7,Wednesday,185
T0001892,7423776.8839942848.1729626758,7423776.8839942848,2024-10-22 20:06:46.031942,2024-10-22,mobile,United States,google,organic,(organic),Organic Search,187.42,187.42,3.0,3,3,['Apparel' 'Electronics' 'Office'],1,True,,62.47,20,Tuesday,186
T0001618,7159972.5426439694.1729114618,7159972.5426439694,2024-10-16 21:30:47.043276,2024-10-16,desktop,United States,(direct),(none),(direct),Direct,186.96,186.96,4.0,3,2,['Lifestyle' 'Stationery'],1,True,,46.74,21,Wednesday,187
T0001480,1490224.9728695746.1728878079,1490224.9728695746,2024-10-14 04:00:26.691700,2024-10-14,desktop,United States,(direct),(none),(direct),Direct,186.64,186.64,3.0,3,3,['Accessories' 'Apparel' 'Bags'],1,True,,62.21,4,Monday,188
T0000080,8550225.1830088529.1725567933,8550225.1830088529,2024-09-05 20:36:25.733801,2024-09-05,mobile,Australia,google,organic,(organic),Organic Search,186.38,186.38,4.0,2,2,['Apparel' 'Lifestyle'],1,True,,46.6,20,Thursday,189
T0000955,4278057.5179860309.1727702595,4278057.5179860309,2024-09-30 13:32:42.696788,2024-09-30,desktop,United States,google,cpc,brand_search,Paid,186.33,186.33,3.0,2,2,['Apparel' 'Lifestyle'],1,True,,62.11,13,Monday,190
T0000091,9785890.4738635724.1725594413,9785890.4738635724,2024-09-06 03:57:16.442390,2024-09-06,mobile,Singapore,google,cpc,brand_search,Paid,186.32,186.32,3.0,2,2,['Bags' 'Lifestyle'],1,True,,62.11,3,Friday,191
T0002731,5711886.9491058483.1731074021,5711886.9491058483,2024-11-08 13:58:10.523679,2024-11-08,desktop,United States,google,organic,(organic),Organic Search,186.21,186.21,3.0,2,2,['Apparel' 'Bags'],1,True,,62.07,13,Friday,192
T0001161,7411934.7075399181.1728171804,7411934.7075399181,2024-10-05 23:45:21.066119,2024-10-05,desktop,United Kingdom,google,organic,(organic),Organic Search,185.55,185.55,4.0,3,2,['Apparel' 'Office'],2,False,10,46.39,23,Saturday,193
T0000025,9915341.5254825533.1725297208,9915341.5254825533,2024-09-02 17:15:40.404577,2024-09-02,desktop,United States,google,organic,(organic),Organic Search,185.24,185.24,3.0,2,1,['Apparel'],1,True,,61.75,17,Monday,194
T0000465,7165447.4439655980.1726617961,7165447.4439655980,2024-09-18 00:05:09.560346,2024-09-18,desktop,United States,(direct),(none),(direct),Direct,184.8,184.8,4.0,2,2,['Apparel' 'Lifestyle'],1,True,,46.2,0,Wednesday,195
T0001024,4084879.2489402539.1727823505,4084879.2489402539,2024-10-01 23:06:45.685888,2024-10-01,mobile,Brazil,google,cpc,shopping_feed,Paid,184.67,184.67,5.0,3,2,['Accessories' 'Bags'],1,True,,36.93,23,Tuesday,196
T0003471,1739803.6366030938.1732377638,1739803.6366030938,2024-11-23 15:57:24.449294,2024-11-23,desktop,France,facebook,paid_social,prospecting_broad,Paid,184.5,184.5,4.0,2,2,['Lifestyle' 'Office'],1,True,,46.13,15,Saturday,197
T0004117,2138837.7225515242.1732819293,2138837.7225515242,2024-11-28 18:39:35.301745,2024-11-28,desktop,United Kingdom,google,cpc,shopping_feed,Paid,184.32,184.32,3.0,3,2,['Accessories' 'Bags'],1,True,,61.44,18,Thursday,198
T0001582,9733544.4397766266.1729044459,9733544.4397766266,2024-10-16 02:31:00.246388,2024-10-16,desktop,Brazil,newsletter,email,weekly_drop,Email,184.25,184.25,2.0,2,2,['Electronics' 'Stationery'],1,True,,92.13,2,Wednesday,199
T0001494,7361417.6035911322.1728899989,7361417.6035911322,2024-10-14 09:57:19.350385,2024-10-14,mobile,United Kingdom,partners,affiliate,coupon_partners,Affiliate,184.21,184.21,3.0,3,3,['Apparel' 'Drinkware' 'Lifestyle'],1,True,,61.4,9,Monday,200
T0003641,9279624.2512983346.1732562334,9279624.2512983346,2024-11-25 19:39:59.817735,2024-11-25,desktop,United States,google,cpc,shopping_feed,Paid,183.88,183.88,4.0,2,2,['Accessories' 'Lifestyle'],2,False,2,45.97,19,Monday,201
T0001215,5189833.4885779465.1728303156,5189833.4885779465,2024-10-07 12:10:26.562400,2024-10-07,desktop,Germany,google,organic,(organic),Organic Search,183.23,183.23,4.0,3,3,['Bags' 'Drinkware' 'Office'],1,True,,45.81,12,Monday,202
T0002331,5878907.4157760654.1730397682,5878907.4157760654,2024-10-31 17:57:17.598269,2024-10-31,mobile,India,(direct),(none),(direct),Direct,183.21,183.21,3.0,3,3,['Accessories' 'Bags' 'Lifestyle'],1,True,,61.07,17,Thursday,203
T0003573,2198949.2518786388.1732523230,2198949.2518786388,2024-11-25 08:25:29.204748,2024-11-25,desktop,Germany,google,organic,(organic),Organic Search,183.01,183.01,3.0,3,3,['Accessories' 'Apparel' 'Lifestyle'],2,False,6,61.0,8,Monday,204
T0001372,7267979.9691022281.1728641214,7267979.9691022281,2024-10-11 10:11:21.856958,2024-10-11,desktop,United States,(direct),(none),(direct),Direct,182.65,182.65,2.0,2,2,['Electronics' 'Stationery'],2,False,7,91.33,10,Friday,205
T0000122,2352248.5350941942.1725719099,2352248.5350941942,2024-09-07 14:27:47.723451,2024-09-07,desktop,Netherlands,google,organic,(organic),Organic Search,182.44,182.44,4.0,3,2,['Apparel' 'Lifestyle'],1,True,,45.61,14,Saturday,206
T0001098,7748409.4048030227.1728028533,7748409.4048030227,2024-10-04 08:14:32.478719,2024-10-04,mobile,India,google,organic,(organic),Organic Search,182.31,182.31,3.0,2,2,['Lifestyle' 'Office'],1,True,,60.77,8,Friday,207
T0002313,8962021.5581994596.1730371919,8962021.5581994596,2024-10-31 11:18:51.805126,2024-10-31,desktop,Canada,(direct),(none),(direct),Direct,181.98,181.98,4.0,3,2,['Accessories' 'Apparel'],1,True,,45.5,11,Thursday,208
T0001696,2828902.5788558326.1729258432,2828902.5788558326,2024-10-18 13:40:21.419906,2024-10-18,desktop,India,facebook,paid_social,prospecting_broad,Paid,181.93,181.93,4.0,3,3,['Accessories' 'Apparel' 'Electronics'],1,True,,45.48,13,Friday,209
T0000263,5860453.5273581393.1726130272,5860453.5273581393,2024-09-12 08:32:19.681275,2024-09-12,desktop,United States,google,cpc,shopping_feed,Paid,181.84,181.84,4.0,3,2,['Accessories' 'Bags'],1,True,,45.46,8,Thursday,210
T0004275,1564735.4698560746.1732896529,1564735.4698560746,2024-11-29 16:05:06.953538,2024-11-29,desktop,United States,google,organic,(organic),Organic Search,181.06,181.06,2.0,2,2,['Accessories' 'Electronics'],1,True,,90.53,16,Friday,211
T0002592,5575731.2082427740.1730821261,5575731.2082427740,2024-11-05 15:38:54.421601,2024-11-05,tablet,Australia,(direct),(none),(direct),Direct,180.82,180.82,2.0,1,1,['Bags'],1,True,,90.41,15,Tuesday,212
T0000014,8264924.8303370195.1725228698,8264924.8303370195,2024-09-01 22:13:45.845675,2024-09-01,mobile,United States,google,organic,(organic),Organic Search,180.82,180.82,2.0,1,1,['Bags'],1,True,,90.41,22,Sunday,212
T0000336,4555153.3311617730.1726327709,4555153.3311617730,2024-09-14 15:30:29.417303,2024-09-14,desktop,United States,newsletter,email,weekly_drop,Email,180.82,180.82,2.0,1,1,['Bags'],1,True,,90.41,15,Saturday,212
T0001703,7462229.1592288754.1729265943,7462229.1592288754,2024-10-18 15:39:36.672760,2024-10-18,mobile,Mexico,(direct),(none),(direct),Direct,180.82,180.82,2.0,1,1,['Bags'],1,True,,90.41,15,Friday,212
T0001777,1973420.6626757820.1729402285,1973420.6626757820,2024-10-20 05:28:14.684624,2024-10-20,tablet,Singapore,google,cpc,shopping_feed,Paid,180.82,180.82,2.0,1,1,['Bags'],1,True,,90.41,5,Sunday,212
T0002601,2088264.1037414900.1730837431,2088264.1037414900,2024-11-05 20:16:53.820642,2024-11-05,desktop,United States,(direct),(none),(direct),Direct,180.82,180.82,2.0,1,1,['Bags'],1,True,,90.41,20,Tuesday,212
T0000836,6714910.5954629085.1727447944,6714910.5954629085,2024-09-27 14:35:35.470965,2024-09-27,mobile,United States,google,cpc,shopping_feed,Paid,180.81,180.81,3.0,3,2,['Apparel' 'Lifestyle'],1,True,,60.27,14,Friday,213
T0003876,4310508.1921518848.1732703077,4310508.1921518848,2024-11-27 10:28:29.262076,2024-11-27,desktop,United States,(direct),(none),(direct),Direct,180.18,180.18,3.0,3,3,['Apparel' 'Bags' 'Headgear'],1,True,,60.06,10,Wednesday,214
T0002194,6245609.8073768980.1730151327,6245609.8073768980,2024-10-28 21:34:41.890510,2024-10-28,desktop,United States,(direct),(none),(direct),Direct,179.71,179.71,4.0,3,3,['Apparel' 'Bags' 'Lifestyle'],1,True,,44.93,21,Monday,215
T0001289,6349909.2456626179.1728439158,6349909.2456626179,2024-10-09 02:04:10.632487,2024-10-09,desktop,Brazil,(direct),(none),(direct),Direct,178.83,178.83,4.0,3,2,['Accessories' 'Apparel'],1,True,,44.71,2,Wednesday,216
T0002797,1864433.3356364156.1731170832,1864433.3356364156,2024-11-09 16:51:42.408249,2024-11-09,desktop,United Kingdom,google,organic,(organic),Organic Search,178.78,178.78,2.0,1,1,['Lifestyle'],2,False,3,89.39,16,Saturday,217
T0000757,3153467.3522008251.1727265618,3153467.3522008251,2024-09-25 12:01:29.484300,2024-09-25,mobile,Australia,facebook,paid_social,prospecting_broad,Paid,178.71,178.71,3.0,2,2,['Apparel' 'Office'],1,True,,59.57,12,Wednesday,218
T0003901,3343910.3776927475.1732715624,3343910.3776927475,2024-11-27 14:07:59.137104,2024-11-27,mobile,United States,(direct),(none),(direct),Direct,178.68,178.68,4.0,3,3,['Apparel' 'Bags' 'Electronics'],1,True,,44.67,14,Wednesday,219
T0001791,3347014.6465251625.1729440883,3347014.6465251625,2024-10-20 16:24:05.789508,2024-10-20,tablet,United States,(direct),(none),(direct),Direct,178.63,178.63,3.0,3,3,['Accessories' 'Apparel' 'Electronics'],1,True,,59.54,16,Sunday,220
T0003558,5332083.1390516758.1732508304,5332083.1390516758,2024-11-25 04:24:34.911486,2024-11-25,desktop,United States,(direct),(none),(direct),Direct,178.12,178.12,2.0,1,1,['Bags'],1,True,,89.06,4,Monday,221
T0000878,9861311.5068767000.1727529846,9861311.5068767000,2024-09-28 13:30:46.160613,2024-09-28,mobile,United States,(direct),(none),(direct),Direct,178.07,178.07,3.0,3,3,['Accessories' 'Electronics' 'Lifestyle'],2,False,11,59.36,13,Saturday,222
T0003344,8518671.1076943998.1732166258,8518671.1076943998,2024-11-21 05:19:48.556975,2024-11-21,desktop,United States,google,organic,(organic),Organic Search,177.72,177.72,4.0,2,2,['Accessories' 'Apparel'],1,True,,44.43,5,Thursday,223
T0000095,6474734.5947141104.1725618976,6474734.5947141104,2024-09-06 10:48:34.117489,2024-09-06,desktop,United States,google,organic,(organic),Organic Search,176.75,176.75,2.0,2,2,['Bags' 'Electronics'],1,True,,88.38,10,Friday,224
T0004236,3600641.2281913263.1732879581,3600641.2281913263,2024-11-29 11:15:15.934264,2024-11-29,desktop,United States,google,cpc,shopping_feed,Paid,176.72,176.72,3.0,3,3,['Accessories' 'Apparel' 'Electronics'],2,False,4,58.91,11,Friday,225
T0000017,2298306.4146295862.1725233453,2298306.4146295862,2024-09-01 23:36:51.257464,2024-09-01,mobile,India,(direct),(none),(direct),Direct,176.67,176.67,3.0,2,1,['Apparel'],1,True,,58.89,23,Sunday,226
T0000756,7068793.9738737576.1727264575,7068793.9738737576,2024-09-25 11:51:17.019464,2024-09-25,desktop,Singapore,(direct),(none),(direct),Direct,176.48,176.48,2.0,2,2,['Apparel' 'Electronics'],1,True,,88.24,11,Wednesday,227
T0002593,6964736.9839452621.1730823184,6964736.9839452621,2024-11-05 16:16:59.279642,2024-11-05,mobile,United States,google,organic,(organic),Organic Search,176.44,176.44,4.0,2,1,['Apparel'],1,True,,44.11,16,Tuesday,228
T0004248,1469065.2738660448.1732882461,1469065.2738660448,2024-11-29 12:17:44.851532,2024-11-29,mobile,Canada,google,cpc,brand_search,Paid,176.42,176.42,4.0,3,2,['Apparel' 'Drinkware'],1,True,,44.11,12,Friday,229
T0000096,7703585.8178386604.1725619959,7703585.8178386604,2024-09-06 10:56:09.818950,2024-09-06,desktop,Australia,(direct),(none),(direct),Direct,176.08,176.08,4.0,2,2,['Accessories' 'Bags'],1,True,,44.02,10,Friday,230
T0004199,4773746.4266023043.1732855476,4773746.4266023043,2024-11-29 04:49:01.900734,2024-11-29,mobile,United States,google,organic,(organic),Organic Search,175.95,175.95,3.0,2,1,['Apparel'],1,True,,58.65,4,Friday,231
T0000652,2964379.8858090707.1727043546,2964379.8858090707,2024-09-22 22:23:46.973818,2024-09-22,mobile,United States,(direct),(none),(direct),Direct,175.64,175.64,3.0,3,3,['Accessories' 'Apparel' 'Bags'],1,True,,58.55,22,Sunday,232
T0001012,8072460.9806959713.1727801282,8072460.9806959713,2024-10-01 16:56:52.108924,2024-10-01,mobile,United States,google,cpc,shopping_feed,Paid,175.29,175.29,2.0,2,2,['Bags' 'Lifestyle'],1,True,,87.65,16,Tuesday,233
T0003987,5133751.2811723572.1732756300,5133751.2811723572,2024-11-28 01:15:32.291111,2024-11-28,desktop,United States,(direct),(none),(direct),Direct,175.21,175.21,3.0,2,2,['Accessories' 'Apparel'],1,True,,58.4,1,Thursday,234
T0003501,5645826.5669619062.1732440602,5645826.5669619062,2024-11-24 09:29:21.653890,2024-11-24,desktop,India,(direct),(none),(direct),Direct,175.05,175.05,3.0,3,3,['Accessories' 'Apparel' 'Lifestyle'],1,True,,58.35,9,Sunday,235
T0002309,6734275.6496439135.1730367424,6734275.6496439135,2024-10-31 09:44:44.994289,2024-10-31,mobile,United States,google,cpc,shopping_feed,Paid,174.33,174.33,3.0,2,2,['Accessories' 'Apparel'],2,False,3,58.11,9,Thursday,236
T0003095,1469354.6492308819.1731712955,1469354.6492308819,2024-11-15 23:53:04.846035,2024-11-15,mobile,United States,(direct),(none),(direct),Direct,173.96,173.96,4.0,3,3,['Accessories' 'Lifestyle' 'Stationery'],1,True,,43.49,23,Friday,237
T0001095,3419797.7776952852.1728017512,3419797.7776952852,2024-10-04 04:54:44.545229,2024-10-04,desktop,India,google,cpc,brand_search,Paid,173.43,173.43,3.0,2,2,['Apparel' 'Drinkware'],1,True,,57.81,4,Friday,238
T0003917,9646289.7736690960.1732723851,9646289.7736690960,2024-11-27 16:07:28.980169,2024-11-27,desktop,United States,(direct),(none),(direct),Direct,173.38,173.38,3.0,2,2,['Apparel' 'Bags'],1,True,,57.79,16,Wednesday,239
T0000692,8772020.6982260568.1727140737,8772020.6982260568,2024-09-24 01:15:23.869129,2024-09-24,desktop,Mexico,(direct),(none),(direct),Direct,173.28,173.28,4.0,3,2,['Apparel' 'Lifestyle'],2,False,13,43.32,1,Tuesday,240
T0002156,2925594.9549362965.1730071147,2925594.9549362965,2024-10-27 23:12:16.850290,2024-10-27,mobile,Japan,facebook,paid_social,prospecting_broad,Paid,173.02,173.02,4.0,3,1,['Apparel'],1,True,,43.26,23,Sunday,241
T0004296,3255336.2781871181.1732905501,3255336.2781871181,2024-11-29 18:46:52.503166,2024-11-29,desktop,United Kingdom,google,organic,(organic),Organic Search,172.68,172.68,2.0,1,1,['Electronics'],1,True,,86.34,18,Friday,242
T0002429,8298282.6995288439.1730549555,8298282.6995288439,2024-11-02 12:17:27.954107,2024-11-02,mobile,Singapore,google,cpc,shopping_feed,Paid,172.68,172.68,2.0,1,1,['Electronics'],1,True,,86.34,12,Saturday,242
T0002996,4043362.4647919305.1731529211,4043362.4647919305,2024-11-13 20:12:24.864495,2024-11-13,mobile,United States,(direct),(none),(direct),Direct,172.46,172.46,2.0,1,1,['Lifestyle'],1,True,,86.23,20,Wednesday,243
T0003276,4786438.1317919574.1732046450,4786438.1317919574,2024-11-19 19:54:13.626133,2024-11-19,desktop,United Kingdom,(direct),(none),(direct),Direct,172.46,172.46,2.0,1,1,['Lifestyle'],1,True,,86.23,19,Tuesday,243
T0003340,4470920.1801617384.1732144125,4470920.1801617384,2024-11-20 23:11:58.110971,2024-11-20,desktop,United States,google,cpc,brand_search,Paid,172.32,172.32,4.0,3,2,['Apparel' 'Drinkware'],1,True,,43.08,23,Wednesday,244
T0003785,7358278.9209273948.1732650667,7358278.9209273948,2024-11-26 19:46:57.278313,2024-11-26,tablet,United Kingdom,(direct),(none),(direct),Direct,172.29,172.29,2.0,2,2,['Apparel' 'Bags'],1,True,,86.15,19,Tuesday,245
T0000732,9838602.8801921027.1727214698,9838602.8801921027,2024-09-24 21:53:45.234509,2024-09-24,desktop,India,(direct),(none),(direct),Direct,172.14,172.14,5.0,3,2,['Accessories' 'Apparel'],1,True,,34.43,21,Tuesday,246
T0003045,2180228.8408724963.1731631740,2180228.8408724963,2024-11-15 00:47:08.348228,2024-11-15,desktop,Germany,google,organic,(organic),Organic Search,171.86,171.86,3.0,2,2,['Apparel' 'Bags'],1,True,,57.29,0,Friday,247
T0001824,8775828.2783063035.1729527432,8775828.2783063035,2024-10-21 16:23:30.366249,2024-10-21,tablet,United States,(direct),(none),(direct),Direct,171.37,171.37,2.0,2,2,['Apparel' 'Electronics'],1,True,,85.69,16,Monday,248
T0003825,8662061.6988831982.1732662821,8662061.6988831982,2024-11-26 23:18:05.198615,2024-11-26,desktop,Canada,google,organic,(organic),Organic Search,171.08,171.08,3.0,3,2,['Apparel' 'Lifestyle'],4,False,4,57.03,23,Tuesday,249
T0003640,5768629.9590984323.1732562929,5768629.9590984323,2024-11-25 19:39:37.394892,2024-11-25,mobile,Germany,google,cpc,brand_search,Paid,171.05,171.05,3.0,2,2,['Accessories' 'Bags'],1,True,,57.02,19,Monday,250
T0001719,7603314.5901571771.1729280579,7603314.5901571771,2024-10-18 19:47:36.420537,2024-10-18,mobile,United States,google,organic,(organic),Organic Search,170.91,170.91,3.0,3,2,['Apparel' 'Bags'],1,True,,56.97,19,Friday,251
T0000039,4051528.5292105673.1725380610,4051528.5292105673,2024-09-03 16:42:49.277631,2024-09-03,mobile,United States,(direct),(none),(direct),Direct,170.56,170.56,4.0,2,2,['Apparel' 'Lifestyle'],1,True,,42.64,16,Tuesday,252
T0002371,5957245.8393761578.1730466451,5957245.8393761578,2024-11-01 13:24:02.329343,2024-11-01,desktop,United States,newsletter,email,weekly_drop,Email,170.31,170.31,3.0,2,2,['Apparel' 'Electronics'],2,False,9,56.77,13,Friday,253
T0003336,4339762.2786069211.1732140640,4339762.2786069211,2024-11-20 22:10:46.132029,2024-11-20,mobile,Brazil,newsletter,email,weekly_drop,Email,170.27,170.27,4.0,3,3,['Accessories' 'Bags' 'Drinkware'],1,True,,42.57,22,Wednesday,254
T0004088,6696683.4031876527.1732807971,6696683.4031876527,2024-11-28 15:44:52.104684,2024-11-28,desktop,Australia,google,organic,(organic),Organic Search,169.99,169.99,3.0,2,2,['Bags' 'Office'],1,True,,56.66,15,Thursday,255
T0001704,8913830.7737064972.1729267422,8913830.7737064972,2024-10-18 16:01:28.368543,2024-10-18,desktop,United States,google,cpc,shopping_feed,Paid,169.81,169.81,1.0,1,1,['Electronics'],1,True,,169.81,16,Friday,256
T0002671,2692395.3011864663.1730950806,2692395.3011864663,2024-11-07 03:54:52.111781,2024-11-07,mobile,Japan,newsletter,email,weekly_drop,Email,169.81,169.81,1.0,1,1,['Electronics'],2,False,6,169.81,3,Thursday,256
T0004175,7682937.1338345714.1732839316,7682937.1338345714,2024-11-29 00:20:50.697244,2024-11-29,mobile,United Kingdom,newsletter,email,weekly_drop,Email,169.62,169.62,2.0,2,2,['Electronics' 'Lifestyle'],1,True,,84.81,0,Friday,257
T0003043,1113152.7331167510.1731622768,1113152.7331167510,2024-11-14 22:26:57.301597,2024-11-14,desktop,France,newsletter,email,weekly_drop,Email,169.08,169.08,4.0,3,3,['Accessories' 'Apparel' 'Electronics'],1,True,,42.27,22,Thursday,258
T0004269,5455404.6935395200.1732892070,5455404.6935395200,2024-11-29 15:03:41.455490,2024-11-29,mobile,United Kingdom,google,cpc,brand_search,Paid,168.97,168.97,3.0,2,2,['Apparel' 'Office'],2,False,3,56.32,15,Friday,259
T0000827,1345051.5531532685.1727438878,1345051.5531532685,2024-09-27 12:12:22.864246,2024-09-27,desktop,United States,(direct),(none),(direct),Direct,168.79,168.79,4.0,3,3,['Accessories' 'Apparel' 'Lifestyle'],1,True,,42.2,12,Friday,260
T0001894,9377882.8427779323.1729628450,9377882.8427779323,2024-10-22 20:20:24.868286,2024-10-22,desktop,United Kingdom,google,organic,(organic),Organic Search,168.78,168.78,3.0,2,2,['Accessories' 'Electronics'],1,True,,56.26,20,Tuesday,261
T0002414,5579411.7502388868.1730526535,5579411.7502388868,2024-11-02 06:12:02.994076,2024-11-02,mobile,United States,google,organic,(organic),Organic Search,168.72,168.72,4.0,3,3,['Bags' 'Drinkware' 'Office'],1,True,,42.18,6,Saturday,262
T0003162,7618948.4691325536.1731846599,7618948.4691325536,2024-11-17 12:33:25.309575,2024-11-17,mobile,United Kingdom,google,cpc,shopping_feed,Paid,168.71,168.71,3.0,2,2,['Apparel' 'Bags'],1,True,,56.24,12,Sunday,263
T0000050,2053058.9832463507.1725435109,2053058.9832463507,2024-09-04 07:30:10.699119,2024-09-04,desktop,United States,google,organic,(organic),Organic Search,168.55,168.55,3.0,2,2,['Apparel' 'Electronics'],1,True,,56.18,7,Wednesday,264
T0001200,7890248.3541752054.1728251491,7890248.3541752054,2024-10-06 21:54:50.642192,2024-10-06,mobile,United Kingdom,(direct),(none),(direct),Direct,167.88,167.88,4.0,2,1,['Apparel'],1,True,,41.97,21,Sunday,265
T0002957,8551989.8164702141.1731454485,8551989.8164702141,2024-11-12 23:45:02.055922,2024-11-12,desktop,India,google,cpc,shopping_feed,Paid,167.76,167.76,4.0,3,3,['Accessories' 'Apparel' 'Bags'],1,True,,41.94,23,Tuesday,266
T0003438,8635579.9031182093.1732310302,8635579.9031182093,2024-11-22 21:23:10.056271,2024-11-22,mobile,United States,youtube.com,referral,(referral),Referral,166.99,166.99,4.0,3,2,['Apparel' 'Bags'],1,True,,41.75,21,Friday,267
T0002394,9842580.5622795989.1730493215,9842580.5622795989,2024-11-01 20:39:57.046758,2024-11-01,desktop,Japan,google,cpc,shopping_feed,Paid,166.83,166.83,3.0,2,2,['Electronics' 'Office'],1,True,,55.61,20,Friday,268
T0004225,9815809.8954567602.1732874135,9815809.8954567602,2024-11-29 09:55:25.292701,2024-11-29,tablet,United States,google,cpc,shopping_feed,Paid,166.67,166.67,3.0,2,2,['Apparel' 'Drinkware'],1,True,,55.56,9,Friday,269
T0003743,3910306.5110221936.1732627378,3910306.5110221936,2024-11-26 13:28:12.842385,2024-11-26,desktop,United States,(direct),(none),(direct),Direct,166.56,166.56,2.0,1,1,['Lifestyle'],1,True,,83.28,13,Tuesday,270
T0003944,4084098.2981057564.1732737159,4084098.2981057564,2024-11-27 19:45:09.901034,2024-11-27,tablet,Canada,youtube.com,referral,(referral),Referral,166.56,166.56,2.0,1,1,['Lifestyle'],1,True,,83.28,19,Wednesday,270
T0000588,3286007.6230146672.1726922436,3286007.6230146672,2024-09-21 12:35:00.778676,2024-09-21,desktop,Brazil,google,organic,(organic),Organic Search,166.22,166.22,3.0,3,2,['Apparel' 'Lifestyle'],1,True,,55.41,12,Saturday,271
T0001839,5979122.5114935621.1729542932,5979122.5114935621,2024-10-21 20:30:30.827226,2024-10-21,mobile,Germany,google,cpc,brand_search,Paid,165.97,165.97,3.0,3,2,['Bags' 'Drinkware'],1,True,,55.32,20,Monday,272
T0003894,6091209.5818114661.1732712918,6091209.5818114661,2024-11-27 13:14:14.987698,2024-11-27,mobile,India,(direct),(none),(direct),Direct,165.68,165.68,4.0,2,2,['Apparel' 'Drinkware'],2,False,1,41.42,13,Wednesday,273
T0003533,4286108.8843158148.1732479408,4286108.8843158148,2024-11-24 20:17:33.208025,2024-11-24,tablet,Brazil,(direct),(none),(direct),Direct,165.68,165.68,3.0,2,2,['Accessories' 'Bags'],1,True,,55.23,20,Sunday,273
T0003166,5760164.5166552381.1731853990,5760164.5166552381,2024-11-17 14:31:16.282009,2024-11-17,desktop,Canada,(direct),(none),(direct),Direct,165.52,165.52,3.0,3,2,['Apparel' 'Lifestyle'],1,True,,55.17,14,Sunday,274
T0003593,8451395.7465710706.1732535859,8451395.7465710706,2024-11-25 12:03:57.819503,2024-11-25,mobile,India,google,cpc,shopping_feed,Paid,165.25,165.25,4.0,3,1,['Apparel'],1,True,,41.31,12,Monday,275
T0003386,1420481.7075360223.1732224127,1420481.7075360223,2024-11-21 21:47:57.605364,2024-11-21,desktop,India,partners,affiliate,coupon_partners,Affiliate,164.59,164.59,4.0,3,3,['Accessories' 'Bags' 'Office'],1,True,,41.15,21,Thursday,276
T0002275,3987239.7646401217.1730308649,3987239.7646401217,2024-10-30 17:10:51.465797,2024-10-30,mobile,India,facebook,paid_social,prospecting_broad,Paid,164.21,164.21,3.0,3,3,['Apparel' 'Bags' 'Drinkware'],1,True,,54.74,17,Wednesday,277
T0000064,3050683.6443031598.1725479186,3050683.6443031598,2024-09-04 19:55:41.353623,2024-09-04,desktop,United States,(direct),(none),(direct),Direct,164.12,164.12,2.0,2,2,['Bags' 'Electronics'],1,True,,82.06,19,Wednesday,278
T0004387,7575215.5623709783.1732963222,7575215.5623709783,2024-11-30 10:45:19.366061,2024-11-30,desktop,Canada,google,cpc,brand_search,Paid,164.08,164.08,4.0,3,2,['Apparel' 'Drinkware'],1,True,,41.02,10,Saturday,279
T0001364,5409973.6680315959.1728612260,5409973.6680315959,2024-10-11 02:18:04.935861,2024-10-11,desktop,United Kingdom,google,organic,(organic),Organic Search,163.73,163.73,3.0,2,2,['Apparel' 'Bags'],1,True,,54.58,2,Friday,280
T0000363,6732919.6106180630.1726401774,6732919.6106180630,2024-09-15 12:10:52.487744,2024-09-15,desktop,United States,(direct),(none),(direct),Direct,163.5,163.5,2.0,2,2,['Apparel' 'Bags'],1,True,,81.75,12,Sunday,281
T0004260,4125229.4622499985.1732888777,4125229.4622499985,2024-11-29 14:01:32.219728,2024-11-29,desktop,United Kingdom,google,organic,(organic),Organic Search,163.34,163.34,2.0,2,2,['Apparel' 'Electronics'],2,False,2,81.67,14,Friday,282
T0004123,6559078.8049376689.1732821319,6559078.8049376689,2024-11-28 19:19:20.031156,2024-11-28,mobile,United States,(direct),(none),(direct),Direct,163.32,163.32,3.0,3,3,['Bags' 'Drinkware' 'Lifestyle'],1,True,,54.44,19,Thursday,283
T0001365,4558511.7474448186.1728616527,4558511.7474448186,2024-10-11 03:16:57.510680,2024-10-11,desktop,United States,partners,affiliate,coupon_partners,Affiliate,163.25,163.25,5.0,3,3,['Apparel' 'Office' 'Stationery'],1,True,,32.65,3,Friday,284
T0002778,9142417.5675776227.1731152827,9142417.5675776227,2024-11-09 11:50:13.416872,2024-11-09,desktop,India,google,organic,(organic),Organic Search,163.08,163.08,5.0,3,3,['Accessories' 'Apparel' 'Office'],1,True,,32.62,11,Saturday,285
T0000599,2352248.5350941942.1726937302,2352248.5350941942,2024-09-21 16:56:02.081960,2024-09-21,desktop,Netherlands,google,organic,(organic),Organic Search,162.75,162.75,3.0,3,2,['Apparel' 'Office'],2,False,14,54.25,16,Saturday,286
T0001016,1424879.3307111044.1727811099,1424879.3307111044,2024-10-01 19:37:19.120671,2024-10-01,mobile,India,google,cpc,shopping_feed,Paid,162.66,162.66,2.0,1,1,['Lifestyle'],1,True,,81.33,19,Tuesday,287
T0001546,4544301.9022322243.1728980467,4544301.9022322243,2024-10-15 08:13:15.929144,2024-10-15,desktop,United Kingdom,youtube.com,referral,(referral),Referral,162.14,162.14,4.0,3,2,['Accessories' 'Apparel'],1,True,,40.53,8,Tuesday,288
T0001167,2923586.4707202355.1728184857,2923586.4707202355,2024-10-06 03:25:22.955040,2024-10-06,desktop,United States,(direct),(none),(direct),Direct,161.6,161.6,3.0,3,3,['Accessories' 'Apparel' 'Bags'],1,True,,53.87,3,Sunday,289
T0000005,3614512.4887840591.1725221360,3614512.4887840591,2024-09-01 20:21:10.518536,2024-09-01,mobile,United States,google,organic,(organic),Organic Search,161.27,161.27,3.0,2,2,['Accessories' 'Apparel'],1,True,,53.76,20,Sunday,290
T0003774,3891468.5449243865.1732643431,3891468.5449243865,2024-11-26 17:56:53.449715,2024-11-26,desktop,United States,google,organic,(organic),Organic Search,161.07,161.07,2.0,2,1,['Bags'],1,True,,80.54,17,Tuesday,291
T0004183,5247430.5648579197.1732844927,5247430.5648579197,2024-11-29 02:00:48.964762,2024-11-29,desktop,United States,youtube.com,referral,(referral),Referral,160.84,160.84,5.0,2,2,['Bags' 'Stationery'],1,True,,32.17,2,Friday,292
T0004442,9563221.3490119742.1732987621,9563221.3490119742,2024-11-30 17:55:37.809612,2024-11-30,desktop,Canada,google,organic,(organic),Organic Search,160.82,160.82,3.0,3,1,['Apparel'],1,True,,53.61,17,Saturday,293
T0003185,9740743.7909109767.1731879155,9740743.7909109767,2024-11-17 21:45:27.419241,2024-11-17,desktop,United States,google,organic,(organic),Organic Search,160.53,160.53,4.0,3,2,['Apparel' 'Office'],1,True,,40.13,21,Sunday,294
T0003496,2907153.3595290494.1732418769,2907153.3595290494,2024-11-24 03:19:07.051774,2024-11-24,desktop,United States,google,organic,(organic),Organic Search,160.18,160.18,2.0,2,2,['Apparel' 'Electronics'],1,True,,80.09,3,Sunday,295
T0000052,5378407.3383643529.1725440300,5378407.3383643529,2024-09-04 08:58:45.543895,2024-09-04,mobile,Singapore,google,organic,(organic),Organic Search,159.99,159.99,3.0,3,2,['Apparel' 'Lifestyle'],1,True,,53.33,8,Wednesday,296
T0001880,2800972.4407377912.1729613388,2800972.4407377912,2024-10-22 16:07:33.523918,2024-10-22,desktop,Germany,facebook,paid_social,prospecting_broad,Paid,159.94,159.94,3.0,2,1,['Apparel'],1,True,,53.31,16,Tuesday,297
T0000562,9570322.5632485202.1726849388,9570322.5632485202,2024-09-20 16:17:59.406890,2024-09-20,desktop,United States,(direct),(none),(direct),Direct,159.67,159.67,3.0,3,3,['Apparel' 'Drinkware' 'Lifestyle'],1,True,,53.22,16,Friday,298
T0002583,7141164.8438702200.1730812569,7141164.8438702200,2024-11-05 13:14:43.817936,2024-11-05,desktop,United Kingdom,google,cpc,brand_search,Paid,159.6,159.6,4.0,3,3,['Accessories' 'Lifestyle' 'Stationery'],1,True,,39.9,13,Tuesday,299
T0003115,1049417.6687159997.1731767135,1049417.6687159997,2024-11-16 14:35:10.710284,2024-11-16,desktop,United States,newsletter,email,weekly_drop,Email,159.53,159.53,3.0,2,2,['Apparel' 'Lifestyle'],2,False,5,53.18,14,Saturday,300
T0003500,7352926.5272893299.1732439675,7352926.5272893299,2024-11-24 09:20:26.744715,2024-11-24,mobile,Germany,(direct),(none),(direct),Direct,159.38,159.38,5.0,3,3,['Accessories' 'Bags' 'Lifestyle'],1,True,,31.88,9,Sunday,301
T0001498,8731988.4482657263.1728905073,8731988.4482657263,2024-10-14 11:21:39.377800,2024-10-14,desktop,United Kingdom,google,organic,(organic),Organic Search,159.34,159.34,5.0,3,3,['Apparel' 'Drinkware' 'Electronics'],1,True,,31.87,11,Monday,302
T0002986,4208102.7138059106.1731514973,4208102.7138059106,2024-11-13 16:19:40.468618,2024-11-13,mobile,United States,google,organic,(organic),Organic Search,159.07,159.07,3.0,2,1,['Apparel'],1,True,,53.02,16,Wednesday,303
T0003883,2279894.5790333464.1732707324,2279894.5790333464,2024-11-27 11:28:42.601580,2024-11-27,tablet,United States,google,organic,(organic),Organic Search,158.72,158.72,2.0,2,2,['Accessories' 'Electronics'],1,True,,79.36,11,Wednesday,304
T0002002,8751641.6896201885.1729810778,8751641.6896201885,2024-10-24 23:06:34.169901,2024-10-24,mobile,United States,newsletter,email,weekly_drop,Email,158.56,158.56,3.0,3,2,['Accessories' 'Apparel'],1,True,,52.85,23,Thursday,305
T0004485,6838557.5585341528.1733007242,6838557.5585341528,2024-11-30 22:55:14.783314,2024-11-30,desktop,United States,newsletter,email,weekly_drop,Email,158.43,158.43,4.0,3,2,['Apparel' 'Drinkware'],1,True,,39.61,22,Saturday,306
T0001847,2496515.1791915930.1729556978,2496515.1791915930,2024-10-22 00:33:46.918343,2024-10-22,mobile,India,partners,affiliate,coupon_partners,Affiliate,157.82,157.82,4.0,3,3,['Apparel' 'Lifestyle' 'Stationery'],1,True,,39.46,0,Tuesday,307
T0003974,4405612.2505805840.1732749881,4405612.2505805840,2024-11-27 23:26:01.941192,2024-11-27,mobile,United States,youtube.com,referral,(referral),Referral,157.67,157.67,2.0,2,2,['Apparel' 'Electronics'],1,True,,78.83,23,Wednesday,308
T0001593,1182842.8337478793.1729080192,1182842.8337478793,2024-10-16 12:05:24.906330,2024-10-16,desktop,United States,google,organic,(organic),Organic Search,157.55,157.55,4.0,3,2,['Accessories' 'Apparel'],1,True,,39.39,12,Wednesday,309
T0003696,6522832.8372070244.1732598326,6522832.8372070244,2024-11-26 05:15:11.015656,2024-11-26,desktop,Brazil,(direct),(none),(direct),Direct,157.42,157.42,3.0,2,2,['Lifestyle' 'Stationery'],1,True,,52.47,5,Tuesday,310
T0003786,5548122.1034586380.1732650930,5548122.1034586380,2024-11-26 19:57:40.395836,2024-11-26,desktop,United States,google,organic,(organic),Organic Search,157.02,157.02,3.0,2,2,['Accessories' 'Bags'],1,True,,52.34,19,Tuesday,311
T0003870,8002412.7936459415.1732697659,8002412.7936459415,2024-11-27 08:52:09.354557,2024-11-27,desktop,United States,newsletter,email,weekly_drop,Email,156.97,156.97,3.0,2,2,['Apparel' 'Lifestyle'],1,True,,52.32,8,Wednesday,312
T0004171,2383559.1153505820.1732836919,2383559.1153505820,2024-11-28 23:35:52.973837,2024-11-28,tablet,United Kingdom,newsletter,email,weekly_drop,Email,156.92,156.92,5.0,3,3,['Accessories' 'Apparel' 'Lifestyle'],1,True,,31.38,23,Thursday,313
T0000787,6858149.1123844512.1727342872,6858149.1123844512,2024-09-26 09:33:23.779374,2024-09-26,desktop,United States,(direct),(none),(direct),Direct,156.91,156.91,3.0,3,3,['Bags' 'Drinkware' 'Lifestyle'],1,True,,52.3,9,Thursday,314
T0002464,6777450.8117822369.1730605535,6777450.8117822369,2024-11-03 03:58:15.364819,2024-11-03,desktop,United States,google,organic,(organic),Organic Search,156.72,156.72,2.0,2,2,['Electronics' 'Office'],1,True,,78.36,3,Sunday,315
T0003204,5355392.3677043592.1731927678,5355392.3677043592,2024-11-18 11:10:47.001210,2024-11-18,desktop,India,(direct),(none),(direct),Direct,156.19,156.19,4.0,3,3,['Apparel' 'Bags' 'Office'],1,True,,39.05,11,Monday,316
T0001049,5258579.5898897385.1727896933,5258579.5898897385,2024-10-02 19:22:09.505369,2024-10-02,mobile,Australia,google,organic,(organic),Organic Search,156.03,156.03,3.0,3,2,['Apparel' 'Bags'],1,True,,52.01,19,Wednesday,317
T0001338,2674862.6360479916.1728549209,2674862.6360479916,2024-10-10 08:40:46.078059,2024-10-10,desktop,United States,google,organic,(organic),Organic Search,155.84,155.84,3.0,3,3,['Apparel' 'Bags' 'Drinkware'],1,True,,51.95,8,Thursday,318
T0003666,9058102.3049801143.1732574417,9058102.3049801143,2024-11-25 22:54:48.897758,2024-11-25,desktop,United States,google,organic,(organic),Organic Search,155.84,155.84,4.0,3,2,['Accessories' 'Apparel'],1,True,,38.96,22,Monday,318
T0001659,1918915.7037759054.1729184921,1918915.7037759054,2024-10-17 17:10:01.068983,2024-10-17,desktop,United States,google,organic,(organic),Organic Search,155.74,155.74,3.0,2,2,['Accessories' 'Apparel'],1,True,,51.91,17,Thursday,319
T0003752,1562418.1243839764.1732631465,1562418.1243839764,2024-11-26 14:39:11.463329,2024-11-26,mobile,France,google,cpc,shopping_feed,Paid,155.72,155.72,2.0,2,2,['Apparel' 'Bags'],2,False,10,77.86,14,Tuesday,320
T0003311,6188052.1489509114.1732109958,6188052.1489509114,2024-11-20 13:45:13.633181,2024-11-20,mobile,India,google,cpc,shopping_feed,Paid,155.56,155.56,2.0,1,1,['Bags'],1,True,,77.78,13,Wednesday,321
T0004119,2036506.4663318583.1732819863,2036506.4663318583,2024-11-28 18:53:37.450693,2024-11-28,desktop,United States,google,organic,(organic),Organic Search,155.51,155.51,3.0,2,2,['Accessories' 'Lifestyle'],1,True,,51.84,18,Thursday,322
T0002979,2628781.3931122237.1731502955,2628781.3931122237,2024-11-13 12:53:01.574959,2024-11-13,desktop,Germany,(direct),(none),(direct),Direct,155.11,155.11,2.0,2,2,['Apparel' 'Bags'],1,True,,77.56,12,Wednesday,323
T0003087,6053454.1726301916.1731706412,6053454.1726301916,2024-11-15 21:32:35.860607,2024-11-15,mobile,United States,(direct),(none),(direct),Direct,154.92,154.92,2.0,2,2,['Apparel' 'Lifestyle'],1,True,,77.46,21,Friday,324
T0001693,4737721.8347711484.1729256190,4737721.8347711484,2024-10-18 12:59:45.696984,2024-10-18,desktop,Netherlands,newsletter,email,weekly_drop,Email,154.82,154.82,3.0,2,2,['Bags' 'Drinkware'],1,True,,51.61,12,Friday,325
T0001069,5301274.4784813411.1727962235,5301274.4784813411,2024-10-03 13:25:31.797954,2024-10-03,desktop,United States,facebook,paid_social,prospecting_broad,Paid,154.78,154.78,5.0,3,3,['Accessories' 'Apparel' 'Office'],1,True,,30.96,13,Thursday,326
T0000160,7538356.3460085603.1725837256,7538356.3460085603,2024-09-08 23:23:20.797469,2024-09-08,desktop,United States,(direct),(none),(direct),Direct,154.54,154.54,6.0,3,2,['Accessories' 'Apparel'],1,True,,25.76,23,Sunday,327
T0002933,4666656.6787123627.1731410862,4666656.6787123627,2024-11-12 11:35:54.233568,2024-11-12,mobile,United States,(direct),(none),(direct),Direct,154.49,154.49,3.0,2,2,['Bags' 'Drinkware'],2,False,4,51.5,11,Tuesday,328
T0004481,8286898.4874743807.1733005198,8286898.4874743807,2024-11-30 22:30:18.879393,2024-11-30,mobile,United States,google,organic,(organic),Organic Search,153.86,153.86,4.0,3,2,['Bags' 'Office'],1,True,,38.47,22,Saturday,329
T0000417,8394870.8005281518.1726506723,8394870.8005281518,2024-09-16 17:42:39.782820,2024-09-16,tablet,Singapore,google,cpc,brand_search,Paid,153.49,153.49,4.0,3,2,['Apparel' 'Lifestyle'],1,True,,38.37,17,Monday,330
T0004312,4457418.9863619117.1732910301,4457418.9863619117,2024-11-29 20:04:35.369175,2024-11-29,tablet,Canada,youtube.com,referral,(referral),Referral,153.44,153.44,5.0,2,2,['Accessories' 'Bags'],1,True,,30.69,20,Friday,331
T0001172,3917462.5898803613.1728191898,3917462.5898803613,2024-10-06 05:33:36.160676,2024-10-06,mobile,United States,(direct),(none),(direct),Direct,153.25,153.25,3.0,2,1,['Apparel'],1,True,,51.08,5,Sunday,332
T0003089,3477026.1834410249.1731707200,3477026.1834410249,2024-11-15 21:43:22.486756,2024-11-15,desktop,United States,(direct),(none),(direct),Direct,152.98,152.98,4.0,2,2,['Accessories' 'Bags'],1,True,,38.24,21,Friday,333
T0002193,9302531.4414095727.1730150709,9302531.4414095727,2024-10-28 21:21:02.799765,2024-10-28,desktop,Canada,(direct),(none),(direct),Direct,152.89,152.89,2.0,2,2,['Apparel' 'Lifestyle'],1,True,,76.44,21,Monday,334
T0002923,9521233.6527497252.1731393533,9521233.6527497252,2024-11-12 06:44:08.071536,2024-11-12,mobile,France,newsletter,email,weekly_drop,Email,152.85,152.85,3.0,2,2,['Accessories' 'Apparel'],1,True,,50.95,6,Tuesday,335
T0001629,2442302.6312118814.1729121843,2442302.6312118814,2024-10-16 23:46:58.215334,2024-10-16,desktop,United States,(direct),(none),(direct),Direct,152.48,152.48,3.0,3,2,['Apparel' 'Bags'],1,True,,50.83,23,Wednesday,336
T0004253,4403720.1855076080.1732885464,4403720.1855076080,2024-11-29 13:04:04.967300,2024-11-29,desktop,Germany,google,cpc,brand_search,Paid,152.48,152.48,3.0,3,2,['Accessories' 'Apparel'],1,True,,50.83,13,Friday,336
T0001107,5930131.3873237471.1728054315,5930131.3873237471,2024-10-04 15:07:03.276617,2024-10-04,mobile,Canada,(direct),(none),(direct),Direct,151.99,151.99,4.0,3,2,['Accessories' 'Apparel'],1,True,,38.0,15,Friday,337
T0004398,9793453.9111141661.1732969571,9793453.9111141661,2024-11-30 12:23:45.934496,2024-11-30,desktop,United States,google,organic,(organic),Organic Search,151.93,151.93,3.0,2,2,['Accessories' 'Apparel'],1,True,,50.64,12,Saturday,338
T0002084,6594022.2506973654.1729964620,6594022.2506973654,2024-10-26 17:58:41.103146,2024-10-26,mobile,Canada,google,organic,(organic),Organic Search,151.93,151.93,3.0,2,2,['Accessories' 'Apparel'],1,True,,50.64,17,Saturday,338
T0003754,4166057.8803660082.1732633217,4166057.8803660082,2024-11-26 14:59:17.831829,2024-11-26,mobile,Canada,(direct),(none),(direct),Direct,151.7,151.7,2.0,2,2,['Apparel' 'Bags'],1,True,,75.85,14,Tuesday,339
T0003699,3289069.7600242090.1732605585,3289069.7600242090,2024-11-26 07:17:27.797765,2024-11-26,desktop,United States,(direct),(none),(direct),Direct,151.58,151.58,4.0,3,2,['Accessories' 'Bags'],1,True,,37.9,7,Tuesday,340
T0001454,9493474.6172595449.1728815976,9493474.6172595449,2024-10-13 10:46:58.261313,2024-10-13,mobile,Singapore,google,organic,(organic),Organic Search,151.06,151.06,4.0,3,3,['Accessories' 'Apparel' 'Lifestyle'],3,False,12,37.77,10,Sunday,341
T0004234,7628124.1022439781.1732878017,7628124.1022439781,2024-11-29 10:55:56.665563,2024-11-29,desktop,France,google,cpc,shopping_feed,Paid,151.05,151.05,2.0,2,2,['Apparel' 'Lifestyle'],1,True,,75.53,10,Friday,342
T0000630,4098964.7401447469.1727008460,4098964.7401447469,2024-09-22 12:36:35.195338,2024-09-22,mobile,Singapore,google,organic,(organic),Organic Search,150.93,150.93,3.0,2,2,['Apparel' 'Office'],1,True,,50.31,12,Sunday,343
T0001318,6985182.2955284054.1728499721,6985182.2955284054,2024-10-09 18:52:38.895556,2024-10-09,desktop,United Kingdom,google,cpc,shopping_feed,Paid,150.71,150.71,4.0,3,3,['Accessories' 'Bags' 'Headgear'],1,True,,37.68,18,Wednesday,344
T0002541,6050931.9868909507.1730725098,6050931.9868909507,2024-11-04 12:57:24.670405,2024-11-04,desktop,India,google,cpc,brand_search,Paid,150.54,150.54,2.0,2,2,['Apparel' 'Electronics'],1,True,,75.27,12,Monday,345
T0001226,3913708.5468579316.1728325189,3913708.5468579316,2024-10-07 18:36:06.191328,2024-10-07,desktop,United States,(direct),(none),(direct),Direct,150.44,150.44,2.0,1,1,['Bags'],1,True,,75.22,18,Monday,346
T0003851,3248905.4753514142.1732681379,3248905.4753514142,2024-11-27 04:25:17.193726,2024-11-27,mobile,United States,google,cpc,brand_search,Paid,150.15,150.15,3.0,2,2,['Apparel' 'Drinkware'],1,True,,50.05,4,Wednesday,347
T0002143,2192967.2471577880.1730055617,2192967.2471577880,2024-10-27 19:07:49.230694,2024-10-27,mobile,France,(direct),(none),(direct),Direct,150.15,150.15,3.0,2,2,['Apparel' 'Drinkware'],1,True,,50.05,19,Sunday,347
T0004128,9868567.8165619032.1732821902,9868567.8165619032,2024-11-28 19:32:54.357363,2024-11-28,mobile,Netherlands,newsletter,email,weekly_drop,Email,149.97,149.97,4.0,3,3,['Apparel' 'Electronics' 'Lifestyle'],1,True,,37.49,19,Thursday,348
T0004035,3145733.5577773051.1732791388,3145733.5577773051,2024-11-28 10:58:33.429762,2024-11-28,desktop,United Kingdom,(direct),(none),(direct),Direct,149.6,149.6,2.0,2,2,['Electronics' 'Lifestyle'],1,True,,74.8,10,Thursday,349
T0000721,8887955.2809103076.1727198939,8887955.2809103076,2024-09-24 17:29:49.382940,2024-09-24,desktop,India,(direct),(none),(direct),Direct,149.55,149.55,3.0,2,2,['Accessories' 'Apparel'],1,True,,49.85,17,Tuesday,350
T0003381,5173615.8924177339.1732220138,5173615.8924177339,2024-11-21 20:22:13.591185,2024-11-21,desktop,United States,(direct),(none),(direct),Direct,149.41,149.41,3.0,2,2,['Accessories' 'Apparel'],1,True,,49.8,20,Thursday,351
T0001128,3535493.8308483877.1728098684,3535493.8308483877,2024-10-05 03:21:46.834481,2024-10-05,tablet,Germany,newsletter,email,weekly_drop,Email,149.02,149.02,4.0,3,2,['Apparel' 'Office'],1,True,,37.26,3,Saturday,352
T0002910,5174564.8142750930.1731360996,5174564.8142750930,2024-11-11 21:38:07.336627,2024-11-11,desktop,Canada,google,cpc,shopping_feed,Paid,149.0,149.0,3.0,2,1,['Apparel'],1,True,,49.67,21,Monday,353
T0000637,3697044.4932971674.1727017052,3697044.4932971674,2024-09-22 15:04:59.702702,2024-09-22,tablet,United States,(direct),(none),(direct),Direct,148.61,148.61,2.0,2,2,['Apparel' 'Lifestyle'],1,True,,74.31,15,Sunday,354
T0003896,2313668.9231496384.1732713699,2313668.9231496384,2024-11-27 13:27:55.518568,2024-11-27,desktop,Brazil,(direct),(none),(direct),Direct,148.44,148.44,4.0,3,2,['Accessories' 'Apparel'],1,True,,37.11,13,Wednesday,355
T0000728,8812513.2996934332.1727210154,8812513.2996934332,2024-09-24 20:38:59.060086,2024-09-24,desktop,France,google,cpc,shopping_feed,Paid,148.05,148.05,4.0,2,2,['Accessories' 'Lifestyle'],1,True,,37.01,20,Tuesday,356
T0001961,8708088.6312297792.1729727319,8708088.6312297792,2024-10-23 23:53:51.599885,2024-10-23,desktop,United States,(direct),(none),(direct),Direct,147.91,147.91,3.0,3,3,['Accessories' 'Apparel' 'Bags'],1,True,,49.3,23,Wednesday,357
T0003609,2884967.3542451119.1732547546,2884967.3542451119,2024-11-25 15:07:44.664439,2024-11-25,mobile,Australia,(direct),(none),(direct),Direct,147.88,147.88,3.0,2,2,['Apparel' 'Bags'],1,True,,49.29,15,Monday,358
T0000157,8130152.3210246315.1725835084,8130152.3210246315,2024-09-08 22:38:50.641724,2024-09-08,desktop,United States,google,organic,(organic),Organic Search,147.67,147.67,3.0,2,2,['Accessories' 'Apparel'],1,True,,49.22,22,Sunday,359
T0000750,2754962.7752849732.1727255157,2754962.7752849732,2024-09-25 09:06:14.762020,2024-09-25,desktop,Germany,(direct),(none),(direct),Direct,147.64,147.64,3.0,3,3,['Apparel' 'Drinkware' 'Lifestyle'],1,True,,49.21,9,Wednesday,360
T0004021,6613096.1210346990.1732780964,6613096.1210346990,2024-11-28 08:02:29.064459,2024-11-28,desktop,Canada,newsletter,email,weekly_drop,Email,147.31,147.31,3.0,2,2,['Accessories' 'Apparel'],1,True,,49.1,8,Thursday,361
T0001510,1078251.5628469174.1728920985,1078251.5628469174,2024-10-14 15:41:57.321089,2024-10-14,mobile,Mexico,youtube.com,referral,(referral),Referral,147.29,147.29,2.0,2,2,['Drinkware' 'Electronics'],2,False,4,73.65,15,Monday,362
T0003308,7765017.8641038822.1732106550,7765017.8641038822,2024-11-20 12:40:23.575133,2024-11-20,desktop,India,(direct),(none),(direct),Direct,147.27,147.27,2.0,2,2,['Apparel' 'Electronics'],1,True,,73.64,12,Wednesday,363
T0003864,2890164.7429176136.1732694554,2890164.7429176136,2024-11-27 08:07:42.584490,2024-11-27,mobile,United States,facebook,paid_social,prospecting_broad,Paid,147.12,147.12,2.0,1,1,['Apparel'],1,True,,73.56,8,Wednesday,364
T0002836,1003881.7304490861.1731245594,1003881.7304490861,2024-11-10 13:31:13.748144,2024-11-10,mobile,United States,youtube.com,referral,(referral),Referral,147.12,147.12,2.0,1,1,['Apparel'],1,True,,73.56,13,Sunday,364
T0002674,2360386.7184892400.1730955248,2360386.7184892400,2024-11-07 04:47:57.657988,2024-11-07,tablet,United States,google,organic,(organic),Organic Search,147.12,147.12,2.0,1,1,['Apparel'],1,True,,73.56,4,Thursday,364
T0002528,9006630.5947260897.1730710651,9006630.5947260897,2024-11-04 08:52:44.983121,2024-11-04,desktop,Australia,(direct),(none),(direct),Direct,147.12,147.12,2.0,1,1,['Apparel'],1,True,,73.56,8,Monday,364
T0003764,7550644.9777585226.1732636617,7550644.9777585226,2024-11-26 16:03:51.686832,2024-11-26,mobile,United States,google,cpc,shopping_feed,Paid,147.12,147.12,2.0,1,1,['Apparel'],1,True,,73.56,16,Tuesday,364
T0004055,4967212.9078058639.1732798321,4967212.9078058639,2024-11-28 12:57:26.920564,2024-11-28,desktop,United States,(direct),(none),(direct),Direct,146.97,146.97,2.0,2,2,['Bags' 'Electronics'],1,True,,73.49,12,Thursday,365
T0003278,2198949.2518786388.1732048349,2198949.2518786388,2024-11-19 20:30:10.136893,2024-11-19,desktop,Germany,google,organic,(organic),Organic Search,146.96,146.96,2.0,2,2,['Apparel' 'Lifestyle'],1,True,,73.48,20,Tuesday,366
T0004261,8624573.3864318203.1732888956,8624573.3864318203,2024-11-29 14:04:50.189721,2024-11-29,mobile,United States,(direct),(none),(direct),Direct,146.94,146.94,2.0,2,2,['Electronics' 'Stationery'],1,True,,73.47,14,Friday,367
T0002661,7030901.5454598929.1730926457,7030901.5454598929,2024-11-06 20:47:46.317349,2024-11-06,mobile,Germany,google,organic,(organic),Organic Search,146.89,146.89,3.0,3,3,['Accessories' 'Apparel' 'Lifestyle'],1,True,,48.96,20,Wednesday,368
T0000185,7910363.2172738735.1725918475,7910363.2172738735,2024-09-09 21:54:50.566595,2024-09-09,mobile,United States,newsletter,email,weekly_drop,Email,146.84,146.84,3.0,3,2,['Lifestyle' 'Office'],1,True,,48.95,21,Monday,369
T0002246,6128876.4046350580.1730242687,6128876.4046350580,2024-10-29 22:56:01.064524,2024-10-29,tablet,United States,google,organic,(organic),Organic Search,146.54,146.54,2.0,1,1,['Apparel'],1,True,,73.27,22,Tuesday,370
T0003986,9641776.5382236444.1732754409,9641776.5382236444,2024-11-28 00:52:49.967427,2024-11-28,tablet,United Kingdom,google,organic,(organic),Organic Search,146.43,146.43,4.0,3,2,['Accessories' 'Apparel'],1,True,,36.61,0,Thursday,371
T0003765,3216084.4647068316.1732637707,3216084.4647068316,2024-11-26 16:21:36.996091,2024-11-26,mobile,United Kingdom,(direct),(none),(direct),Direct,146.31,146.31,3.0,2,2,['Accessories' 'Bags'],1,True,,48.77,16,Tuesday,372
T0001772,8049814.9873712501.1729380763,8049814.9873712501,2024-10-19 23:38:05.652995,2024-10-19,desktop,United States,(direct),(none),(direct),Direct,146.31,146.31,3.0,2,2,['Accessories' 'Bags'],1,True,,48.77,23,Saturday,372
T0004437,5825091.6381545515.1732985934,5825091.6381545515,2024-11-30 16:58:32.341947,2024-11-30,mobile,Australia,google,organic,(organic),Organic Search,146.23,146.23,5.0,3,3,['Accessories' 'Apparel' 'Headgear'],2,False,21,29.25,16,Saturday,373
T0001551,5455202.3971957788.1728989656,5455202.3971957788,2024-10-15 10:47:16.485574,2024-10-15,desktop,United States,(direct),(none),(direct),Direct,146.19,146.19,4.0,2,2,['Accessories' 'Apparel'],1,True,,36.55,10,Tuesday,374
T0000581,6138834.6039830018.1726908946,6138834.6039830018,2024-09-21 09:07:34.993984,2024-09-21,desktop,Netherlands,(direct),(none),(direct),Direct,146.15,146.15,5.0,3,2,['Accessories' 'Apparel'],1,True,,29.23,9,Saturday,375
T0003075,6300723.2964823280.1731692399,6300723.2964823280,2024-11-15 17:44:40.241303,2024-11-15,desktop,United States,google,cpc,brand_search,Paid,145.72,145.72,3.0,3,2,['Apparel' 'Lifestyle'],1,True,,48.57,17,Friday,376
T0003228,4782841.6549839140.1731961709,4782841.6549839140,2024-11-18 20:26:08.941962,2024-11-18,mobile,United States,(direct),(none),(direct),Direct,145.61,145.61,3.0,2,2,['Accessories' 'Bags'],1,True,,48.54,20,Monday,377
T0002904,6908237.2345866344.1731354269,6908237.2345866344,2024-11-11 19:54:03.552983,2024-11-11,desktop,United States,google,cpc,shopping_feed,Paid,145.4,145.4,3.0,3,3,['Apparel' 'Headgear' 'Lifestyle'],1,True,,48.47,19,Monday,378
T0000624,9195877.7672635187.1726983023,9195877.7672635187,2024-09-22 05:36:31.422175,2024-09-22,mobile,Japan,google,organic,(organic),Organic Search,145.4,145.4,3.0,2,1,['Apparel'],1,True,,48.47,5,Sunday,378
T0000432,5813072.5931700697.1726543452,5813072.5931700697,2024-09-17 03:30:26.653699,2024-09-17,mobile,Japan,(direct),(none),(direct),Direct,145.37,145.37,3.0,3,2,['Apparel' 'Electronics'],1,True,,48.46,3,Tuesday,379
T0004223,4077797.5831360353.1732873081,4077797.5831360353,2024-11-29 09:39:15.465163,2024-11-29,desktop,United States,google,cpc,brand_search,Paid,145.16,145.16,3.0,2,2,['Apparel' 'Electronics'],1,True,,48.39,9,Friday,380
T0000759,2112605.7495428055.1727270310,2112605.7495428055,2024-09-25 13:08:49.957675,2024-09-25,desktop,Germany,(direct),(none),(direct),Direct,145.12,145.12,3.0,2,2,['Bags' 'Drinkware'],1,True,,48.37,13,Wednesday,381
T0004056,8157823.7822694715.1732798887,8157823.7822694715,2024-11-28 12:59:27.134051,2024-11-28,mobile,Japan,google,organic,(organic),Organic Search,145.05,145.05,3.0,2,1,['Apparel'],1,True,,48.35,12,Thursday,382
T0002028,9344458.5239633414.1729862269,9344458.5239633414,2024-10-25 13:14:25.695934,2024-10-25,mobile,United States,google,cpc,brand_search,Paid,145.05,145.05,3.0,3,2,['Apparel' 'Stationery'],3,False,6,48.35,13,Friday,382
T0004433,6725729.8149417801.1732984738,6725729.8149417801,2024-11-30 16:39:46.247654,2024-11-30,desktop,United States,google,cpc,shopping_feed,Paid,144.99,144.99,3.0,3,3,['Accessories' 'Bags' 'Drinkware'],1,True,,48.33,16,Saturday,383
T0003510,6279287.4165570696.1732454626,6279287.4165570696,2024-11-24 13:29:20.060654,2024-11-24,desktop,United States,google,cpc,shopping_feed,Paid,144.96,144.96,3.0,2,2,['Accessories' 'Bags'],1,True,,48.32,13,Sunday,384
T0003366,3649792.2034961411.1732201576,3649792.2034961411,2024-11-21 15:07:34.094211,2024-11-21,desktop,Australia,facebook,paid_social,prospecting_broad,Paid,144.87,144.87,3.0,3,3,['Bags' 'Drinkware' 'Office'],1,True,,48.29,15,Thursday,385
T0002926,9600278.3026593222.1731398524,9600278.3026593222,2024-11-12 07:59:23.601995,2024-11-12,desktop,Canada,youtube.com,referral,(referral),Referral,144.83,144.83,3.0,3,3,['Apparel' 'Lifestyle' 'Office'],1,True,,48.28,7,Tuesday,386
T0003757,2565226.3784689989.1732633788,2565226.3784689989,2024-11-26 15:17:44.177453,2024-11-26,mobile,United States,youtube.com,referral,(referral),Referral,144.74,144.74,3.0,3,3,['Accessories' 'Bags' 'Headgear'],1,True,,48.25,15,Tuesday,387
T0000545,4155177.7518015868.1726803370,4155177.7518015868,2024-09-20 03:35:55.981117,2024-09-20,mobile,United States,newsletter,email,weekly_drop,Email,144.44,144.44,2.0,2,2,['Bags' 'Drinkware'],1,True,,72.22,3,Friday,388
T0001229,8439007.5684982801.1728329997,8439007.5684982801,2024-10-07 19:38:30.075479,2024-10-07,mobile,Canada,partners,affiliate,coupon_partners,Affiliate,144.07,144.07,3.0,3,3,['Accessories' 'Apparel' 'Bags'],1,True,,48.02,19,Monday,389
T0002994,3058731.5059313896.1731524372,3058731.5059313896,2024-11-13 19:01:37.660452,2024-11-13,desktop,Australia,(direct),(none),(direct),Direct,143.96,143.96,2.0,1,1,['Bags'],1,True,,71.98,19,Wednesday,390
T0001613,6315633.1254811671.1729102707,6315633.1254811671,2024-10-16 18:14:07.692489,2024-10-16,desktop,United Kingdom,(direct),(none),(direct),Direct,143.96,143.96,2.0,1,1,['Bags'],1,True,,71.98,18,Wednesday,390
T0000169,4342418.6983952595.1725889521,4342418.6983952595,2024-09-09 13:43:29.288393,2024-09-09,desktop,United States,newsletter,email,weekly_drop,Email,143.96,143.96,2.0,1,1,['Bags'],2,False,2,71.98,13,Monday,390
T0000018,9386357.7401542915.1725243855,9386357.7401542915,2024-09-02 02:27:45.896559,2024-09-02,mobile,United States,google,cpc,brand_search,Paid,143.82,143.82,5.0,3,3,['Accessories' 'Bags' 'Stationery'],1,True,,28.76,2,Monday,391
T0004108,7637578.8891804711.1732815123,7637578.8891804711,2024-11-28 17:54:16.284770,2024-11-28,desktop,Germany,youtube.com,referral,(referral),Referral,143.76,143.76,3.0,2,2,['Accessories' 'Apparel'],1,True,,47.92,17,Thursday,392
T0003362,2144229.4810933801.1732198585,2144229.4810933801,2024-11-21 14:15:13.808252,2024-11-21,mobile,France,partners,affiliate,coupon_partners,Affiliate,143.61,143.61,3.0,2,1,['Apparel'],1,True,,47.87,14,Thursday,393
T0003081,3571295.2941345039.1731701415,3571295.2941345039,2024-11-15 20:16:45.746372,2024-11-15,desktop,United States,(direct),(none),(direct),Direct,143.59,143.59,2.0,2,2,['Bags' 'Lifestyle'],1,True,,71.8,20,Friday,394
T0000669,2700247.1070451813.1727095008,2700247.1070451813,2024-09-23 12:43:41.789584,2024-09-23,desktop,United States,newsletter,email,weekly_drop,Email,143.26,143.26,4.0,2,2,['Accessories' 'Apparel'],1,True,,35.82,12,Monday,395
T0001850,3017599.7676783379.1729576210,3017599.7676783379,2024-10-22 05:55:08.379071,2024-10-22,desktop,Germany,google,cpc,brand_search,Paid,143.05,143.05,2.0,2,2,['Apparel' 'Bags'],1,True,,71.53,5,Tuesday,396
T0003363,8585245.1612563243.1732199446,8585245.1612563243,2024-11-21 14:30:18.741368,2024-11-21,desktop,United Kingdom,partners,affiliate,coupon_partners,Affiliate,142.98,142.98,3.0,2,2,['Apparel' 'Headgear'],1,True,,47.66,14,Thursday,397
T0001669,1106315.1347788080.1729194282,1106315.1347788080,2024-10-17 19:45:49.015870,2024-10-17,mobile,Netherlands,(direct),(none),(direct),Direct,142.98,142.98,4.0,2,2,['Accessories' 'Apparel'],1,True,,35.74,19,Thursday,397
T0003723,5926313.8271371766.1732620976,5926313.8271371766,2024-11-26 11:37:40.747596,2024-11-26,tablet,United Kingdom,(direct),(none),(direct),Direct,142.87,142.87,2.0,2,2,['Accessories' 'Bags'],1,True,,71.44,11,Tuesday,398
T0001692,5366141.7399315561.1729255130,5366141.7399315561,2024-10-18 12:47:58.726857,2024-10-18,desktop,France,google,cpc,brand_search,Paid,142.73,142.73,4.0,3,2,['Accessories' 'Apparel'],1,True,,35.68,12,Friday,399
T0003788,6901545.1209400383.1732651665,6901545.1209400383,2024-11-26 20:12:11.246372,2024-11-26,desktop,United States,youtube.com,referral,(referral),Referral,142.67,142.67,3.0,2,2,['Accessories' 'Bags'],1,True,,47.56,20,Tuesday,400
T0002648,8223782.2180538850.1730911439,8223782.2180538850,2024-11-06 16:43:43.968793,2024-11-06,mobile,Australia,facebook,paid_social,prospecting_broad,Paid,142.67,142.67,3.0,2,2,['Accessories' 'Bags'],1,True,,47.56,16,Wednesday,400
T0001600,7914101.4367211965.1729086109,7914101.4367211965,2024-10-16 13:53:39.420898,2024-10-16,desktop,Japan,google,organic,(organic),Organic Search,142.53,142.53,2.0,2,2,['Apparel' 'Lifestyle'],1,True,,71.27,13,Wednesday,401
T0002897,5214360.3389410850.1731345738,5214360.3389410850,2024-11-11 17:40:35.316497,2024-11-11,mobile,United States,(direct),(none),(direct),Direct,142.46,142.46,3.0,2,2,['Apparel' 'Lifestyle'],1,True,,47.49,17,Monday,402
T0001797,9824195.1687213400.1729448536,9824195.1687213400,2024-10-20 18:33:37.953254,2024-10-20,mobile,India,google,organic,(organic),Organic Search,142.41,142.41,3.0,2,2,['Accessories' 'Lifestyle'],1,True,,47.47,18,Sunday,403
T0003478,6329146.4045905699.1732385861,6329146.4045905699,2024-11-23 18:16:41.086641,2024-11-23,desktop,Japan,google,cpc,shopping_feed,Paid,142.41,142.41,3.0,2,2,['Accessories' 'Lifestyle'],1,True,,47.47,18,Saturday,403
T0000979,1326792.7684894134.1727741383,1326792.7684894134,2024-10-01 00:20:27.949316,2024-10-01,desktop,Germany,(direct),(none),(direct),Direct,142.23,142.23,3.0,2,2,['Accessories' 'Apparel'],1,True,,47.41,0,Tuesday,404
T0001737,1680794.2333064339.1729321591,1680794.2333064339,2024-10-19 07:03:22.557887,2024-10-19,desktop,Australia,google,cpc,shopping_feed,Paid,142.11,142.11,5.0,2,2,['Drinkware' 'Office'],1,True,,28.42,7,Saturday,405
T0004267,8051048.4060550407.1732890784,8051048.4060550407,2024-11-29 14:24:40.129226,2024-11-29,desktop,United States,google,organic,(organic),Organic Search,142.04,142.04,2.0,2,2,['Bags' 'Lifestyle'],1,True,,71.02,14,Friday,406
T0000141,8415608.2069059015.1725773622,8415608.2069059015,2024-09-08 05:30:28.574448,2024-09-08,desktop,United Kingdom,(direct),(none),(direct),Direct,141.88,141.88,3.0,3,2,['Apparel' 'Bags'],1,True,,47.29,5,Sunday,407
T0000606,3023567.1981761566.1726943181,3023567.1981761566,2024-09-21 18:36:58.064012,2024-09-21,desktop,United States,google,cpc,brand_search,Paid,141.8,141.8,3.0,3,3,['Accessories' 'Apparel' 'Lifestyle'],1,True,,47.27,18,Saturday,408
T0000484,3636112.4591469949.1726684522,3636112.4591469949,2024-09-18 18:42:33.801273,2024-09-18,mobile,United States,newsletter,email,weekly_drop,Email,141.76,141.76,3.0,2,2,['Apparel' 'Office'],1,True,,47.25,18,Wednesday,409
T0004228,9316186.9903646463.1732876195,9316186.9903646463,2024-11-29 10:25:24.854888,2024-11-29,mobile,United States,google,cpc,brand_search,Paid,141.49,141.49,5.0,3,2,['Accessories' 'Apparel'],1,True,,28.3,10,Friday,410
T0002388,2640798.3259811970.1730488917,2640798.3259811970,2024-11-01 19:20:33.437610,2024-11-01,desktop,Germany,google,cpc,shopping_feed,Paid,141.43,141.43,2.0,2,2,['Bags' 'Electronics'],1,True,,70.72,19,Friday,411
T0001126,6084968.2234962206.1728082655,6084968.2234962206,2024-10-04 23:12:20.019160,2024-10-04,desktop,United States,google,organic,(organic),Organic Search,141.36,141.36,2.0,1,1,['Apparel'],1,True,,70.68,23,Friday,412
T0001666,7795928.6599924652.1729191641,7795928.6599924652,2024-10-17 19:12:28.111901,2024-10-17,mobile,United States,google,cpc,shopping_feed,Paid,141.36,141.36,2.0,1,1,['Apparel'],1,True,,70.68,19,Thursday,412
T0001124,5354993.1287600181.1728082049,5354993.1287600181,2024-10-04 23:01:54.200378,2024-10-04,desktop,Canada,google,organic,(organic),Organic Search,141.3,141.3,4.0,3,3,['Accessories' 'Apparel' 'Drinkware'],1,True,,35.33,23,Friday,413
T0000666,9201696.7766215701.1727092645,9201696.7766215701,2024-09-23 11:59:20.736255,2024-09-23,desktop,United Kingdom,google,organic,(organic),Organic Search,141.28,141.28,3.0,3,3,['Apparel' 'Drinkware' 'Lifestyle'],1,True,,47.09,11,Monday,414
T0004408,7016053.6746270940.1732971874,7016053.6746270940,2024-11-30 13:05:40.159313,2024-11-30,mobile,United States,google,cpc,brand_search,Paid,141.26,141.26,5.0,3,3,['Apparel' 'Bags' 'Drinkware'],1,True,,28.25,13,Saturday,415
T0002530,6510663.3774218687.1730712840,6510663.3774218687,2024-11-04 09:34:13.934868,2024-11-04,mobile,United States,newsletter,email,weekly_drop,Email,141.23,141.23,3.0,2,1,['Apparel'],1,True,,47.08,9,Monday,416
T0000699,8125556.5638382469.1727172406,8125556.5638382469,2024-09-24 10:19:51.000544,2024-09-24,desktop,United States,facebook,paid_social,prospecting_broad,Paid,141.19,141.19,4.0,3,2,['Accessories' 'Apparel'],1,True,,35.3,10,Tuesday,417
T0004274,3268548.4540916998.1732896009,3268548.4540916998,2024-11-29 15:56:08.919525,2024-11-29,desktop,United States,google,organic,(organic),Organic Search,141.1,141.1,2.0,2,2,['Apparel' 'Bags'],1,True,,70.55,15,Friday,418
T0001874,7438180.5199651260.1729608486,7438180.5199651260,2024-10-22 14:58:03.617238,2024-10-22,mobile,United States,google,organic,(organic),Organic Search,140.91,140.91,3.0,3,2,['Apparel' 'Bags'],1,True,,46.97,14,Tuesday,419
T0003943,4302955.8539791293.1732736206,4302955.8539791293,2024-11-27 19:42:30.840336,2024-11-27,desktop,United States,newsletter,email,weekly_drop,Email,140.89,140.89,3.0,3,3,['Accessories' 'Drinkware' 'Lifestyle'],1,True,,46.96,19,Wednesday,420
T0000964,8071856.6477519463.1727719803,8071856.6477519463,2024-09-30 18:19:31.915178,2024-09-30,desktop,United States,google,organic,(organic),Organic Search,140.48,140.48,3.0,2,2,['Apparel' 'Lifestyle'],1,True,,46.83,18,Monday,421
T0000529,4652015.2667227984.1726777131,4652015.2667227984,2024-09-19 20:20:04.170301,2024-09-19,desktop,Brazil,google,organic,(organic),Organic Search,140.34,140.34,3.0,3,3,['Accessories' 'Apparel' 'Office'],1,True,,46.78,20,Thursday,422
T0003857,8586230.4611511079.1732685054,8586230.4611511079,2024-11-27 05:16:23.136014,2024-11-27,mobile,Australia,newsletter,email,weekly_drop,Email,140.22,140.22,2.0,2,2,['Apparel' 'Lifestyle'],1,True,,70.11,5,Wednesday,423
T0003942,6477911.7182533756.1732734847,6477911.7182533756,2024-11-27 19:36:19.161987,2024-11-27,desktop,United States,google,cpc,brand_search,Paid,139.82,139.82,4.0,3,2,['Apparel' 'Lifestyle'],1,True,,34.96,19,Wednesday,424
T0001135,2869196.9259549028.1728121245,2869196.9259549028,2024-10-05 09:50:03.832463,2024-10-05,mobile,United States,google,cpc,shopping_feed,Paid,139.67,139.67,5.0,3,3,['Accessories' 'Drinkware' 'Office'],1,True,,27.93,9,Saturday,425
T0003378,1782221.4913149101.1732216427,1782221.4913149101,2024-11-21 19:12:47.027390,2024-11-21,desktop,Netherlands,(direct),(none),(direct),Direct,139.46,139.46,3.0,2,2,['Accessories' 'Lifestyle'],1,True,,46.49,19,Thursday,426
T0004244,3073734.7147873845.1732881401,3073734.7147873845,2024-11-29 12:04:16.551129,2024-11-29,desktop,Japan,newsletter,email,weekly_drop,Email,139.3,139.3,3.0,3,3,['Apparel' 'Bags' 'Lifestyle'],1,True,,46.43,12,Friday,427
T0004354,7979560.2396923398.1732927446,7979560.2396923398,2024-11-30 00:49:50.237587,2024-11-30,desktop,Germany,google,organic,(organic),Organic Search,139.28,139.28,2.0,2,2,['Bags' 'Drinkware'],1,True,,69.64,0,Saturday,428
T0004327,6714193.6855982902.1732916497,6714193.6855982902,2024-11-29 21:50:41.129461,2024-11-29,desktop,Canada,(direct),(none),(direct),Direct,139.14,139.14,4.0,3,2,['Apparel' 'Bags'],1,True,,34.78,21,Friday,429
T0004210,8385761.6938118164.1732867614,8385761.6938118164,2024-11-29 08:07:28.099988,2024-11-29,mobile,United States,google,organic,(organic),Organic Search,139.04,139.04,3.0,2,2,['Bags' 'Headgear'],1,True,,46.35,8,Friday,430
T0001909,3853852.3263367844.1729649666,3853852.3263367844,2024-10-23 02:28:53.118973,2024-10-23,desktop,United States,google,cpc,brand_search,Paid,138.98,138.98,2.0,2,2,['Electronics' 'Office'],1,True,,69.49,2,Wednesday,431
T0003205,3421554.7657024367.1731928524,3421554.7657024367,2024-11-18 11:11:42.571629,2024-11-18,mobile,Netherlands,facebook,paid_social,prospecting_broad,Paid,138.88,138.88,3.0,3,3,['Apparel' 'Bags' 'Drinkware'],1,True,,46.29,11,Monday,432
T0002239,1393470.3605828485.1730232149,1393470.3605828485,2024-10-29 20:11:38.554183,2024-10-29,desktop,United States,(direct),(none),(direct),Direct,138.79,138.79,4.0,3,3,['Accessories' 'Apparel' 'Drinkware'],1,True,,34.7,20,Tuesday,433
T0001194,5251977.9748365720.1728239585,5251977.9748365720,2024-10-06 18:36:11.900429,2024-10-06,mobile,United States,google,organic,(organic),Organic Search,138.6,138.6,4.0,3,3,['Accessories' 'Apparel' 'Lifestyle'],1,True,,34.65,18,Sunday,434
T0004492,2745775.4884281476.1733011381,2745775.4884281476,2024-12-01 00:12:46.582599,2024-12-01,mobile,Canada,google,organic,(organic),Organic Search,138.57,138.57,4.0,3,3,['Lifestyle' 'Office' 'Stationery'],2,False,33,34.64,0,Sunday,435
T0003160,4901416.7989247433.1731843379,4901416.7989247433,2024-11-17 11:55:20.620250,2024-11-17,desktop,United States,(direct),(none),(direct),Direct,138.57,138.57,3.0,3,2,['Accessories' 'Lifestyle'],3,False,2,46.19,11,Sunday,435
T0004041,8180398.9478864004.1732794069,8180398.9478864004,2024-11-28 11:42:12.028663,2024-11-28,desktop,Singapore,(direct),(none),(direct),Direct,138.22,138.22,3.0,2,2,['Apparel' 'Office'],1,True,,46.07,11,Thursday,436
T0001191,1376117.2104065245.1728230620,1376117.2104065245,2024-10-06 16:08:21.504658,2024-10-06,desktop,Netherlands,google,organic,(organic),Organic Search,137.77,137.77,4.0,3,2,['Apparel' 'Drinkware'],1,True,,34.44,16,Sunday,437
T0004154,5270637.6112751149.1732828823,5270637.6112751149,2024-11-28 21:38:55.462607,2024-11-28,mobile,United States,google,organic,(organic),Organic Search,137.42,137.42,3.0,2,2,['Accessories' 'Bags'],1,True,,45.81,21,Thursday,438
T0001945,5420307.6617573625.1729707035,5420307.6617573625,2024-10-23 18:10:48.558480,2024-10-23,desktop,United States,google,organic,(organic),Organic Search,137.38,137.38,2.0,1,1,['Apparel'],2,False,2,68.69,18,Wednesday,439
T0001559,5732683.2459450702.1729005407,5732683.2459450702,2024-10-15 15:29:05.613658,2024-10-15,mobile,United States,google,organic,(organic),Organic Search,137.38,137.38,2.0,1,1,['Apparel'],1,True,,68.69,15,Tuesday,439
T0003392,9977814.9947052222.1732246795,9977814.9947052222,2024-11-22 03:49:40.337303,2024-11-22,mobile,United States,google,organic,(organic),Organic Search,137.38,137.38,2.0,1,1,['Apparel'],1,True,,68.69,3,Friday,439
T0001511,1326293.9494334555.1728921788,1326293.9494334555,2024-10-14 16:10:46.213125,2024-10-14,mobile,United States,(direct),(none),(direct),Direct,137.38,137.38,2.0,1,1,['Apparel'],1,True,,68.69,16,Monday,439
T0001190,6231875.7726341014.1728230923,6231875.7726341014,2024-10-06 15:58:06.137860,2024-10-06,desktop,Canada,youtube.com,referral,(referral),Referral,137.14,137.14,2.0,2,2,['Apparel' 'Bags'],1,True,,68.57,15,Sunday,440
T0001566,7207652.2487483329.1729017598,7207652.2487483329,2024-10-15 18:35:36.526656,2024-10-15,desktop,India,google,organic,(organic),Organic Search,137.14,137.14,2.0,2,2,['Apparel' 'Bags'],1,True,,68.57,18,Tuesday,440
T0000829,3651967.6503501496.1727439312,3651967.6503501496,2024-09-27 12:26:53.148222,2024-09-27,desktop,United States,google,organic,(organic),Organic Search,136.88,136.88,4.0,3,3,['Accessories' 'Apparel' 'Electronics'],1,True,,34.22,12,Friday,441
T0002990,9663326.5393404534.1731520389,9663326.5393404534,2024-11-13 17:52:36.150235,2024-11-13,desktop,United States,(direct),(none),(direct),Direct,136.87,136.87,2.0,2,2,['Accessories' 'Bags'],1,True,,68.44,17,Wednesday,442
T0001064,9757494.7335137900.1727949735,9757494.7335137900,2024-10-03 10:16:33.429957,2024-10-03,mobile,Japan,(direct),(none),(direct),Direct,136.8,136.8,4.0,3,3,['Accessories' 'Bags' 'Drinkware'],2,False,14,34.2,10,Thursday,443
T0001554,9741058.8639993944.1729000683,9741058.8639993944,2024-10-15 14:01:31.969262,2024-10-15,tablet,United States,(direct),(none),(direct),Direct,136.71,136.71,2.0,2,2,['Apparel' 'Bags'],1,True,,68.36,14,Tuesday,444
T0002903,7238823.7149211005.1731354513,7238823.7149211005,2024-11-11 19:39:54.101258,2024-11-11,desktop,United States,google,cpc,shopping_feed,Paid,136.69,136.69,3.0,3,3,['Accessories' 'Bags' 'Drinkware'],1,True,,45.56,19,Monday,445
T0001134,9433898.4334351243.1728117165,9433898.4334351243,2024-10-05 08:35:17.741209,2024-10-05,mobile,Japan,partners,affiliate,coupon_partners,Affiliate,136.44,136.44,4.0,2,2,['Bags' 'Drinkware'],1,True,,34.11,8,Saturday,446
T0003048,9720488.4169006815.1731645896,9720488.4169006815,2024-11-15 04:43:24.562070,2024-11-15,desktop,United States,facebook,paid_social,prospecting_broad,Paid,136.44,136.44,3.0,2,2,['Accessories' 'Bags'],1,True,,45.48,4,Friday,446
T0001325,2642358.4152779609.1728514372,2642358.4152779609,2024-10-09 22:44:33.322391,2024-10-09,mobile,Brazil,google,organic,(organic),Organic Search,136.4,136.4,4.0,3,2,['Accessories' 'Apparel'],1,True,,34.1,22,Wednesday,447
T0004197,3234036.3777361069.1732854658,3234036.3777361069,2024-11-29 04:39:28.423861,2024-11-29,desktop,India,(direct),(none),(direct),Direct,136.32,136.32,4.0,3,2,['Accessories' 'Apparel'],1,True,,34.08,4,Friday,448
T0003504,6871417.2890019729.1732449445,6871417.2890019729,2024-11-24 11:53:34.128541,2024-11-24,tablet,United States,google,cpc,shopping_feed,Paid,136.18,136.18,4.0,3,2,['Accessories' 'Apparel'],1,True,,34.05,11,Sunday,449
T0003644,7112362.6110508907.1732564024,7112362.6110508907,2024-11-25 19:48:02.393266,2024-11-25,mobile,Australia,google,organic,(organic),Organic Search,136.13,136.13,3.0,2,2,['Bags' 'Drinkware'],1,True,,45.38,19,Monday,450
T0001623,3946815.3480843748.1729116893,3946815.3480843748,2024-10-16 22:21:41.728406,2024-10-16,desktop,India,newsletter,email,weekly_drop,Email,136.07,136.07,3.0,2,2,['Accessories' 'Apparel'],1,True,,45.36,22,Wednesday,451
T0003521,8798480.7337711799.1732466757,8798480.7337711799,2024-11-24 16:48:09.458621,2024-11-24,tablet,Japan,youtube.com,referral,(referral),Referral,136.07,136.07,3.0,2,2,['Accessories' 'Apparel'],1,True,,45.36,16,Sunday,451
T0002006,6271767.8716879521.1729813694,6271767.8716879521,2024-10-24 23:51:03.308604,2024-10-24,desktop,United States,(direct),(none),(direct),Direct,135.93,135.93,3.0,2,2,['Accessories' 'Apparel'],1,True,,45.31,23,Thursday,452
T0001763,9168218.8736776190.1729371491,9168218.8736776190,2024-10-19 21:10:05.186397,2024-10-19,mobile,United Kingdom,(direct),(none),(direct),Direct,135.79,135.79,4.0,3,3,['Accessories' 'Apparel' 'Lifestyle'],1,True,,33.95,21,Saturday,453
T0001176,7894876.9982422713.1728205532,7894876.9982422713,2024-10-06 09:11:24.916359,2024-10-06,desktop,United States,google,cpc,brand_search,Paid,135.77,135.77,3.0,3,3,['Accessories' 'Lifestyle' 'Stationery'],2,False,6,45.26,9,Sunday,454
T0004023,3997438.1541743748.1732782111,3997438.1541743748,2024-11-28 08:14:00.787920,2024-11-28,tablet,United States,google,cpc,shopping_feed,Paid,135.66,135.66,4.0,2,2,['Electronics' 'Office'],1,True,,33.92,8,Thursday,455
T0001993,9638116.4802705545.1729801451,9638116.4802705545,2024-10-24 20:22:28.369004,2024-10-24,desktop,United States,newsletter,email,weekly_drop,Email,135.48,135.48,2.0,2,1,['Apparel'],1,True,,67.74,20,Thursday,456
T0003798,6651435.4352864769.1732654838,6651435.4352864769,2024-11-26 21:18:18.262617,2024-11-26,desktop,Japan,google,organic,(organic),Organic Search,134.92,134.92,2.0,2,2,['Apparel' 'Bags'],1,True,,67.46,21,Tuesday,457
T0001488,9154127.5789889317.1728888987,9154127.5789889317,2024-10-14 07:14:03.202398,2024-10-14,desktop,United States,google,cpc,shopping_feed,Paid,134.8,134.8,4.0,3,2,['Accessories' 'Apparel'],1,True,,33.7,7,Monday,458
T0004008,1750866.5696624194.1732774226,1750866.5696624194,2024-11-28 06:05:12.175492,2024-11-28,desktop,United States,google,cpc,brand_search,Paid,134.75,134.75,3.0,3,2,['Apparel' 'Drinkware'],1,True,,44.92,6,Thursday,459
T0002924,3720805.3807158070.1731393573,3720805.3807158070,2024-11-12 06:54:47.198266,2024-11-12,desktop,Australia,youtube.com,referral,(referral),Referral,134.54,134.54,3.0,3,3,['Accessories' 'Bags' 'Office'],1,True,,44.85,6,Tuesday,460
T0000766,4295341.2155500784.1727287910,4295341.2155500784,2024-09-25 18:13:46.849065,2024-09-25,desktop,France,partners,affiliate,coupon_partners,Affiliate,134.48,134.48,2.0,2,1,['Lifestyle'],1,True,,67.24,18,Wednesday,461
T0001217,6999683.8891758386.1728309390,6999683.8891758386,2024-10-07 13:55:02.725344,2024-10-07,desktop,United States,facebook,paid_social,prospecting_broad,Paid,134.47,134.47,3.0,3,2,['Apparel' 'Electronics'],1,True,,44.82,13,Monday,462
T0001639,6370810.3318812410.1729149441,6370810.3318812410,2024-10-17 07:11:10.638335,2024-10-17,mobile,Australia,facebook,paid_social,prospecting_broad,Paid,134.32,134.32,1.0,1,1,['Electronics'],1,True,,134.32,7,Thursday,463
T0004393,9017940.5725790629.1732966687,9017940.5725790629,2024-11-30 11:51:31.563300,2024-11-30,desktop,United States,google,organic,(organic),Organic Search,134.32,134.32,1.0,1,1,['Electronics'],1,True,,134.32,11,Saturday,463
T0000233,3341542.5126084548.1726058508,3341542.5126084548,2024-09-11 12:55:59.182177,2024-09-11,desktop,United States,youtube.com,referral,(referral),Referral,134.32,134.32,1.0,1,1,['Electronics'],1,True,,134.32,12,Wednesday,463
T0003475,3178580.5811036346.1732382446,3178580.5811036346,2024-11-23 17:27:22.039938,2024-11-23,mobile,India,google,cpc,brand_search,Paid,134.29,134.29,2.0,2,2,['Accessories' 'Electronics'],1,True,,67.15,17,Saturday,464
T0000743,7411934.7075399181.1727231424,7411934.7075399181,2024-09-25 02:28:57.195923,2024-09-25,desktop,United Kingdom,google,organic,(organic),Organic Search,134.24,134.24,3.0,2,2,['Bags' 'Drinkware'],1,True,,44.75,2,Wednesday,465
T0001586,1320423.9911858286.1729059742,1320423.9911858286,2024-10-16 06:15:38.922560,2024-10-16,desktop,India,(direct),(none),(direct),Direct,134.2,134.2,3.0,3,3,['Accessories' 'Apparel' 'Electronics'],1,True,,44.73,6,Wednesday,466
T0004316,5453164.5361080036.1732912341,5453164.5361080036,2024-11-29 20:27:07.083612,2024-11-29,desktop,United States,google,cpc,shopping_feed,Paid,134.0,134.0,2.0,2,2,['Apparel' 'Electronics'],2,False,9,67.0,20,Friday,467
T0000644,7811042.5273549523.1727032825,7811042.5273549523,2024-09-22 19:25:06.224738,2024-09-22,desktop,United States,(direct),(none),(direct),Direct,133.99,133.99,5.0,3,2,['Apparel' 'Office'],1,True,,26.8,19,Sunday,468
T0000498,8265805.1326953600.1726722341,8265805.1326953600,2024-09-19 05:15:42.923934,2024-09-19,desktop,United States,google,cpc,brand_search,Paid,133.95,133.95,2.0,2,2,['Apparel' 'Bags'],1,True,,66.97,5,Thursday,469
T0003227,3054596.1012915344.1731960821,3054596.1012915344,2024-11-18 20:20:31.531359,2024-11-18,mobile,Canada,google,cpc,shopping_feed,Paid,133.9,133.9,3.0,2,2,['Drinkware' 'Lifestyle'],1,True,,44.63,20,Monday,470
T0000234,9543559.3665793308.1726060392,9543559.3665793308,2024-09-11 13:05:06.776142,2024-09-11,mobile,United States,youtube.com,referral,(referral),Referral,133.84,133.84,4.0,2,2,['Accessories' 'Office'],1,True,,33.46,13,Wednesday,471
T0002939,1802349.9892043642.1731420340,1802349.9892043642,2024-11-12 14:10:42.043574,2024-11-12,desktop,United States,google,organic,(organic),Organic Search,133.84,133.84,4.0,2,2,['Accessories' 'Office'],1,True,,33.46,14,Tuesday,471
T0003730,9967594.1677868701.1732623367,9967594.1677868701,2024-11-26 12:27:41.923845,2024-11-26,desktop,India,newsletter,email,weekly_drop,Email,133.77,133.77,3.0,2,2,['Accessories' 'Apparel'],1,True,,44.59,12,Tuesday,472
T0000361,2423774.2392010511.1726399398,2423774.2392010511,2024-09-15 11:18:24.507720,2024-09-15,desktop,Singapore,(direct),(none),(direct),Direct,133.77,133.77,2.0,2,2,['Bags' 'Lifestyle'],1,True,,66.89,11,Sunday,472
T0003611,9324881.2503983202.1732547207,9324881.2503983202,2024-11-25 15:19:09.120887,2024-11-25,mobile,United States,google,organic,(organic),Organic Search,133.34,133.34,3.0,3,2,['Apparel' 'Lifestyle'],1,True,,44.45,15,Monday,473
T0003958,3155226.4695149641.1732744317,3155226.4695149641,2024-11-27 21:58:35.524755,2024-11-27,desktop,Germany,google,organic,(organic),Organic Search,133.32,133.32,2.0,1,1,['Apparel'],1,True,,66.66,21,Wednesday,474
T0000771,1044159.6090812838.1727295145,1044159.6090812838,2024-09-25 20:11:19.633442,2024-09-25,mobile,United States,google,organic,(organic),Organic Search,133.32,133.32,2.0,1,1,['Apparel'],1,True,,66.66,20,Wednesday,474
T0003120,2856497.9317123383.1731775625,2856497.9317123383,2024-11-16 16:40:39.779870,2024-11-16,mobile,United States,(direct),(none),(direct),Direct,133.32,133.32,2.0,1,1,['Apparel'],2,False,25,66.66,16,Saturday,474
T0002899,1811935.2701540386.1731347078,1811935.2701540386,2024-11-11 18:10:05.596836,2024-11-11,desktop,United States,(direct),(none),(direct),Direct,133.17,133.17,4.0,3,3,['Apparel' 'Bags' 'Drinkware'],1,True,,33.29,18,Monday,475
T0000805,1754735.6030446981.1727382453,1754735.6030446981,2024-09-26 20:34:23.239882,2024-09-26,desktop,Canada,google,cpc,brand_search,Paid,133.1,133.1,3.0,3,3,['Accessories' 'Apparel' 'Office'],1,True,,44.37,20,Thursday,476
T0002757,5716275.3918502138.1731096853,5716275.3918502138,2024-11-08 20:30:13.886709,2024-11-08,desktop,United States,youtube.com,referral,(referral),Referral,132.94,132.94,3.0,3,3,['Accessories' 'Bags' 'Stationery'],1,True,,44.31,20,Friday,477
T0004489,4158258.9097633240.1733009565,4158258.9097633240,2024-11-30 23:30:57.444684,2024-11-30,desktop,United States,newsletter,email,weekly_drop,Email,132.32,132.32,3.0,3,3,['Accessories' 'Bags' 'Drinkware'],2,False,9,44.11,23,Saturday,478
T0001756,7320753.6120504323.1729359771,7320753.6120504323,2024-10-19 17:48:55.519831,2024-10-19,mobile,Germany,(direct),(none),(direct),Direct,132.16,132.16,3.0,3,2,['Accessories' 'Apparel'],1,True,,44.05,17,Saturday,479
T0001196,9420456.6853816655.1728241696,9420456.6853816655,2024-10-06 19:00:57.742588,2024-10-06,mobile,Brazil,newsletter,email,weekly_drop,Email,132.14,132.14,3.0,3,3,['Bags' 'Headgear' 'Lifestyle'],1,True,,44.05,19,Sunday,480
T0002567,4207323.9539367952.1730768623,4207323.9539367952,2024-11-05 01:06:45.760139,2024-11-05,mobile,Australia,(direct),(none),(direct),Direct,131.94,131.94,4.0,3,3,['Accessories' 'Apparel' 'Lifestyle'],1,True,,32.99,1,Tuesday,481
T0001302,6737575.5113302518.1728476156,6737575.5113302518,2024-10-09 12:18:03.400475,2024-10-09,mobile,Australia,google,organic,(organic),Organic Search,131.91,131.91,4.0,3,3,['Accessories' 'Drinkware' 'Lifestyle'],1,True,,32.98,12,Wednesday,482
T0000445,3833921.5405975893.1726576154,3833921.5405975893,2024-09-17 12:36:21.355110,2024-09-17,mobile,United States,(direct),(none),(direct),Direct,131.8,131.8,3.0,2,2,['Bags' 'Drinkware'],1,True,,43.93,12,Tuesday,483
T0000578,6714005.4938346089.1726896936,6714005.4938346089,2024-09-21 05:38:16.236097,2024-09-21,desktop,United States,google,organic,(organic),Organic Search,131.45,131.45,3.0,3,3,['Accessories' 'Bags' 'Stationery'],1,True,,43.82,5,Saturday,484
T0001801,4287833.9566327575.1729461957,4287833.9566327575,2024-10-20 22:14:17.138967,2024-10-20,mobile,United States,google,cpc,shopping_feed,Paid,131.45,131.45,3.0,3,3,['Accessories' 'Bags' 'Stationery'],1,True,,43.82,22,Sunday,484
T0002822,2265101.2102899006.1731219410,2265101.2102899006,2024-11-10 06:23:34.394364,2024-11-10,desktop,India,google,organic,(organic),Organic Search,131.44,131.44,2.0,2,2,['Bags' 'Lifestyle'],1,True,,65.72,6,Sunday,485
T0004142,1419519.4064380058.1732827797,1419519.4064380058,2024-11-28 21:06:25.686071,2024-11-28,tablet,France,(direct),(none),(direct),Direct,131.4,131.4,3.0,2,2,['Accessories' 'Bags'],1,True,,43.8,21,Thursday,486
T0003957,8528114.6851621287.1732743838,8528114.6851621287,2024-11-27 21:48:40.576632,2024-11-27,mobile,Brazil,(direct),(none),(direct),Direct,131.07,131.07,2.0,2,1,['Apparel'],1,True,,65.54,21,Wednesday,487
T0004019,4131788.2400449001.1732779972,4131788.2400449001,2024-11-28 07:38:47.694955,2024-11-28,mobile,United States,google,organic,(organic),Organic Search,131.06,131.06,3.0,3,2,['Accessories' 'Apparel'],1,True,,43.69,7,Thursday,488
T0001127,7081604.3312124735.1728088161,7081604.3312124735,2024-10-05 00:35:22.050815,2024-10-05,mobile,United States,(direct),(none),(direct),Direct,130.8,130.8,3.0,2,2,['Apparel' 'Drinkware'],1,True,,43.6,0,Saturday,489
T0002536,4635209.6403744039.1730719557,4635209.6403744039,2024-11-04 11:25:11.204705,2024-11-04,desktop,Singapore,google,organic,(organic),Organic Search,130.77,130.77,1.0,1,1,['Electronics'],2,False,3,130.77,11,Monday,490
T0000398,5422158.8183660974.1726481431,5422158.8183660974,2024-09-16 10:25:47.581570,2024-09-16,mobile,United States,(direct),(none),(direct),Direct,130.77,130.77,1.0,1,1,['Electronics'],1,True,,130.77,10,Monday,490
T0001735,3791720.9362981914.1729319361,3791720.9362981914,2024-10-19 06:19:37.130083,2024-10-19,mobile,United Kingdom,newsletter,email,weekly_drop,Email,130.77,130.77,1.0,1,1,['Electronics'],2,False,8,130.77,6,Saturday,490
T0003309,9456219.1179900559.1732107352,9456219.1179900559,2024-11-20 13:00:19.158308,2024-11-20,desktop,India,(direct),(none),(direct),Direct,130.77,130.77,1.0,1,1,['Electronics'],1,True,,130.77,13,Wednesday,490
T0002921,4927077.1788906839.1731378793,4927077.1788906839,2024-11-12 03:00:09.389523,2024-11-12,desktop,India,facebook,paid_social,prospecting_broad,Paid,130.77,130.77,1.0,1,1,['Electronics'],1,True,,130.77,3,Tuesday,490
T0002406,3394431.5469962284.1730505294,3394431.5469962284,2024-11-01 23:55:01.766924,2024-11-01,desktop,Mexico,google,cpc,brand_search,Paid,130.61,130.61,2.0,2,1,['Apparel'],1,True,,65.31,23,Friday,491
T0003385,3814241.3148500581.1732225444,3814241.3148500581,2024-11-21 21:43:37.173072,2024-11-21,desktop,Germany,google,organic,(organic),Organic Search,130.35,130.35,2.0,2,1,['Apparel'],1,True,,65.18,21,Thursday,492
T0001055,5503716.1748259820.1727909293,5503716.1748259820,2024-10-02 22:57:05.144176,2024-10-02,desktop,United States,google,cpc,shopping_feed,Paid,130.09,130.09,3.0,3,1,['Apparel'],1,True,,43.36,22,Wednesday,493
T0001263,9354980.3516959176.1728397476,9354980.3516959176,2024-10-08 14:21:37.626392,2024-10-08,desktop,France,youtube.com,referral,(referral),Referral,130.08,130.08,3.0,3,3,['Apparel' 'Lifestyle' 'Stationery'],1,True,,43.36,14,Tuesday,494
T0001884,4696975.8098005853.1729615865,4696975.8098005853,2024-10-22 16:54:51.422907,2024-10-22,mobile,India,google,organic,(organic),Organic Search,129.95,129.95,3.0,2,2,['Apparel' 'Bags'],1,True,,43.32,16,Tuesday,495
T0002227,9779705.3289709459.1730205639,9779705.3289709459,2024-10-29 13:03:03.607630,2024-10-29,mobile,France,google,cpc,brand_search,Paid,129.74,129.74,3.0,2,2,['Accessories' 'Apparel'],1,True,,43.25,13,Tuesday,496
T0004034,8285535.2266798965.1732791097,8285535.2266798965,2024-11-28 10:49:09.068172,2024-11-28,mobile,Canada,partners,affiliate,coupon_partners,Affiliate,129.56,129.56,4.0,2,2,['Apparel' 'Lifestyle'],1,True,,32.39,10,Thursday,497
T0000866,7891510.1004035763.1727508235,7891510.1004035763,2024-09-28 07:21:43.106722,2024-09-28,desktop,Japan,google,cpc,shopping_feed,Paid,129.24,129.24,3.0,2,1,['Apparel'],1,True,,43.08,7,Saturday,498
T0001448,2938641.3357715318.1728796938,2938641.3357715318,2024-10-13 05:37:25.752328,2024-10-13,mobile,Germany,(direct),(none),(direct),Direct,129.09,129.09,3.0,3,3,['Apparel' 'Bags' 'Headgear'],1,True,,43.03,5,Sunday,499
T0001739,7453114.7721710814.1729323955,7453114.7721710814,2024-10-19 07:56:11.624803,2024-10-19,desktop,United Kingdom,google,organic,(organic),Organic Search,129.08,129.08,2.0,1,1,['Apparel'],1,True,,64.54,7,Saturday,500
T0001948,9968803.6429228607.1729709818,9968803.6429228607,2024-10-23 19:08:07.492658,2024-10-23,desktop,Japan,google,organic,(organic),Organic Search,129.08,129.08,4.0,3,2,['Accessories' 'Apparel'],1,True,,32.27,19,Wednesday,500
T0002515,9322961.6667374583.1730679189,9322961.6667374583,2024-11-04 00:19:58.745889,2024-11-04,desktop,United States,(direct),(none),(direct),Direct,129.02,129.02,4.0,3,3,['Accessories' 'Apparel' 'Office'],1,True,,32.26,0,Monday,501
T0002005,8164145.7957090003.1729812261,8164145.7957090003,2024-10-24 23:16:56.864567,2024-10-24,desktop,United States,(direct),(none),(direct),Direct,128.99,128.99,3.0,3,2,['Accessories' 'Bags'],1,True,,43.0,23,Thursday,502
T0002158,9285680.1418819521.1730075539,9285680.1418819521,2024-10-28 00:42:59.564810,2024-10-28,mobile,United States,youtube.com,referral,(referral),Referral,128.96,128.96,3.0,2,2,['Accessories' 'Bags'],1,True,,42.99,0,Monday,503
T0002318,6221465.8547560375.1730380760,6221465.8547560375,2024-10-31 13:21:04.189698,2024-10-31,tablet,Canada,newsletter,email,weekly_drop,Email,128.8,128.8,4.0,2,1,['Apparel'],1,True,,32.2,13,Thursday,504
T0000875,8582890.1769046451.1727523964,8582890.1769046451,2024-09-28 11:41:43.284117,2024-09-28,desktop,Australia,(direct),(none),(direct),Direct,128.58,128.58,3.0,3,3,['Accessories' 'Apparel' 'Electronics'],1,True,,42.86,11,Saturday,505
T0003280,8685348.7866840180.1732050021,8685348.7866840180,2024-11-19 21:00:32.294799,2024-11-19,desktop,Brazil,google,organic,(organic),Organic Search,128.5,128.5,2.0,2,2,['Apparel' 'Electronics'],1,True,,64.25,21,Tuesday,506
T0000885,5159586.7824421489.1727545285,5159586.7824421489,2024-09-28 17:35:31.007041,2024-09-28,desktop,United States,google,organic,(organic),Organic Search,128.44,128.44,4.0,3,3,['Apparel' 'Office' 'Stationery'],1,True,,32.11,17,Saturday,507
T0002644,2923510.5986656741.1730908668,2923510.5986656741,2024-11-06 16:00:34.819441,2024-11-06,desktop,United States,(direct),(none),(direct),Direct,128.22,128.22,4.0,3,2,['Accessories' 'Apparel'],1,True,,32.06,16,Wednesday,508
T0004208,7788445.5819341484.1732866681,7788445.5819341484,2024-11-29 07:58:28.093229,2024-11-29,desktop,United States,google,cpc,brand_search,Paid,128.21,128.21,3.0,3,3,['Apparel' 'Bags' 'Drinkware'],1,True,,42.74,7,Friday,509
T0003973,3258599.2059861295.1732749558,3258599.2059861295,2024-11-27 23:19:45.962727,2024-11-27,mobile,United States,google,organic,(organic),Organic Search,128.16,128.16,3.0,2,2,['Accessories' 'Bags'],1,True,,42.72,23,Wednesday,510
T0000925,4446421.1722459253.1727642605,4446421.1722459253,2024-09-29 20:43:05.878568,2024-09-29,mobile,United States,google,cpc,shopping_feed,Paid,128.16,128.16,3.0,2,2,['Accessories' 'Bags'],1,True,,42.72,20,Sunday,510
T0000997,9915055.1400316620.1727789554,9915055.1400316620,2024-10-01 13:41:50.319642,2024-10-01,desktop,United States,newsletter,email,weekly_drop,Email,128.12,128.12,3.0,2,2,['Accessories' 'Lifestyle'],1,True,,42.71,13,Tuesday,511
T0003307,9727001.5583546428.1732105566,9727001.5583546428,2024-11-20 12:27:49.367291,2024-11-20,desktop,India,google,cpc,brand_search,Paid,128.04,128.04,2.0,2,2,['Apparel' 'Bags'],1,True,,64.02,12,Wednesday,512
T0003356,9636861.5845192662.1732190214,9636861.5845192662,2024-11-21 11:52:15.590553,2024-11-21,desktop,Singapore,newsletter,email,weekly_drop,Email,127.97,127.97,3.0,3,3,['Apparel' 'Bags' 'Headgear'],1,True,,42.66,11,Thursday,513
T0002447,2659946.5950562984.1730576348,2659946.5950562984,2024-11-02 19:37:42.073743,2024-11-02,mobile,Australia,(direct),(none),(direct),Direct,127.84,127.84,2.0,2,2,['Bags' 'Stationery'],1,True,,63.92,19,Saturday,514
T0000378,1644423.8328996441.1726433853,1644423.8328996441,2024-09-15 20:52:44.473826,2024-09-15,mobile,India,google,organic,(organic),Organic Search,127.83,127.83,3.0,3,3,['Accessories' 'Apparel' 'Electronics'],1,True,,42.61,20,Sunday,515
T0001788,2905109.9931054418.1729436597,2905109.9931054418,2024-10-20 15:10:39.002694,2024-10-20,desktop,Japan,google,cpc,shopping_feed,Paid,127.76,127.76,4.0,3,3,['Accessories' 'Apparel' 'Stationery'],1,True,,31.94,15,Sunday,516
T0000914,4813148.8931450869.1727617763,4813148.8931450869,2024-09-29 14:04:55.001854,2024-09-29,mobile,India,google,organic,(organic),Organic Search,127.75,127.75,3.0,2,1,['Apparel'],1,True,,42.58,14,Sunday,517
T0000488,1116052.7826229604.1726687855,1116052.7826229604,2024-09-18 19:34:54.091275,2024-09-18,desktop,India,google,organic,(organic),Organic Search,127.56,127.56,2.0,1,1,['Lifestyle'],1,True,,63.78,19,Wednesday,518
T0001612,3710315.2481658905.1729100655,3710315.2481658905,2024-10-16 17:53:29.893892,2024-10-16,tablet,United States,google,organic,(organic),Organic Search,127.56,127.56,2.0,1,1,['Lifestyle'],1,True,,63.78,17,Wednesday,518
T0004348,9913993.4764941470.1732923619,9913993.4764941470,2024-11-29 23:38:23.019003,2024-11-29,mobile,Japan,google,cpc,brand_search,Paid,127.56,127.56,2.0,1,1,['Lifestyle'],1,True,,63.78,23,Friday,518
T0002042,7488304.3003064624.1729883913,7488304.3003064624,2024-10-25 19:11:33.332218,2024-10-25,desktop,United States,facebook,paid_social,prospecting_broad,Paid,127.53,127.53,4.0,3,3,['Accessories' 'Bags' 'Stationery'],1,True,,31.88,19,Friday,519
T0003821,5421024.5444399341.1732662074,5421024.5444399341,2024-11-26 22:57:53.314268,2024-11-26,mobile,United States,(direct),(none),(direct),Direct,127.5,127.5,1.0,1,1,['Electronics'],1,True,,127.5,22,Tuesday,520
T0001770,5907245.4485853466.1729377080,5907245.4485853466,2024-10-19 22:27:28.315784,2024-10-19,mobile,United States,google,organic,(organic),Organic Search,127.5,127.5,1.0,1,1,['Electronics'],1,True,,127.5,22,Saturday,520
T0000230,3462178.4287495743.1726052046,3462178.4287495743,2024-09-11 10:49:41.042642,2024-09-11,mobile,Netherlands,google,organic,(organic),Organic Search,127.5,127.5,1.0,1,1,['Electronics'],1,True,,127.5,10,Wednesday,520
T0002348,7522971.2550268196.1730414951,7522971.2550268196,2024-10-31 22:49:41.795277,2024-10-31,desktop,Mexico,(direct),(none),(direct),Direct,127.45,127.45,2.0,2,2,['Apparel' 'Bags'],1,True,,63.73,22,Thursday,521
T0001605,6956639.7066236086.1729090564,6956639.7066236086,2024-10-16 14:55:48.586568,2024-10-16,desktop,United States,newsletter,email,weekly_drop,Email,127.39,127.39,2.0,2,1,['Apparel'],1,True,,63.7,14,Wednesday,522
T0000073,7094434.2698727441.1725549940,7094434.2698727441,2024-09-05 15:39:41.548941,2024-09-05,mobile,Canada,google,organic,(organic),Organic Search,127.31,127.31,2.0,2,2,['Bags' 'Lifestyle'],1,True,,63.66,15,Thursday,523
T0001606,7069341.7065952708.1729091575,7069341.7065952708,2024-10-16 15:12:45.074715,2024-10-16,desktop,United States,google,cpc,brand_search,Paid,126.67,126.67,3.0,3,2,['Apparel' 'Stationery'],1,True,,42.22,15,Wednesday,524
T0003345,2927989.2096430998.1732166262,2927989.2096430998,2024-11-21 05:31:25.060992,2024-11-21,desktop,United States,google,cpc,brand_search,Paid,126.66,126.66,3.0,3,3,['Apparel' 'Headgear' 'Office'],1,True,,42.22,5,Thursday,525
T0003898,3866432.6463288512.1732714765,3866432.6463288512,2024-11-27 13:45:31.744093,2024-11-27,desktop,Germany,google,cpc,shopping_feed,Paid,126.34,126.34,3.0,3,3,['Accessories' 'Apparel' 'Office'],1,True,,42.11,13,Wednesday,526
T0001139,7561902.1521817508.1728138436,7561902.1521817508,2024-10-05 14:34:39.482543,2024-10-05,mobile,United States,google,cpc,shopping_feed,Paid,126.23,126.23,5.0,3,3,['Accessories' 'Apparel' 'Drinkware'],1,True,,25.25,14,Saturday,527
T0002835,3961168.6510885842.1731244247,3961168.6510885842,2024-11-10 13:29:00.410600,2024-11-10,desktop,United Kingdom,(direct),(none),(direct),Direct,125.97,125.97,2.0,2,2,['Apparel' 'Bags'],1,True,,62.99,13,Sunday,528
T0003563,8015321.7733125800.1732512167,8015321.7733125800,2024-11-25 05:30:46.685670,2024-11-25,mobile,United States,google,organic,(organic),Organic Search,125.9,125.9,3.0,3,3,['Apparel' 'Drinkware' 'Electronics'],1,True,,41.97,5,Monday,529
T0001243,5765568.8264781767.1728350240,5765568.8264781767,2024-10-08 01:25:47.804391,2024-10-08,mobile,United Kingdom,partners,affiliate,coupon_partners,Affiliate,125.88,125.88,3.0,2,2,['Apparel' 'Electronics'],1,True,,41.96,1,Tuesday,530
T0003516,5894103.9039601700.1732460732,5894103.9039601700,2024-11-24 15:09:14.735660,2024-11-24,desktop,United States,(direct),(none),(direct),Direct,125.73,125.73,3.0,2,2,['Apparel' 'Lifestyle'],1,True,,41.91,15,Sunday,531
T0000600,7104585.4813851197.1726937612,7104585.4813851197,2024-09-21 16:58:50.374680,2024-09-21,desktop,Canada,google,organic,(organic),Organic Search,125.68,125.68,3.0,3,3,['Accessories' 'Bags' 'Office'],1,True,,41.89,16,Saturday,532
T0000232,6549570.5628991474.1726053637,6549570.5628991474,2024-09-11 11:33:14.599022,2024-09-11,desktop,Canada,google,cpc,shopping_feed,Paid,125.63,125.63,5.0,3,2,['Accessories' 'Drinkware'],1,True,,25.13,11,Wednesday,533
T0003041,3235631.6419427844.1731621739,3235631.6419427844,2024-11-14 22:12:28.709947,2024-11-14,desktop,United States,google,cpc,brand_search,Paid,125.54,125.54,3.0,3,3,['Accessories' 'Bags' 'Office'],1,True,,41.85,22,Thursday,534
T0004472,7544211.6582617198.1733000310,7544211.6582617198,2024-11-30 21:08:23.052893,2024-11-30,mobile,United States,(direct),(none),(direct),Direct,125.48,125.48,2.0,2,2,['Apparel' 'Lifestyle'],1,True,,62.74,21,Saturday,535
T0000325,8444092.4152542229.1726299688,8444092.4152542229,2024-09-14 07:46:19.855206,2024-09-14,desktop,United States,google,cpc,brand_search,Paid,125.28,125.28,4.0,2,1,['Accessories'],1,True,,31.32,7,Saturday,536
T0000483,9033103.3286668551.1726682452,9033103.3286668551,2024-09-18 17:56:37.883904,2024-09-18,mobile,Germany,(direct),(none),(direct),Direct,125.25,125.25,3.0,3,3,['Bags' 'Office' 'Stationery'],1,True,,41.75,17,Wednesday,537
T0001620,1117697.7080413864.1729116106,1117697.7080413864,2024-10-16 21:56:18.665845,2024-10-16,desktop,Japan,facebook,paid_social,prospecting_broad,Paid,125.16,125.16,3.0,3,3,['Drinkware' 'Electronics' 'Stationery'],1,True,,41.72,21,Wednesday,538
T0001638,1575440.7397965557.1729144778,1575440.7397965557,2024-10-17 05:51:26.597506,2024-10-17,desktop,United States,newsletter,email,weekly_drop,Email,125.06,125.06,2.0,2,2,['Lifestyle' 'Office'],1,True,,62.53,5,Thursday,539
T0003969,9525367.2116124787.1732748659,9525367.2116124787,2024-11-27 23:11:20.296612,2024-11-27,mobile,United States,google,cpc,shopping_feed,Paid,124.86,124.86,4.0,2,1,['Accessories'],1,True,,31.22,23,Wednesday,540
T0001493,8885257.1789151504.1728898433,8885257.1789151504,2024-10-14 09:44:20.921154,2024-10-14,desktop,Singapore,newsletter,email,weekly_drop,Email,124.85,124.85,4.0,3,3,['Accessories' 'Apparel' 'Bags'],1,True,,31.21,9,Monday,541
T0000135,2747563.2530006388.1725750708,2747563.2530006388,2024-09-07 23:09:20.218140,2024-09-07,desktop,United States,(direct),(none),(direct),Direct,124.76,124.76,2.0,1,1,['Apparel'],1,True,,62.38,23,Saturday,542
T0002096,2919280.5122830473.1729976491,2919280.5122830473,2024-10-26 21:01:20.771824,2024-10-26,desktop,United States,google,organic,(organic),Organic Search,124.76,124.76,2.0,1,1,['Apparel'],1,True,,62.38,21,Saturday,542
T0001239,8873322.5503520226.1728344002,8873322.5503520226,2024-10-07 23:40:49.065833,2024-10-07,mobile,United States,newsletter,email,weekly_drop,Email,124.71,124.71,2.0,2,2,['Accessories' 'Bags'],1,True,,62.36,23,Monday,543
T0000819,4867017.4415675498.1727418053,4867017.4415675498,2024-09-27 06:26:02.760907,2024-09-27,mobile,Japan,(direct),(none),(direct),Direct,124.59,124.59,3.0,2,2,['Accessories' 'Apparel'],1,True,,41.53,6,Friday,544
T0002695,2941551.1212894797.1730995596,2941551.1212894797,2024-11-07 16:27:12.588931,2024-11-07,mobile,United States,google,cpc,shopping_feed,Paid,124.56,124.56,3.0,3,3,['Apparel' 'Lifestyle' 'Office'],1,True,,41.52,16,Thursday,545
T0000954,9378937.6645697780.1727700497,9378937.6645697780,2024-09-30 12:58:51.998165,2024-09-30,desktop,United Kingdom,google,cpc,shopping_feed,Paid,124.51,124.51,2.0,2,2,['Apparel' 'Lifestyle'],2,False,1,62.26,12,Monday,546
T0000905,6735246.2284448777.1727577923,6735246.2284448777,2024-09-29 02:49:38.663210,2024-09-29,tablet,Canada,facebook,paid_social,prospecting_broad,Paid,124.49,124.49,3.0,3,2,['Lifestyle' 'Office'],1,True,,41.5,2,Sunday,547
T0000496,9022795.2150502961.1726717793,9022795.2150502961,2024-09-19 03:51:54.995086,2024-09-19,mobile,United States,(direct),(none),(direct),Direct,124.37,124.37,4.0,3,3,['Accessories' 'Lifestyle' 'Office'],1,True,,31.09,3,Thursday,548
T0001938,7277541.2541648278.1729699837,7277541.2541648278,2024-10-23 16:04:09.589277,2024-10-23,mobile,United States,(direct),(none),(direct),Direct,124.32,124.32,3.0,2,2,['Apparel' 'Office'],1,True,,41.44,16,Wednesday,549
T0001889,2718763.6761890637.1729624000,2718763.6761890637,2024-10-22 19:10:06.727226,2024-10-22,desktop,Netherlands,newsletter,email,weekly_drop,Email,124.3,124.3,2.0,2,1,['Apparel'],1,True,,62.15,19,Tuesday,550
T0003213,8731413.2727605603.1731942235,8731413.2727605603,2024-11-18 15:10:49.294166,2024-11-18,desktop,United States,google,cpc,shopping_feed,Paid,124.06,124.06,3.0,3,3,['Accessories' 'Apparel' 'Office'],1,True,,41.35,15,Monday,551
T0004403,9570116.1859462943.1732970388,9570116.1859462943,2024-11-30 12:47:43.087205,2024-11-30,desktop,United States,google,organic,(organic),Organic Search,123.84,123.84,2.0,1,1,['Apparel'],1,True,,61.92,12,Saturday,552
T0002220,1891180.9335625803.1730200521,1891180.9335625803,2024-10-29 11:21:09.236457,2024-10-29,desktop,Netherlands,google,cpc,brand_search,Paid,123.84,123.84,2.0,1,1,['Apparel'],1,True,,61.92,11,Tuesday,552
T0000678,9735554.4243630794.1727116240,9735554.4243630794,2024-09-23 18:46:28.488319,2024-09-23,mobile,United States,facebook,paid_social,prospecting_broad,Paid,123.84,123.84,2.0,1,1,['Apparel'],1,True,,61.92,18,Monday,552
T0004488,7502016.9581050384.1733007706,7502016.9581050384,2024-11-30 23:07:31.109223,2024-11-30,tablet,India,newsletter,email,weekly_drop,Email,123.84,123.84,2.0,1,1,['Apparel'],1,True,,61.92,23,Saturday,552
T0003561,8214240.1830277768.1732510708,8214240.1830277768,2024-11-25 04:54:17.170672,2024-11-25,mobile,United States,google,organic,(organic),Organic Search,123.84,123.84,2.0,1,1,['Apparel'],1,True,,61.92,4,Monday,552
T0000801,9839838.4260832601.1727373559,9839838.4260832601,2024-09-26 18:03:51.242509,2024-09-26,mobile,Germany,google,cpc,shopping_feed,Paid,123.84,123.84,2.0,1,1,['Apparel'],1,True,,61.92,18,Thursday,552
T0001878,8707691.2887766454.1729613017,8707691.2887766454,2024-10-22 15:59:20.962211,2024-10-22,desktop,United States,(direct),(none),(direct),Direct,123.83,123.83,4.0,3,3,['Apparel' 'Lifestyle' 'Stationery'],1,True,,30.96,15,Tuesday,553
T0001917,6839281.9265056922.1729668125,6839281.9265056922,2024-10-23 07:21:11.348276,2024-10-23,mobile,United States,google,cpc,brand_search,Paid,123.8,123.8,4.0,3,2,['Accessories' 'Lifestyle'],1,True,,30.95,7,Wednesday,554
T0000842,8630455.2714003290.1727456856,8630455.2714003290,2024-09-27 17:15:32.455686,2024-09-27,desktop,United States,(direct),(none),(direct),Direct,123.77,123.77,3.0,3,3,['Accessories' 'Drinkware' 'Lifestyle'],1,True,,41.26,17,Friday,555
T0001258,6027883.5692462290.1728390487,6027883.5692462290,2024-10-08 12:25:23.415248,2024-10-08,mobile,United States,(direct),(none),(direct),Direct,123.71,123.71,3.0,3,3,['Apparel' 'Drinkware' 'Lifestyle'],1,True,,41.24,12,Tuesday,556
T0001397,4069403.7367220280.1728680855,4069403.7367220280,2024-10-11 21:14:57.759930,2024-10-11,tablet,United Kingdom,(direct),(none),(direct),Direct,123.67,123.67,4.0,3,2,['Apparel' 'Lifestyle'],1,True,,30.92,21,Friday,557
T0004052,3965159.6681582852.1732796952,3965159.6681582852,2024-11-28 12:44:59.731368,2024-11-28,mobile,France,newsletter,email,weekly_drop,Email,123.37,123.37,4.0,3,3,['Bags' 'Lifestyle' 'Office'],1,True,,30.84,12,Thursday,558
T0004443,7473855.4667216233.1732989707,7473855.4667216233,2024-11-30 17:57:41.082130,2024-11-30,desktop,United Kingdom,(direct),(none),(direct),Direct,123.32,123.32,2.0,1,1,['Apparel'],1,True,,61.66,17,Saturday,559
T0002119,4307401.9447275088.1730016525,4307401.9447275088,2024-10-27 08:09:58.035660,2024-10-27,mobile,India,google,cpc,brand_search,Paid,123.26,123.26,2.0,2,2,['Apparel' 'Electronics'],1,True,,61.63,8,Sunday,560
T0003613,4873355.5334436917.1732547514,4873355.5334436917,2024-11-25 15:23:01.813007,2024-11-25,desktop,Japan,google,cpc,shopping_feed,Paid,123.15,123.15,3.0,2,2,['Apparel' 'Drinkware'],1,True,,41.05,15,Monday,561
T0000344,8127900.5310047678.1726345694,8127900.5310047678,2024-09-14 20:30:15.261184,2024-09-14,mobile,Germany,google,organic,(organic),Organic Search,123.14,123.14,1.0,1,1,['Bags'],1,True,,123.14,20,Saturday,562
T0003802,4375476.1732639199.1732657517,4375476.1732639199,2024-11-26 21:43:46.182072,2024-11-26,desktop,Canada,(direct),(none),(direct),Direct,123.07,123.07,3.0,3,1,['Apparel'],1,True,,41.02,21,Tuesday,563
T0000838,1467515.4883496236.1727450263,1467515.4883496236,2024-09-27 15:22:04.793041,2024-09-27,desktop,Canada,google,organic,(organic),Organic Search,123.05,123.05,4.0,3,3,['Accessories' 'Bags' 'Lifestyle'],1,True,,30.76,15,Friday,564
T0000053,5214724.6380370274.1725441307,5214724.6380370274,2024-09-04 09:15:54.989070,2024-09-04,mobile,United States,google,cpc,brand_search,Paid,122.84,122.84,3.0,2,2,['Accessories' 'Apparel'],1,True,,40.95,9,Wednesday,565
T0003606,4522267.4983064253.1732545699,4522267.4983064253,2024-11-25 14:50:57.227151,2024-11-25,desktop,India,google,cpc,shopping_feed,Paid,122.84,122.84,3.0,2,2,['Bags' 'Drinkware'],1,True,,40.95,14,Monday,565
T0000394,3722114.8000054617.1726479081,3722114.8000054617,2024-09-16 09:20:25.488378,2024-09-16,desktop,United States,(direct),(none),(direct),Direct,122.76,122.76,2.0,2,2,['Lifestyle' 'Office'],1,True,,61.38,9,Monday,566
T0002881,1204500.3425287053.1731316284,1204500.3425287053,2024-11-11 09:20:55.667142,2024-11-11,desktop,United States,(direct),(none),(direct),Direct,122.69,122.69,3.0,3,3,['Apparel' 'Drinkware' 'Office'],1,True,,40.9,9,Monday,567
T0003575,2711694.4589190162.1732522271,2711694.4589190162,2024-11-25 08:28:29.476682,2024-11-25,tablet,United States,(direct),(none),(direct),Direct,122.42,122.42,3.0,2,2,['Apparel' 'Stationery'],1,True,,40.81,8,Monday,568
T0002307,1469329.6155320073.1730363570,1469329.6155320073,2024-10-31 08:29:26.461964,2024-10-31,desktop,Canada,google,organic,(organic),Organic Search,122.33,122.33,2.0,2,2,['Apparel' 'Bags'],2,False,3,61.17,8,Thursday,569
T0002602,3563726.8958936988.1730838207,3563726.8958936988,2024-11-05 20:24:21.159915,2024-11-05,desktop,United States,(direct),(none),(direct),Direct,122.33,122.33,3.0,2,2,['Accessories' 'Electronics'],1,True,,40.78,20,Tuesday,569
T0002856,2254794.5613278878.1731271097,2254794.5613278878,2024-11-10 20:40:19.603539,2024-11-10,desktop,United States,partners,affiliate,coupon_partners,Affiliate,122.25,122.25,3.0,3,3,['Accessories' 'Apparel' 'Electronics'],2,False,14,40.75,20,Sunday,570
T0004232,8815780.5306059389.1732876815,8815780.5306059389,2024-11-29 10:49:24.903184,2024-11-29,desktop,United States,google,cpc,shopping_feed,Paid,122.11,122.11,2.0,2,1,['Bags'],1,True,,61.06,10,Friday,571
T0001845,3812928.9423417497.1729553215,3812928.9423417497,2024-10-21 23:21:25.535097,2024-10-21,mobile,United States,google,organic,(organic),Organic Search,122.01,122.01,3.0,2,2,['Accessories' 'Apparel'],1,True,,40.67,23,Monday,572
T0002262,8041343.3080594459.1730292954,8041343.3080594459,2024-10-30 13:05:40.482798,2024-10-30,desktop,United States,(direct),(none),(direct),Direct,122.0,122.0,2.0,2,2,['Bags' 'Office'],1,True,,61.0,13,Wednesday,573
T0001941,8227305.1986273785.1729703163,8227305.1986273785,2024-10-23 17:05:17.437715,2024-10-23,desktop,United Kingdom,google,cpc,shopping_feed,Paid,121.95,121.95,3.0,3,3,['Accessories' 'Apparel' 'Drinkware'],1,True,,40.65,17,Wednesday,574
T0004085,1673056.9044052752.1732807751,1673056.9044052752,2024-11-28 15:21:34.955547,2024-11-28,desktop,United States,google,organic,(organic),Organic Search,121.91,121.91,3.0,2,2,['Bags' 'Office'],2,False,2,40.64,15,Thursday,575
T0004049,8878020.7851434264.1732797229,8878020.7851434264,2024-11-28 12:30:48.430054,2024-11-28,mobile,France,google,cpc,shopping_feed,Paid,121.6,121.6,3.0,3,3,['Accessories' 'Apparel' 'Office'],1,True,,40.53,12,Thursday,576
T0002498,1693320.5975327054.1730658456,1693320.5975327054,2024-11-03 18:41:15.204532,2024-11-03,mobile,India,google,cpc,shopping_feed,Paid,121.51,121.51,3.0,3,3,['Accessories' 'Apparel' 'Bags'],1,True,,40.5,18,Sunday,577
T0003256,6926651.2675844197.1732024097,6926651.2675844197,2024-11-19 13:56:17.649635,2024-11-19,desktop,United States,(direct),(none),(direct),Direct,121.46,121.46,2.0,1,1,['Apparel'],1,True,,60.73,13,Tuesday,578
T0000816,9421508.6018780397.1727414212,9421508.6018780397,2024-09-27 05:12:33.828581,2024-09-27,tablet,United States,google,cpc,brand_search,Paid,121.46,121.46,2.0,1,1,['Apparel'],1,True,,60.73,5,Friday,578
T0002186,2122302.2321942991.1730140377,2122302.2321942991,2024-10-28 18:48:31.204578,2024-10-28,tablet,Mexico,newsletter,email,weekly_drop,Email,121.46,121.46,2.0,1,1,['Apparel'],1,True,,60.73,18,Monday,578
T0000714,3639116.4764593226.1727192337,3639116.4764593226,2024-09-24 15:45:01.945109,2024-09-24,mobile,Singapore,google,organic,(organic),Organic Search,121.46,121.46,2.0,1,1,['Apparel'],1,True,,60.73,15,Tuesday,578
T0003922,1216989.5098044065.1732725542,1216989.5098044065,2024-11-27 16:38:37.236078,2024-11-27,desktop,United States,google,organic,(organic),Organic Search,121.46,121.46,2.0,1,1,['Apparel'],1,True,,60.73,16,Wednesday,578
T0000257,3862888.8159534716.1726098535,3862888.8159534716,2024-09-11 23:56:09.439290,2024-09-11,desktop,United States,google,cpc,shopping_feed,Paid,121.2,121.2,4.0,3,3,['Apparel' 'Office' 'Stationery'],1,True,,30.3,23,Wednesday,579
T0001508,7501965.5412484517.1728915566,7501965.5412484517,2024-10-14 14:20:05.996976,2024-10-14,mobile,United States,google,organic,(organic),Organic Search,121.09,121.09,4.0,3,2,['Apparel' 'Office'],1,True,,30.27,14,Monday,580
T0002621,9741058.8639993944.1730862547,9741058.8639993944,2024-11-06 03:14:36.587366,2024-11-06,tablet,United States,(direct),(none),(direct),Direct,120.98,120.98,4.0,3,2,['Apparel' 'Lifestyle'],2,False,22,30.25,3,Wednesday,581
T0002557,9008256.4392929719.1730753395,9008256.4392929719,2024-11-04 20:52:00.105388,2024-11-04,desktop,Australia,google,organic,(organic),Organic Search,120.92,120.92,2.0,2,2,['Apparel' 'Lifestyle'],1,True,,60.46,20,Monday,582
T0002140,9539910.6123547221.1730054299,9539910.6123547221,2024-10-27 18:35:26.067819,2024-10-27,mobile,United States,google,organic,(organic),Organic Search,120.89,120.89,2.0,2,2,['Apparel' 'Bags'],1,True,,60.45,18,Sunday,583
T0000559,2233470.5441446836.1726845687,2233470.5441446836,2024-09-20 15:33:04.853523,2024-09-20,desktop,Australia,(direct),(none),(direct),Direct,120.89,120.89,2.0,2,2,['Apparel' 'Bags'],1,True,,60.45,15,Friday,583
T0001438,5434553.4646978534.1728760820,5434553.4646978534,2024-10-12 19:20:58.694899,2024-10-12,desktop,India,(direct),(none),(direct),Direct,120.79,120.79,4.0,3,2,['Apparel' 'Lifestyle'],2,False,25,30.2,19,Saturday,584
T0003134,5971504.6269395180.1731795786,5971504.6269395180,2024-11-16 22:30:35.633636,2024-11-16,desktop,United States,google,cpc,shopping_feed,Paid,120.74,120.74,3.0,2,1,['Apparel'],2,False,7,40.25,22,Saturday,585
T0004025,8210738.3639361782.1732783047,8210738.3639361782,2024-11-28 08:30:20.270057,2024-11-28,tablet,United States,(direct),(none),(direct),Direct,120.68,120.68,2.0,2,2,['Apparel' 'Bags'],1,True,,60.34,8,Thursday,586
T0000049,9771563.5938977648.1725433355,9771563.5938977648,2024-09-04 07:08:46.390891,2024-09-04,mobile,Singapore,google,cpc,shopping_feed,Paid,120.65,120.65,2.0,2,2,['Bags' 'Office'],1,True,,60.33,7,Wednesday,587
T0002809,2270604.3267668303.1731185568,2270604.3267668303,2024-11-09 21:08:30.921022,2024-11-09,mobile,United States,partners,affiliate,coupon_partners,Affiliate,120.41,120.41,5.0,3,3,['Accessories' 'Drinkware' 'Office'],1,True,,24.08,21,Saturday,588
T0003435,9638586.5759357891.1732305547,9638586.5759357891,2024-11-22 20:16:31.929398,2024-11-22,mobile,United States,google,organic,(organic),Organic Search,120.37,120.37,4.0,3,2,['Accessories' 'Apparel'],1,True,,30.09,20,Friday,589
T0000921,5590601.4229652420.1727632971,5590601.4229652420,2024-09-29 18:12:39.340824,2024-09-29,mobile,United Kingdom,(direct),(none),(direct),Direct,120.3,120.3,3.0,3,2,['Apparel' 'Stationery'],1,True,,40.1,18,Sunday,590
T0001513,8316109.7502953332.1728923764,8316109.7502953332,2024-10-14 16:45:44.161797,2024-10-14,mobile,India,google,cpc,shopping_feed,Paid,119.96,119.96,3.0,2,2,['Accessories' 'Lifestyle'],2,False,4,39.99,16,Monday,591
T0001862,2424418.9577691784.1729596307,2424418.9577691784,2024-10-22 11:21:36.939489,2024-10-22,desktop,United States,(direct),(none),(direct),Direct,119.9,119.9,2.0,1,1,['Bags'],1,True,,59.95,11,Tuesday,592
T0001399,6951193.5506988431.1728682934,6951193.5506988431,2024-10-11 21:42:44.768029,2024-10-11,desktop,United States,google,cpc,shopping_feed,Paid,119.9,119.9,2.0,1,1,['Bags'],1,True,,59.95,21,Friday,592
T0003708,4192198.5830457418.1732614172,4192198.5830457418,2024-11-26 09:43:46.986118,2024-11-26,desktop,United Kingdom,newsletter,email,weekly_drop,Email,119.82,119.82,2.0,2,2,['Apparel' 'Bags'],2,False,25,59.91,9,Tuesday,593
T0001250,1825954.4047447632.1728376694,1825954.4047447632,2024-10-08 08:45:48.567289,2024-10-08,tablet,France,google,cpc,shopping_feed,Paid,119.82,119.82,2.0,2,2,['Apparel' 'Bags'],1,True,,59.91,8,Tuesday,593
T0001306,9316631.1532577931.1728482003,9316631.1532577931,2024-10-09 13:58:01.128241,2024-10-09,desktop,France,youtube.com,referral,(referral),Referral,119.82,119.82,2.0,2,2,['Apparel' 'Bags'],1,True,,59.91,13,Wednesday,593
T0000940,2691376.1220120233.1727680580,2691376.1220120233,2024-09-30 07:24:34.542767,2024-09-30,desktop,United States,(direct),(none),(direct),Direct,119.71,119.71,2.0,2,2,['Accessories' 'Bags'],1,True,,59.86,7,Monday,594
T0000357,8384510.6033760823.1726389827,8384510.6033760823,2024-09-15 08:43:29.625591,2024-09-15,mobile,United Kingdom,google,organic,(organic),Organic Search,119.7,119.7,2.0,2,2,['Bags' 'Drinkware'],1,True,,59.85,8,Sunday,595
T0000063,2243086.5636641546.1725475391,2243086.5636641546,2024-09-04 18:56:37.660613,2024-09-04,mobile,United Kingdom,partners,affiliate,coupon_partners,Affiliate,119.68,119.68,3.0,2,2,['Accessories' 'Lifestyle'],1,True,,39.89,18,Wednesday,596
T0004087,9799610.6624396180.1732807720,9799610.6624396180,2024-11-28 15:35:08.294289,2024-11-28,desktop,United States,google,cpc,brand_search,Paid,119.68,119.68,3.0,2,2,['Accessories' 'Lifestyle'],1,True,,39.89,15,Thursday,596
T0004191,3184027.8748728593.1732849813,3184027.8748728593,2024-11-29 03:19:56.252212,2024-11-29,desktop,United States,(direct),(none),(direct),Direct,119.68,119.68,3.0,2,2,['Accessories' 'Lifestyle'],1,True,,39.89,3,Friday,596
T0004121,7754307.3127183883.1732820209,7754307.3127183883,2024-11-28 19:03:22.138484,2024-11-28,desktop,United States,google,cpc,shopping_feed,Paid,119.65,119.65,3.0,3,2,['Accessories' 'Lifestyle'],1,True,,39.88,19,Thursday,597
T0000006,1159660.9657867439.1725222544,1159660.9657867439,2024-09-01 20:33:14.955777,2024-09-01,mobile,United States,(direct),(none),(direct),Direct,119.62,119.62,2.0,2,2,['Accessories' 'Lifestyle'],1,True,,59.81,20,Sunday,598
T0002446,9621434.2218058605.1730575286,9621434.2218058605,2024-11-02 19:15:10.213970,2024-11-02,desktop,Canada,google,cpc,brand_search,Paid,119.55,119.55,3.0,2,1,['Apparel'],1,True,,39.85,19,Saturday,599
T0002474,3031431.2138480501.1730622730,3031431.2138480501,2024-11-03 08:41:40.667572,2024-11-03,mobile,United States,google,organic,(organic),Organic Search,119.5,119.5,3.0,3,3,['Accessories' 'Drinkware' 'Lifestyle'],1,True,,39.83,8,Sunday,600
T0004006,3907580.1941513628.1732773556,3907580.1941513628,2024-11-28 05:54:43.878008,2024-11-28,mobile,United States,google,organic,(organic),Organic Search,119.42,119.42,3.0,3,2,['Accessories' 'Apparel'],1,True,,39.81,5,Thursday,601
T0003523,9111471.5598509961.1732466879,9111471.5598509961,2024-11-24 16:55:18.939609,2024-11-24,desktop,France,google,organic,(organic),Organic Search,119.42,119.42,3.0,2,2,['Accessories' 'Apparel'],1,True,,39.81,16,Sunday,601
T0003713,6952034.8093366594.1732617716,6952034.8093366594,2024-11-26 10:46:01.826683,2024-11-26,desktop,United States,google,cpc,brand_search,Paid,119.37,119.37,5.0,3,3,['Accessories' 'Apparel' 'Office'],1,True,,23.87,10,Tuesday,602
T0002948,7865040.7799857922.1731438886,7865040.7799857922,2024-11-12 19:25:22.862005,2024-11-12,desktop,Canada,google,cpc,shopping_feed,Paid,119.28,119.28,3.0,2,2,['Apparel' 'Drinkware'],1,True,,39.76,19,Tuesday,603
T0002734,1215663.5703608073.1731076908,1215663.5703608073,2024-11-08 14:49:04.420029,2024-11-08,desktop,United States,google,organic,(organic),Organic Search,119.15,119.15,5.0,2,2,['Accessories' 'Office'],1,True,,23.83,14,Friday,604
T0000191,1861628.5068880397.1725931292,1861628.5068880397,2024-09-10 01:14:21.640211,2024-09-10,desktop,United States,youtube.com,referral,(referral),Referral,119.1,119.1,4.0,3,2,['Accessories' 'Apparel'],1,True,,29.78,1,Tuesday,605
T0001499,7846910.8131644854.1728905306,7846910.8131644854,2024-10-14 11:34:37.568146,2024-10-14,desktop,United States,youtube.com,referral,(referral),Referral,118.82,118.82,4.0,3,3,['Bags' 'Electronics' 'Headgear'],1,True,,29.71,11,Monday,606
T0000338,6877256.9360636349.1726337690,6877256.9360636349,2024-09-14 18:25:12.243656,2024-09-14,mobile,France,(direct),(none),(direct),Direct,118.72,118.72,3.0,3,2,['Apparel' 'Office'],1,True,,39.57,18,Saturday,607
T0001398,4830032.7469745884.1728682694,4830032.7469745884,2024-10-11 21:40:32.804699,2024-10-11,desktop,United States,(direct),(none),(direct),Direct,118.68,118.68,2.0,2,2,['Drinkware' 'Lifestyle'],1,True,,59.34,21,Friday,608
T0003377,8356075.4174214381.1732214564,8356075.4174214381,2024-11-21 18:43:18.724526,2024-11-21,mobile,United States,google,organic,(organic),Organic Search,118.58,118.58,2.0,2,2,['Apparel' 'Electronics'],1,True,,59.29,18,Thursday,609
T0002533,6001663.9896110649.1730716151,6001663.9896110649,2024-11-04 10:27:54.399515,2024-11-04,desktop,United States,google,organic,(organic),Organic Search,118.5,118.5,2.0,2,2,['Accessories' 'Bags'],1,True,,59.25,10,Monday,610
T0002386,8848468.5563941096.1730487082,8848468.5563941096,2024-11-01 19:06:43.932972,2024-11-01,desktop,Germany,google,organic,(organic),Organic Search,118.38,118.38,2.0,2,2,['Accessories' 'Lifestyle'],1,True,,59.19,19,Friday,611
T0000225,6756903.1163057280.1726041434,6756903.1163057280,2024-09-11 07:54:57.998744,2024-09-11,mobile,United Kingdom,newsletter,email,weekly_drop,Email,118.13,118.13,3.0,3,3,['Apparel' 'Drinkware' 'Office'],1,True,,39.38,7,Wednesday,612
T0000641,1749281.8164631054.1727026001,1749281.8164631054,2024-09-22 17:28:01.477689,2024-09-22,desktop,United States,(direct),(none),(direct),Direct,117.87,117.87,3.0,3,1,['Apparel'],1,True,,39.29,17,Sunday,613
T0003684,4015908.5103271642.1732585240,4015908.5103271642,2024-11-26 01:44:44.196565,2024-11-26,desktop,Canada,(direct),(none),(direct),Direct,117.82,117.82,2.0,2,2,['Lifestyle' 'Office'],1,True,,58.91,1,Tuesday,614
T0001565,1744859.8236216692.1729015947,1744859.8236216692,2024-10-15 18:25:03.759248,2024-10-15,mobile,Canada,google,cpc,shopping_feed,Paid,117.77,117.77,2.0,2,2,['Apparel' 'Lifestyle'],1,True,,58.89,18,Tuesday,615
T0002825,2712278.5234127682.1731225917,2712278.5234127682,2024-11-10 08:02:40.336857,2024-11-10,mobile,United States,google,organic,(organic),Organic Search,117.77,117.77,4.0,3,2,['Accessories' 'Bags'],1,True,,29.44,8,Sunday,615
T0004306,8598821.8160096087.1732908244,8598821.8160096087,2024-11-29 19:24:17.731161,2024-11-29,desktop,United States,(direct),(none),(direct),Direct,117.77,117.77,2.0,2,2,['Apparel' 'Lifestyle'],1,True,,58.89,19,Friday,615
T0000807,4333628.8284221790.1727387867,4333628.8284221790,2024-09-26 21:59:16.696550,2024-09-26,desktop,Mexico,(direct),(none),(direct),Direct,117.65,117.65,4.0,3,3,['Accessories' 'Bags' 'Stationery'],1,True,,29.41,21,Thursday,616
T0000194,8424360.5061011203.1725943888,8424360.5061011203,2024-09-10 04:57:38.182510,2024-09-10,desktop,Mexico,newsletter,email,weekly_drop,Email,117.61,117.61,5.0,3,3,['Accessories' 'Apparel' 'Stationery'],1,True,,23.52,4,Tuesday,617
T0003493,4756100.3804605137.1732409784,4756100.3804605137,2024-11-24 00:52:29.141942,2024-11-24,desktop,France,youtube.com,referral,(referral),Referral,117.61,117.61,3.0,3,3,['Accessories' 'Bags' 'Stationery'],1,True,,39.2,0,Sunday,617
T0001793,1414878.5140944767.1729444348,1414878.5140944767,2024-10-20 17:21:30.023290,2024-10-20,desktop,Canada,(direct),(none),(direct),Direct,117.52,117.52,2.0,1,1,['Bags'],1,True,,58.76,17,Sunday,618
T0004367,7049432.6227296202.1732941330,7049432.6227296202,2024-11-30 04:31:38.606800,2024-11-30,desktop,India,(direct),(none),(direct),Direct,117.52,117.52,2.0,1,1,['Bags'],1,True,,58.76,4,Saturday,618
T0000967,9486233.8449425690.1727726087,9486233.8449425690,2024-09-30 20:10:55.614030,2024-09-30,desktop,United States,google,cpc,shopping_feed,Paid,117.52,117.52,2.0,1,1,['Bags'],1,True,,58.76,20,Monday,618
T0000947,5071523.8003258748.1727696733,5071523.8003258748,2024-09-30 11:44:37.172681,2024-09-30,desktop,Singapore,google,organic,(organic),Organic Search,117.52,117.52,2.0,1,1,['Bags'],1,True,,58.76,11,Monday,618
T0001414,4226425.9820223255.1728712731,4226425.9820223255,2024-10-12 06:18:29.697685,2024-10-12,mobile,United States,(direct),(none),(direct),Direct,117.52,117.52,2.0,1,1,['Bags'],1,True,,58.76,6,Saturday,618
T0003583,8833106.1315343134.1732530917,8833106.1315343134,2024-11-25 10:28:22.152394,2024-11-25,mobile,Australia,(direct),(none),(direct),Direct,117.52,117.52,2.0,1,1,['Bags'],1,True,,58.76,10,Monday,618
T0003890,2509326.5307864045.1732710388,2509326.5307864045,2024-11-27 12:41:27.550502,2024-11-27,mobile,United States,google,cpc,shopping_feed,Paid,117.52,117.52,2.0,1,1,['Bags'],1,True,,58.76,12,Wednesday,618
T0004464,9125759.9010876915.1732998219,9125759.9010876915,2024-11-30 20:27:02.118795,2024-11-30,mobile,Netherlands,google,cpc,brand_search,Paid,117.5,117.5,4.0,3,3,['Accessories' 'Office' 'Stationery'],1,True,,29.38,20,Saturday,619
T0002594,7386536.4163694625.1730824557,7386536.4163694625,2024-11-05 16:42:35.392761,2024-11-05,mobile,Japan,facebook,paid_social,prospecting_broad,Paid,117.42,117.42,4.0,3,2,['Accessories' 'Office'],1,True,,29.36,16,Tuesday,620
T0004379,3748146.1862684263.1732958242,3748146.1862684263,2024-11-30 09:16:11.412508,2024-11-30,desktop,United States,google,cpc,brand_search,Paid,117.38,117.38,2.0,2,2,['Apparel' 'Bags'],1,True,,58.69,9,Saturday,621
T0003380,7400767.2463908475.1732219532,7400767.2463908475,2024-11-21 19:58:12.288731,2024-11-21,tablet,United States,(direct),(none),(direct),Direct,117.35,117.35,2.0,2,2,['Headgear' 'Lifestyle'],1,True,,58.68,19,Thursday,622
T0003642,5716713.5033175872.1732564360,5716713.5033175872,2024-11-25 19:46:35.370828,2024-11-25,desktop,United States,(direct),(none),(direct),Direct,117.34,117.34,2.0,2,2,['Accessories' 'Lifestyle'],1,True,,58.67,19,Monday,623
T0003736,9175267.5309058611.1732625285,9175267.5309058611,2024-11-26 12:49:39.294184,2024-11-26,desktop,Australia,(direct),(none),(direct),Direct,117.32,117.32,4.0,3,3,['Accessories' 'Bags' 'Lifestyle'],1,True,,29.33,12,Tuesday,624
T0000321,2192553.3680322076.1726282224,2192553.3680322076,2024-09-14 02:42:16.435925,2024-09-14,desktop,Japan,(direct),(none),(direct),Direct,117.27,117.27,3.0,3,3,['Bags' 'Drinkware' 'Electronics'],1,True,,39.09,2,Saturday,625
T0001324,5112975.9184948624.1728511442,5112975.9184948624,2024-10-09 22:15:41.587164,2024-10-09,desktop,United States,(direct),(none),(direct),Direct,117.26,117.26,2.0,2,2,['Accessories' 'Bags'],1,True,,58.63,22,Wednesday,626
T0002928,2622579.4987551674.1731405548,2622579.4987551674,2024-11-12 10:10:46.903476,2024-11-12,mobile,United States,google,organic,(organic),Organic Search,117.26,117.26,2.0,2,2,['Accessories' 'Electronics'],1,True,,58.63,10,Tuesday,626
T0000276,6174624.7110657639.1726161237,6174624.7110657639,2024-09-12 17:13:56.964168,2024-09-12,mobile,Australia,facebook,paid_social,prospecting_broad,Paid,117.25,117.25,3.0,3,3,['Apparel' 'Bags' 'Lifestyle'],1,True,,39.08,17,Thursday,627
T0003582,2373439.2504432073.1732528218,2373439.2504432073,2024-11-25 09:54:02.315182,2024-11-25,desktop,United States,google,organic,(organic),Organic Search,117.19,117.19,3.0,3,3,['Electronics' 'Office' 'Stationery'],1,True,,39.06,9,Monday,628
T0002022,1362782.6136454646.1729849313,1362782.6136454646,2024-10-25 09:40:03.982054,2024-10-25,desktop,Mexico,(direct),(none),(direct),Direct,117.11,117.11,2.0,2,2,['Apparel' 'Bags'],1,True,,58.56,9,Friday,629
T0001212,3022698.4368883828.1728294285,3022698.4368883828,2024-10-07 09:42:00.159292,2024-10-07,mobile,United States,google,cpc,shopping_feed,Paid,117.1,117.1,2.0,2,1,['Apparel'],1,True,,58.55,9,Monday,630
T0001193,6270977.9562643280.1728238421,6270977.9562643280,2024-10-06 18:12:41.013253,2024-10-06,mobile,United States,google,cpc,brand_search,Paid,116.94,116.94,4.0,3,3,['Apparel' 'Lifestyle' 'Stationery'],1,True,,29.24,18,Sunday,631
T0000486,3969459.4300481846.1726686266,3969459.4300481846,2024-09-18 19:03:17.241023,2024-09-18,desktop,Germany,(direct),(none),(direct),Direct,116.91,116.91,3.0,2,2,['Accessories' 'Apparel'],1,True,,38.97,19,Wednesday,632
T0000266,7302571.6901202979.1726135288,7302571.6901202979,2024-09-12 10:06:25.997555,2024-09-12,mobile,United States,newsletter,email,weekly_drop,Email,116.88,116.88,4.0,3,3,['Accessories' 'Drinkware' 'Office'],1,True,,29.22,10,Thursday,633
T0004076,5492438.7042771093.1732803567,5492438.7042771093,2024-11-28 14:23:48.662041,2024-11-28,desktop,Germany,google,cpc,brand_search,Paid,116.81,116.81,3.0,3,3,['Apparel' 'Bags' 'Drinkware'],1,True,,38.94,14,Thursday,634
T0004011,6770100.5179016525.1732775755,6770100.5179016525,2024-11-28 06:43:21.594272,2024-11-28,desktop,United States,google,cpc,brand_search,Paid,116.77,116.77,4.0,3,2,['Apparel' 'Drinkware'],1,True,,29.19,6,Thursday,635
T0000297,4166057.1295167237.1726229417,4166057.1295167237,2024-09-13 12:11:29.455747,2024-09-13,desktop,Australia,google,cpc,shopping_feed,Paid,116.68,116.68,3.0,2,2,['Drinkware' 'Electronics'],1,True,,38.89,12,Friday,636
T0000416,7518148.1146839325.1726505834,7518148.1146839325,2024-09-16 16:54:14.693905,2024-09-16,mobile,India,google,cpc,shopping_feed,Paid,116.66,116.66,3.0,3,3,['Apparel' 'Bags' 'Office'],1,True,,38.89,16,Monday,637
T0001714,1521319.9012590818.1729277657,1521319.9012590818,2024-10-18 19:00:01.884526,2024-10-18,tablet,France,google,organic,(organic),Organic Search,116.49,116.49,3.0,2,1,['Apparel'],1,True,,38.83,19,Friday,638
T0000943,7187304.5123363905.1727687313,7187304.5123363905,2024-09-30 09:14:32.995485,2024-09-30,desktop,United States,google,cpc,brand_search,Paid,116.31,116.31,3.0,3,2,['Accessories' 'Apparel'],1,True,,38.77,9,Monday,639
T0001822,9071304.2455383283.1729517267,9071304.2455383283,2024-10-21 13:47:55.266209,2024-10-21,mobile,Mexico,google,cpc,brand_search,Paid,116.07,116.07,5.0,3,1,['Apparel'],1,True,,23.21,13,Monday,640
T0002795,6808491.1351256884.1731169240,6808491.1351256884,2024-11-09 16:24:22.447069,2024-11-09,desktop,Australia,google,cpc,brand_search,Paid,116.05,116.05,2.0,2,2,['Apparel' 'Lifestyle'],1,True,,58.03,16,Saturday,641
T0001781,8735614.9390464513.1729414495,8735614.9390464513,2024-10-20 09:22:04.996717,2024-10-20,mobile,United States,google,organic,(organic),Organic Search,115.85,115.85,3.0,3,3,['Apparel' 'Office' 'Stationery'],2,False,5,38.62,9,Sunday,642
T0000984,1968520.6031967975.1727759249,1968520.6031967975,2024-10-01 05:14:12.468616,2024-10-01,mobile,United States,newsletter,email,weekly_drop,Email,115.78,115.78,1.0,1,1,['Electronics'],1,True,,115.78,5,Tuesday,643
T0002665,5857981.7197986779.1730931528,5857981.7197986779,2024-11-06 22:28:38.380660,2024-11-06,desktop,India,google,cpc,brand_search,Paid,115.75,115.75,2.0,2,2,['Apparel' 'Electronics'],1,True,,57.88,22,Wednesday,644
T0000837,8910397.6479761219.1727448987,8910397.6479761219,2024-09-27 15:00:33.201919,2024-09-27,desktop,United States,google,cpc,brand_search,Paid,115.52,115.52,2.0,2,2,['Drinkware' 'Lifestyle'],2,False,1,57.76,15,Friday,645
T0001268,4052960.2034697363.1728407076,4052960.2034697363,2024-10-08 17:10:11.678435,2024-10-08,desktop,United States,(direct),(none),(direct),Direct,115.42,115.42,3.0,3,2,['Apparel' 'Stationery'],1,True,,38.47,17,Tuesday,646
T0002003,1462555.1802948919.1729810966,1462555.1802948919,2024-10-24 23:06:58.178754,2024-10-24,desktop,United States,google,organic,(organic),Organic Search,115.26,115.26,3.0,2,2,['Lifestyle' 'Office'],1,True,,38.42,23,Thursday,647
T0002358,4426644.1099361971.1730440445,4426644.1099361971,2024-11-01 05:56:34.734007,2024-11-01,mobile,United States,google,organic,(organic),Organic Search,115.21,115.21,5.0,2,2,['Accessories' 'Apparel'],1,True,,23.04,5,Friday,648
T0002205,3006130.1604308132.1730173871,3006130.1604308132,2024-10-29 03:53:01.195258,2024-10-29,mobile,United States,google,organic,(organic),Organic Search,115.17,115.17,3.0,2,2,['Accessories' 'Apparel'],2,False,7,38.39,3,Tuesday,649
T0001661,7404353.8760916896.1729185463,7404353.8760916896,2024-10-17 17:30:19.012928,2024-10-17,desktop,Japan,(direct),(none),(direct),Direct,115.17,115.17,3.0,2,2,['Accessories' 'Apparel'],1,True,,38.39,17,Thursday,649
T0004214,3447104.8161114284.1732868309,3447104.8161114284,2024-11-29 08:22:49.208270,2024-11-29,desktop,United States,google,cpc,brand_search,Paid,115.15,115.15,1.0,1,1,['Bags'],1,True,,115.15,8,Friday,650
T0001443,3174514.2322179655.1728775824,3174514.2322179655,2024-10-12 23:34:41.946201,2024-10-12,desktop,United States,google,organic,(organic),Organic Search,115.15,115.15,1.0,1,1,['Bags'],1,True,,115.15,23,Saturday,650
T0001070,8135637.8134912834.1727965648,8135637.8134912834,2024-10-03 14:32:10.504082,2024-10-03,tablet,Australia,facebook,paid_social,prospecting_broad,Paid,115.08,115.08,3.0,3,3,['Apparel' 'Drinkware' 'Lifestyle'],1,True,,38.36,14,Thursday,651
T0002350,9191281.4315050066.1730418035,9191281.4315050066,2024-10-31 23:41:37.061685,2024-10-31,mobile,Canada,(direct),(none),(direct),Direct,115.07,115.07,4.0,3,3,['Accessories' 'Apparel' 'Headgear'],1,True,,28.77,23,Thursday,652
T0000373,6624918.2149701913.1726422440,6624918.2149701913,2024-09-15 17:49:26.037341,2024-09-15,desktop,Brazil,google,cpc,shopping_feed,Paid,115.03,115.03,3.0,2,2,['Accessories' 'Apparel'],1,True,,38.34,17,Sunday,653
T0001502,4262491.4313882872.1728908818,4262491.4313882872,2024-10-14 12:27:12.344345,2024-10-14,mobile,France,google,cpc,shopping_feed,Paid,115.0,115.0,4.0,2,2,['Accessories' 'Apparel'],1,True,,28.75,12,Monday,654
T0000849,5137586.2742583696.1727465065,5137586.2742583696,2024-09-27 19:27:52.546983,2024-09-27,mobile,United States,(direct),(none),(direct),Direct,114.94,114.94,3.0,2,2,['Accessories' 'Bags'],1,True,,38.31,19,Friday,655
T0000384,8657813.9532536154.1726437657,8657813.9532536154,2024-09-15 22:01:57.458832,2024-09-15,desktop,United States,google,cpc,shopping_feed,Paid,114.87,114.87,2.0,2,2,['Lifestyle' 'Office'],1,True,,57.44,22,Sunday,656
T0001081,9499700.9035091530.1727983825,9499700.9035091530,2024-10-03 19:27:39.684615,2024-10-03,mobile,Singapore,partners,affiliate,coupon_partners,Affiliate,114.78,114.78,1.0,1,1,['Bags'],1,True,,114.78,19,Thursday,657
T0000350,2709230.9001377245.1726352713,2709230.9001377245,2024-09-14 22:41:17.109275,2024-09-14,desktop,United States,google,organic,(organic),Organic Search,114.78,114.78,1.0,1,1,['Bags'],1,True,,114.78,22,Saturday,657
T0002109,8695077.9960558144.1730000756,8695077.9960558144,2024-10-27 03:50:55.489130,2024-10-27,desktop,Brazil,google,organic,(organic),Organic Search,114.78,114.78,1.0,1,1,['Bags'],1,True,,114.78,3,Sunday,657
T0002451,5416030.5435507630.1730579568,5416030.5435507630,2024-11-02 20:30:38.237154,2024-11-02,mobile,United States,newsletter,email,weekly_drop,Email,114.72,114.72,2.0,1,1,['Bags'],1,True,,57.36,20,Saturday,658
T0003052,9615628.3719010987.1731660414,9615628.3719010987,2024-11-15 08:57:37.085201,2024-11-15,desktop,Singapore,(direct),(none),(direct),Direct,114.72,114.72,2.0,1,1,['Bags'],1,True,,57.36,8,Friday,658
T0004151,6915565.2029668397.1732829737,6915565.2029668397,2024-11-28 21:33:29.328631,2024-11-28,desktop,Brazil,(direct),(none),(direct),Direct,114.72,114.72,2.0,1,1,['Bags'],1,True,,57.36,21,Thursday,658
T0000709,1137537.2688353132.1727183529,1137537.2688353132,2024-09-24 13:14:53.867180,2024-09-24,desktop,Germany,newsletter,email,weekly_drop,Email,114.72,114.72,2.0,1,1,['Bags'],1,True,,57.36,13,Tuesday,658
T0003959,8498896.7659026997.1732745788,8498896.7659026997,2024-11-27 22:11:58.448830,2024-11-27,desktop,United States,google,organic,(organic),Organic Search,114.72,114.72,2.0,1,1,['Bags'],1,True,,57.36,22,Wednesday,658
T0000380,8177607.1849853115.1726434585,8177607.1849853115,2024-09-15 21:26:17.256578,2024-09-15,tablet,India,facebook,paid_social,prospecting_broad,Paid,114.72,114.72,4.0,2,2,['Accessories' 'Apparel'],1,True,,28.68,21,Sunday,658
T0001090,3937490.4747795735.1727995212,3937490.4747795735,2024-10-03 22:53:09.026926,2024-10-03,desktop,Singapore,google,organic,(organic),Organic Search,114.72,114.72,2.0,1,1,['Bags'],1,True,,57.36,22,Thursday,658
T0004204,2819146.3188013285.1732862005,2819146.3188013285,2024-11-29 06:29:43.569396,2024-11-29,desktop,Germany,google,cpc,shopping_feed,Paid,114.72,114.72,2.0,1,1,['Bags'],1,True,,57.36,6,Friday,658
T0004320,3822159.3914097468.1732913715,3822159.3914097468,2024-11-29 20:57:44.025358,2024-11-29,desktop,United States,(direct),(none),(direct),Direct,114.6,114.6,4.0,3,3,['Apparel' 'Bags' 'Office'],1,True,,28.65,20,Friday,659
T0001083,3973119.9809632570.1727987350,3973119.9809632570,2024-10-03 20:36:10.893965,2024-10-03,mobile,United States,google,organic,(organic),Organic Search,114.52,114.52,3.0,3,2,['Accessories' 'Apparel'],1,True,,38.17,20,Thursday,660
T0002015,2483701.2620330474.1729830953,2483701.2620330474,2024-10-25 04:30:10.412788,2024-10-25,desktop,Australia,google,organic,(organic),Organic Search,114.52,114.52,3.0,3,2,['Accessories' 'Apparel'],1,True,,38.17,4,Friday,660
T0001231,3512321.2820471540.1728330365,3512321.2820471540,2024-10-07 19:53:02.094730,2024-10-07,mobile,United States,google,cpc,brand_search,Paid,114.37,114.37,2.0,2,2,['Bags' 'Drinkware'],1,True,,57.19,19,Monday,661
T0002403,1693520.8827454093.1730501000,1693520.8827454093,2024-11-01 23:05:24.714161,2024-11-01,tablet,United Kingdom,newsletter,email,weekly_drop,Email,114.36,114.36,3.0,3,3,['Accessories' 'Drinkware' 'Lifestyle'],1,True,,38.12,23,Friday,662
T0000959,2552702.7476035031.1727712880,2552702.7476035031,2024-09-30 16:22:51.147877,2024-09-30,desktop,United States,(direct),(none),(direct),Direct,114.32,114.32,2.0,2,2,['Accessories' 'Lifestyle'],1,True,,57.16,16,Monday,663
T0004184,4591623.3366244541.1732845661,4591623.3366244541,2024-11-29 02:08:57.649191,2024-11-29,desktop,Brazil,newsletter,email,weekly_drop,Email,114.32,114.32,2.0,2,2,['Accessories' 'Lifestyle'],1,True,,57.16,2,Friday,663
T0000824,6003018.2468731768.1727435857,6003018.2468731768,2024-09-27 11:17:04.965644,2024-09-27,mobile,United Kingdom,(direct),(none),(direct),Direct,114.28,114.28,2.0,1,1,['Apparel'],1,True,,57.14,11,Friday,664
T0001853,6284848.7053982296.1729581529,6284848.7053982296,2024-10-22 07:33:03.716147,2024-10-22,mobile,United States,(direct),(none),(direct),Direct,114.28,114.28,2.0,1,1,['Apparel'],1,True,,57.14,7,Tuesday,664
T0000687,5257901.8796203023.1727131663,5257901.8796203023,2024-09-23 22:41:38.125057,2024-09-23,mobile,United States,(direct),(none),(direct),Direct,114.23,114.23,1.0,1,1,['Electronics'],1,True,,114.23,22,Monday,665
T0001168,7147254.5955127092.1728185595,7147254.5955127092,2024-10-06 03:30:13.947848,2024-10-06,desktop,United States,newsletter,email,weekly_drop,Email,114.23,114.23,1.0,1,1,['Electronics'],2,False,2,114.23,3,Sunday,665
T0003688,9286240.4882807100.1732587904,9286240.4882807100,2024-11-26 02:17:08.810321,2024-11-26,desktop,United States,(direct),(none),(direct),Direct,114.22,114.22,3.0,3,2,['Accessories' 'Apparel'],1,True,,38.07,2,Tuesday,666
T0003445,4713189.4101027158.1732314701,4713189.4101027158,2024-11-22 22:47:25.592130,2024-11-22,mobile,India,google,cpc,shopping_feed,Paid,114.18,114.18,2.0,2,2,['Accessories' 'Lifestyle'],3,False,13,57.09,22,Friday,667
T0001564,3352032.3016489852.1729017069,3352032.3016489852,2024-10-15 18:22:54.977047,2024-10-15,desktop,Mexico,google,cpc,shopping_feed,Paid,114.04,114.04,3.0,2,2,['Accessories' 'Apparel'],1,True,,38.01,18,Tuesday,668
T0004388,1345772.9687053867.1732964662,1345772.9687053867,2024-11-30 11:08:35.868028,2024-11-30,mobile,United States,newsletter,email,weekly_drop,Email,114.01,114.01,5.0,2,1,['Apparel'],1,True,,22.8,11,Saturday,669
T0002776,8919806.9631424798.1731146311,8919806.9631424798,2024-11-09 10:05:43.701636,2024-11-09,mobile,United States,google,cpc,shopping_feed,Paid,113.97,113.97,2.0,2,2,['Apparel' 'Bags'],1,True,,56.99,10,Saturday,670
T0000084,6079522.7289735308.1725569874,6079522.7289735308,2024-09-05 21:12:03.069191,2024-09-05,desktop,United States,google,organic,(organic),Organic Search,113.68,113.68,4.0,2,2,['Accessories' 'Apparel'],1,True,,28.42,21,Thursday,671
T0003187,8327303.8961502460.1731883907,8327303.8961502460,2024-11-17 22:52:50.493260,2024-11-17,mobile,Germany,google,cpc,brand_search,Paid,113.64,113.64,2.0,2,2,['Accessories' 'Lifestyle'],1,True,,56.82,22,Sunday,672
T0001080,1863098.2868616495.1727979239,1863098.2868616495,2024-10-03 18:23:57.280409,2024-10-03,mobile,United States,google,cpc,brand_search,Paid,113.61,113.61,3.0,2,2,['Apparel' 'Drinkware'],1,True,,37.87,18,Thursday,673
T0004459,8033447.2960736345.1732996929,8033447.2960736345,2024-11-30 20:16:37.251884,2024-11-30,mobile,United States,newsletter,email,weekly_drop,Email,113.54,113.54,3.0,2,2,['Accessories' 'Bags'],1,True,,37.85,20,Saturday,674
T0002367,3814312.5027617037.1730462527,3814312.5027617037,2024-11-01 12:04:53.136130,2024-11-01,desktop,United States,facebook,paid_social,prospecting_broad,Paid,113.44,113.44,4.0,3,3,['Bags' 'Lifestyle' 'Office'],1,True,,28.36,12,Friday,675
T0000683,7606549.5534344462.1727122555,7606549.5534344462,2024-09-23 20:06:12.494121,2024-09-23,mobile,Mexico,(direct),(none),(direct),Direct,113.36,113.36,5.0,3,2,['Apparel' 'Office'],1,True,,22.67,20,Monday,676
T0000706,7433451.5425191490.1727179694,7433451.5425191490,2024-09-24 12:11:09.325180,2024-09-24,desktop,India,google,organic,(organic),Organic Search,113.2,113.2,4.0,3,2,['Apparel' 'Office'],1,True,,28.3,12,Tuesday,677
T0000542,7272011.1765946357.1726795680,7272011.1765946357,2024-09-20 01:22:57.279408,2024-09-20,desktop,India,newsletter,email,weekly_drop,Email,112.97,112.97,1.0,1,1,['Bags'],1,True,,112.97,1,Friday,678
T0003271,6154319.1639621148.1732040504,6154319.1639621148,2024-11-19 18:21:48.533609,2024-11-19,desktop,United States,facebook,paid_social,prospecting_broad,Paid,112.97,112.97,1.0,1,1,['Bags'],1,True,,112.97,18,Tuesday,678
T0003777,1922605.9369608626.1732644733,1922605.9369608626,2024-11-26 18:22:46.024426,2024-11-26,mobile,United States,google,organic,(organic),Organic Search,112.9,112.9,3.0,3,2,['Accessories' 'Apparel'],1,True,,37.63,18,Tuesday,679
T0002255,6613809.8139729912.1730274602,6613809.8139729912,2024-10-30 07:58:44.108845,2024-10-30,mobile,India,google,cpc,shopping_feed,Paid,112.84,112.84,3.0,3,2,['Apparel' 'Drinkware'],1,True,,37.61,7,Wednesday,680
T0000165,3566186.9502146975.1725875523,3566186.9502146975,2024-09-09 09:48:24.686830,2024-09-09,mobile,United Kingdom,(direct),(none),(direct),Direct,112.83,112.83,2.0,2,2,['Accessories' 'Lifestyle'],1,True,,56.42,9,Monday,681
T0003508,7968878.5973694199.1732453553,7968878.5973694199,2024-11-24 13:07:33.004857,2024-11-24,mobile,Singapore,partners,affiliate,coupon_partners,Affiliate,112.76,112.76,3.0,2,2,['Accessories' 'Office'],1,True,,37.59,13,Sunday,682
T0000354,8152124.6396034904.1726366933,8152124.6396034904,2024-09-15 02:21:09.939707,2024-09-15,tablet,United States,google,organic,(organic),Organic Search,112.75,112.75,2.0,2,2,['Apparel' 'Bags'],1,True,,56.38,2,Sunday,683
T0000167,7897937.2707314140.1725886460,7897937.2707314140,2024-09-09 13:10:12.452586,2024-09-09,desktop,Canada,newsletter,email,weekly_drop,Email,112.74,112.74,3.0,2,2,['Accessories' 'Electronics'],1,True,,37.58,13,Monday,684
T0003900,1020937.5707985747.1732715225,1020937.5707985747,2024-11-27 14:01:41.249227,2024-11-27,desktop,United States,google,organic,(organic),Organic Search,112.74,112.74,4.0,3,3,['Apparel' 'Bags' 'Stationery'],1,True,,28.19,14,Wednesday,684
T0002967,4962928.8420750164.1731469818,4962928.8420750164,2024-11-13 03:53:02.005776,2024-11-13,desktop,United States,(direct),(none),(direct),Direct,112.65,112.65,2.0,2,2,['Drinkware' 'Electronics'],1,True,,56.33,3,Wednesday,685
T0002224,8565111.7300944289.1730203771,8565111.7300944289,2024-10-29 12:18:18.595582,2024-10-29,desktop,United Kingdom,(direct),(none),(direct),Direct,112.64,112.64,3.0,2,2,['Accessories' 'Apparel'],1,True,,37.55,12,Tuesday,686
T0001713,3127780.3035180731.1729276677,3127780.3035180731,2024-10-18 18:46:38.243092,2024-10-18,mobile,United Kingdom,newsletter,email,weekly_drop,Email,112.6,112.6,2.0,1,1,['Apparel'],1,True,,56.3,18,Friday,687
T0003749,2218802.3445926401.1732628657,2218802.3445926401,2024-11-26 13:51:09.021977,2024-11-26,desktop,United States,google,cpc,brand_search,Paid,112.6,112.6,2.0,1,1,['Apparel'],1,True,,56.3,13,Tuesday,687
T0002623,2988505.3096148353.1730877111,2988505.3096148353,2024-11-06 07:21:02.282333,2024-11-06,mobile,Germany,google,organic,(organic),Organic Search,112.55,112.55,2.0,2,2,['Drinkware' 'Lifestyle'],1,True,,56.28,7,Wednesday,688
T0002433,8180575.4985001289.1730558261,8180575.4985001289,2024-11-02 14:46:16.678305,2024-11-02,mobile,Australia,newsletter,email,weekly_drop,Email,112.54,112.54,2.0,2,2,['Drinkware' 'Lifestyle'],1,True,,56.27,14,Saturday,689
T0001615,6669131.9566397056.1729110428,6669131.9566397056,2024-10-16 20:19:38.772712,2024-10-16,desktop,Singapore,(direct),(none),(direct),Direct,112.51,112.51,4.0,3,3,['Accessories' 'Apparel' 'Stationery'],1,True,,28.13,20,Wednesday,690
T0000071,7159582.7012474923.1725524795,7159582.7012474923,2024-09-05 08:25:49.280149,2024-09-05,tablet,Canada,google,organic,(organic),Organic Search,112.41,112.41,3.0,2,2,['Accessories' 'Apparel'],1,True,,37.47,8,Thursday,691
T0000300,9697025.1962272017.1726233155,9697025.1962272017,2024-09-13 13:20:33.337076,2024-09-13,desktop,United States,(direct),(none),(direct),Direct,112.33,112.33,3.0,2,2,['Accessories' 'Lifestyle'],1,True,,37.44,13,Friday,692
T0004075,3302745.8320669205.1732803566,3302745.8320669205,2024-11-28 14:18:45.952818,2024-11-28,mobile,Germany,facebook,paid_social,prospecting_broad,Paid,112.22,112.22,4.0,2,1,['Accessories'],1,True,,28.06,14,Thursday,693
T0004333,2211239.1940658530.1732918243,2211239.1940658530,2024-11-29 22:09:31.662390,2024-11-29,desktop,United States,(direct),(none),(direct),Direct,112.2,112.2,3.0,2,2,['Accessories' 'Apparel'],1,True,,37.4,22,Friday,694
T0002322,9090198.7351946254.1730382562,9090198.7351946254,2024-10-31 14:01:39.266492,2024-10-31,desktop,United States,google,organic,(organic),Organic Search,112.13,112.13,3.0,2,2,['Bags' 'Drinkware'],2,False,5,37.38,14,Thursday,695
T0001679,1020339.1599080097.1729207468,1020339.1599080097,2024-10-17 23:23:37.455352,2024-10-17,tablet,Australia,(direct),(none),(direct),Direct,112.08,112.08,4.0,2,1,['Accessories'],1,True,,28.02,23,Thursday,696
T0003590,3097976.8264231676.1732535160,3097976.8264231676,2024-11-25 11:43:17.172276,2024-11-25,desktop,Australia,youtube.com,referral,(referral),Referral,112.05,112.05,4.0,3,3,['Accessories' 'Apparel' 'Office'],1,True,,28.01,11,Monday,697
T0003332,4611561.1434843283.1732136701,4611561.1434843283,2024-11-20 21:03:50.386649,2024-11-20,mobile,United Kingdom,(direct),(none),(direct),Direct,112.03,112.03,4.0,3,2,['Apparel' 'Drinkware'],1,True,,28.01,21,Wednesday,698
T0003926,3366192.2425156310.1732727576,3366192.2425156310,2024-11-27 17:20:18.932341,2024-11-27,mobile,United States,google,cpc,brand_search,Paid,111.94,111.94,4.0,2,1,['Accessories'],2,False,8,27.99,17,Wednesday,699
T0001766,3708020.3447785927.1729373039,3708020.3447785927,2024-10-19 21:32:52.242130,2024-10-19,tablet,Canada,partners,affiliate,coupon_partners,Affiliate,111.93,111.93,2.0,2,2,['Apparel' 'Lifestyle'],1,True,,55.97,21,Saturday,700
T0002485,3098061.7769520250.1730636639,3098061.7769520250,2024-11-03 12:30:28.578516,2024-11-03,desktop,United States,newsletter,email,weekly_drop,Email,111.87,111.87,3.0,2,2,['Accessories' 'Apparel'],1,True,,37.29,12,Sunday,701
T0002642,6441455.9051054539.1730902455,6441455.9051054539,2024-11-06 14:25:09.017897,2024-11-06,desktop,United States,google,cpc,shopping_feed,Paid,111.47,111.47,2.0,2,2,['Apparel' 'Lifestyle'],1,True,,55.74,14,Wednesday,702
T0003346,4158258.9097633240.1732173028,4158258.9097633240,2024-11-21 07:11:11.553558,2024-11-21,desktop,United States,newsletter,email,weekly_drop,Email,111.44,111.44,4.0,2,2,['Apparel' 'Drinkware'],1,True,,27.86,7,Thursday,703
T0000247,2490037.8191180711.1726082097,2490037.8191180711,2024-09-11 19:19:19.776385,2024-09-11,mobile,United States,google,cpc,shopping_feed,Paid,111.38,111.38,3.0,2,2,['Bags' 'Drinkware'],1,True,,37.13,19,Wednesday,704
T0003305,1989572.9797091489.1732094498,1989572.9797091489,2024-11-20 09:32:27.146160,2024-11-20,mobile,Australia,google,cpc,brand_search,Paid,111.38,111.38,3.0,2,2,['Bags' 'Drinkware'],1,True,,37.13,9,Wednesday,704
T0002407,1100637.1692820830.1730508089,1100637.1692820830,2024-11-02 00:37:27.126599,2024-11-02,desktop,United States,google,organic,(organic),Organic Search,111.37,111.37,2.0,2,2,['Accessories' 'Lifestyle'],1,True,,55.69,0,Saturday,705
T0001870,2367617.7107476894.1729604620,2367617.7107476894,2024-10-22 13:47:21.546461,2024-10-22,desktop,United States,google,organic,(organic),Organic Search,111.23,111.23,2.0,2,2,['Accessories' 'Lifestyle'],1,True,,55.62,13,Tuesday,706
T0001516,3353263.2185831652.1728926445,3353263.2185831652,2024-10-14 17:17:59.887840,2024-10-14,desktop,Canada,(direct),(none),(direct),Direct,111.12,111.12,4.0,3,3,['Accessories' 'Apparel' 'Bags'],1,True,,27.78,17,Monday,707
T0002590,7969217.3871921043.1730819408,7969217.3871921043,2024-11-05 14:59:18.450872,2024-11-05,tablet,Australia,google,cpc,shopping_feed,Paid,111.1,111.1,3.0,3,1,['Apparel'],1,True,,37.03,14,Tuesday,708
T0001584,6983420.3536477031.1729048818,6983420.3536477031,2024-10-16 03:12:18.200167,2024-10-16,desktop,Japan,google,cpc,brand_search,Paid,111.08,111.08,3.0,3,3,['Accessories' 'Apparel' 'Stationery'],1,True,,37.03,3,Wednesday,709
T0002784,6374189.8723486766.1731158348,6374189.8723486766,2024-11-09 13:16:07.007116,2024-11-09,mobile,United States,google,cpc,shopping_feed,Paid,111.05,111.05,4.0,3,2,['Accessories' 'Drinkware'],1,True,,27.76,13,Saturday,710
T0001673,2489100.6685568708.1729199468,2489100.6685568708,2024-10-17 21:06:12.446888,2024-10-17,mobile,United States,newsletter,email,weekly_drop,Email,110.96,110.96,3.0,3,3,['Accessories' 'Bags' 'Drinkware'],1,True,,36.99,21,Thursday,711
T0003994,6451184.7071526026.1732761315,6451184.7071526026,2024-11-28 02:44:45.458423,2024-11-28,mobile,United States,(direct),(none),(direct),Direct,110.96,110.96,4.0,3,3,['Accessories' 'Apparel' 'Stationery'],1,True,,27.74,2,Thursday,711
T0003856,5866455.1958146321.1732684157,5866455.1958146321,2024-11-27 05:15:19.880237,2024-11-27,mobile,Netherlands,(direct),(none),(direct),Direct,110.95,110.95,2.0,2,2,['Apparel' 'Lifestyle'],1,True,,55.48,5,Wednesday,712
T0001105,9991715.6534407694.1728050266,9991715.6534407694,2024-10-04 13:50:49.420534,2024-10-04,desktop,Brazil,google,organic,(organic),Organic Search,110.81,110.81,2.0,2,2,['Bags' 'Office'],1,True,,55.41,13,Friday,713
T0003956,1750530.2652808702.1732742757,1750530.2652808702,2024-11-27 21:32:19.062526,2024-11-27,mobile,United States,youtube.com,referral,(referral),Referral,110.74,110.74,4.0,2,2,['Accessories' 'Office'],1,True,,27.69,21,Wednesday,714
T0004198,1458171.2105931985.1732855134,1458171.2105931985,2024-11-29 04:40:26.049948,2024-11-29,mobile,Netherlands,(direct),(none),(direct),Direct,110.65,110.65,3.0,3,1,['Apparel'],1,True,,36.88,4,Friday,715
T0001748,3274484.6208095890.1729341740,3274484.6208095890,2024-10-19 12:56:02.307407,2024-10-19,mobile,United States,google,cpc,brand_search,Paid,110.61,110.61,2.0,2,2,['Drinkware' 'Lifestyle'],1,True,,55.31,12,Saturday,716
T0003694,1027301.9261655288.1732596718,1027301.9261655288,2024-11-26 04:50:46.756550,2024-11-26,desktop,United Kingdom,newsletter,email,weekly_drop,Email,110.57,110.57,4.0,3,2,['Apparel' 'Stationery'],1,True,,27.64,4,Tuesday,717
T0004226,9996590.1404586661.1732874846,9996590.1404586661,2024-11-29 10:10:10.261036,2024-11-29,desktop,United States,(direct),(none),(direct),Direct,110.53,110.53,4.0,3,3,['Apparel' 'Lifestyle' 'Office'],1,True,,27.63,10,Friday,718
T0000901,7764278.5372993662.1727564773,7764278.5372993662,2024-09-28 23:05:20.312936,2024-09-28,desktop,United States,youtube.com,referral,(referral),Referral,110.38,110.38,3.0,3,2,['Accessories' 'Apparel'],1,True,,36.79,23,Saturday,719
T0004359,8239096.3107918291.1732934770,8239096.3107918291,2024-11-30 02:55:00.432368,2024-11-30,desktop,United States,(direct),(none),(direct),Direct,110.18,110.18,2.0,2,2,['Apparel' 'Bags'],1,True,,55.09,2,Saturday,720
T0000742,4309734.4382591885.1727221962,4309734.4382591885,2024-09-25 00:12:20.629155,2024-09-25,mobile,Netherlands,(direct),(none),(direct),Direct,110.17,110.17,3.0,2,2,['Accessories' 'Apparel'],1,True,,36.72,0,Wednesday,721
T0001812,7322740.5064649466.1729486618,7322740.5064649466,2024-10-21 05:12:56.621027,2024-10-21,tablet,Canada,google,cpc,brand_search,Paid,110.17,110.17,3.0,2,2,['Accessories' 'Apparel'],1,True,,36.72,5,Monday,721
T0004282,8329256.2417135151.1732899476,8329256.2417135151,2024-11-29 16:56:52.323704,2024-11-29,mobile,Japan,google,cpc,shopping_feed,Paid,110.03,110.03,3.0,3,2,['Accessories' 'Apparel'],1,True,,36.68,16,Friday,722
T0000584,8233271.5155889003.1726913103,8233271.5155889003,2024-09-21 09:59:59.471269,2024-09-21,desktop,Germany,google,cpc,brand_search,Paid,109.94,109.94,4.0,3,3,['Apparel' 'Drinkware' 'Office'],1,True,,27.49,9,Saturday,723
T0003721,9958427.5659632745.1732620230,9958427.5659632745,2024-11-26 11:31:44.586659,2024-11-26,mobile,Australia,google,cpc,shopping_feed,Paid,109.89,109.89,3.0,2,2,['Accessories' 'Apparel'],1,True,,36.63,11,Tuesday,724
T0001860,3007742.8079130675.1729593443,3007742.8079130675,2024-10-22 10:34:22.377344,2024-10-22,desktop,Netherlands,google,cpc,shopping_feed,Paid,109.58,109.58,4.0,2,2,['Accessories' 'Apparel'],1,True,,27.4,10,Tuesday,725
T0004241,9778159.3398853894.1732881358,9778159.3398853894,2024-11-29 11:49:15.135410,2024-11-29,desktop,United States,facebook,paid_social,prospecting_broad,Paid,109.58,109.58,4.0,2,2,['Accessories' 'Drinkware'],1,True,,27.4,11,Friday,725
T0003211,8555560.3634686007.1731939659,8555560.3634686007,2024-11-18 14:20:29.907488,2024-11-18,mobile,United States,google,cpc,shopping_feed,Paid,109.46,109.46,3.0,3,2,['Apparel' 'Electronics'],1,True,,36.49,14,Monday,726
T0001067,4304010.1895162959.1727960204,4304010.1895162959,2024-10-03 12:44:58.869353,2024-10-03,desktop,United States,newsletter,email,weekly_drop,Email,109.45,109.45,4.0,3,3,['Accessories' 'Office' 'Stationery'],1,True,,27.36,12,Thursday,727
T0001814,1739875.8758897686.1729497292,1739875.8758897686,2024-10-21 07:55:50.382904,2024-10-21,desktop,United Kingdom,google,organic,(organic),Organic Search,108.94,108.94,2.0,2,2,['Apparel' 'Electronics'],1,True,,54.47,7,Monday,728
T0003073,5096258.2786745129.1731688868,5096258.2786745129,2024-11-15 16:46:13.241993,2024-11-15,mobile,Australia,(direct),(none),(direct),Direct,108.83,108.83,2.0,2,2,['Apparel' 'Bags'],1,True,,54.42,16,Friday,729
T0003950,8375683.3176690211.1732739120,8375683.3176690211,2024-11-27 20:39:01.478349,2024-11-27,mobile,United States,google,cpc,shopping_feed,Paid,108.83,108.83,2.0,2,2,['Apparel' 'Bags'],1,True,,54.42,20,Wednesday,729
T0000468,3595867.1783755236.1726655226,3595867.1783755236,2024-09-18 10:24:03.887871,2024-09-18,desktop,United States,(direct),(none),(direct),Direct,108.83,108.83,2.0,2,2,['Apparel' 'Bags'],1,True,,54.42,10,Wednesday,729
T0000369,1970305.1318789463.1726415971,1970305.1318789463,2024-09-15 16:08:02.910493,2024-09-15,desktop,United States,google,organic,(organic),Organic Search,108.8,108.8,4.0,2,2,['Accessories' 'Drinkware'],1,True,,27.2,16,Sunday,730
T0001051,2211327.5801734936.1727904505,2211327.5801734936,2024-10-02 21:36:18.153428,2024-10-02,mobile,United States,(direct),(none),(direct),Direct,108.66,108.66,2.0,2,2,['Accessories' 'Apparel'],1,True,,54.33,21,Wednesday,731
T0001594,9395371.7491769344.1729083845,9395371.7491769344,2024-10-16 12:58:55.718333,2024-10-16,desktop,United States,youtube.com,referral,(referral),Referral,108.64,108.64,3.0,2,2,['Bags' 'Drinkware'],1,True,,36.21,12,Wednesday,732
T0002354,6595202.6065483114.1730431377,6595202.6065483114,2024-11-01 03:22:17.277502,2024-11-01,desktop,United Kingdom,google,organic,(organic),Organic Search,108.41,108.41,3.0,3,3,['Accessories' 'Bags' 'Office'],1,True,,36.14,3,Friday,733
T0003690,9681009.8465601878.1732591129,9681009.8465601878,2024-11-26 03:17:19.332694,2024-11-26,desktop,United States,google,organic,(organic),Organic Search,108.37,108.37,2.0,2,2,['Accessories' 'Apparel'],3,False,11,54.19,3,Tuesday,734
T0003672,5940166.4980560131.1732576873,5940166.4980560131,2024-11-25 23:22:38.087230,2024-11-25,desktop,United States,google,cpc,shopping_feed,Paid,108.23,108.23,3.0,2,1,['Apparel'],1,True,,36.08,23,Monday,735
T0004185,7497643.6391764081.1732846589,7497643.6391764081,2024-11-29 02:09:03.849987,2024-11-29,desktop,Canada,(direct),(none),(direct),Direct,108.13,108.13,3.0,2,2,['Accessories' 'Apparel'],1,True,,36.04,2,Friday,736
T0001270,6418006.6365968256.1728412610,6418006.6365968256,2024-10-08 18:30:58.764700,2024-10-08,desktop,Netherlands,google,cpc,shopping_feed,Paid,108.08,108.08,3.0,3,3,['Accessories' 'Apparel' 'Electronics'],1,True,,36.03,18,Tuesday,737
T0001758,2392156.6026639551.1729364583,2392156.6026639551,2024-10-19 19:06:22.789371,2024-10-19,desktop,United States,google,organic,(organic),Organic Search,108.01,108.01,2.0,2,1,['Lifestyle'],1,True,,54.01,19,Saturday,738
T0002842,1968688.3343233972.1731251690,1968688.3343233972,2024-11-10 15:19:49.719241,2024-11-10,desktop,United States,google,organic,(organic),Organic Search,107.99,107.99,4.0,3,3,['Accessories' 'Apparel' 'Drinkware'],1,True,,27.0,15,Sunday,739
T0000833,7873585.3844050415.1727445498,7873585.3844050415,2024-09-27 13:59:27.608227,2024-09-27,desktop,United States,(direct),(none),(direct),Direct,107.98,107.98,2.0,1,1,['Apparel'],1,True,,53.99,13,Friday,740
T0003925,2291332.4702121955.1732727265,2291332.4702121955,2024-11-27 17:11:57.059249,2024-11-27,desktop,Singapore,(direct),(none),(direct),Direct,107.98,107.98,2.0,1,1,['Apparel'],1,True,,53.99,17,Wednesday,740
T0001723,5784646.4585608247.1729287156,5784646.4585608247,2024-10-18 21:33:33.673278,2024-10-18,desktop,France,newsletter,email,weekly_drop,Email,107.98,107.98,2.0,1,1,['Apparel'],2,False,3,53.99,21,Friday,740
T0003916,4125229.4622499985.1732723592,4125229.4622499985,2024-11-27 16:07:16.013444,2024-11-27,desktop,United Kingdom,google,organic,(organic),Organic Search,107.98,107.98,2.0,1,1,['Apparel'],1,True,,53.99,16,Wednesday,740
T0001579,6365197.6183178532.1729033420,6365197.6183178532,2024-10-15 23:01:16.189213,2024-10-15,mobile,Australia,google,organic,(organic),Organic Search,107.98,107.98,2.0,1,1,['Apparel'],1,True,,53.99,23,Tuesday,740
T0002422,8325444.7045370052.1730540094,8325444.7045370052,2024-11-02 09:39:11.534503,2024-11-02,desktop,United States,newsletter,email,weekly_drop,Email,107.97,107.97,4.0,3,2,['Apparel' 'Stationery'],1,True,,26.99,9,Saturday,741
T0003246,3350876.6283156306.1732001737,3350876.6283156306,2024-11-19 07:28:32.105383,2024-11-19,desktop,Canada,google,organic,(organic),Organic Search,107.95,107.95,3.0,2,2,['Drinkware' 'Lifestyle'],1,True,,35.98,7,Tuesday,742
T0000029,9846018.1537331984.1725321338,9846018.1537331984,2024-09-02 23:55:18.315973,2024-09-02,desktop,United States,google,cpc,brand_search,Paid,107.86,107.86,2.0,2,2,['Drinkware' 'Lifestyle'],1,True,,53.93,23,Monday,743
T0000879,7234271.3994600713.1727530819,7234271.3994600713,2024-09-28 13:47:09.037562,2024-09-28,desktop,United States,newsletter,email,weekly_drop,Email,107.79,107.79,2.0,2,2,['Apparel' 'Lifestyle'],1,True,,53.9,13,Saturday,744
T0001428,4050374.7046490498.1728738278,4050374.7046490498,2024-10-12 13:11:25.290170,2024-10-12,mobile,Canada,google,cpc,brand_search,Paid,107.77,107.77,3.0,3,2,['Apparel' 'Stationery'],1,True,,35.92,13,Saturday,745
T0002207,6680441.9552395874.1730177728,6680441.9552395874,2024-10-29 05:00:16.897766,2024-10-29,desktop,India,google,organic,(organic),Organic Search,107.52,107.52,3.0,2,2,['Bags' 'Drinkware'],1,True,,35.84,5,Tuesday,746
T0002974,7000893.7866677347.1731491296,7000893.7866677347,2024-11-13 09:48:18.360151,2024-11-13,tablet,United States,(direct),(none),(direct),Direct,107.45,107.45,3.0,3,3,['Electronics' 'Lifestyle' 'Stationery'],1,True,,35.82,9,Wednesday,747
T0003019,6876962.1103479361.1731573816,6876962.1103479361,2024-11-14 08:42:33.826333,2024-11-14,desktop,India,google,organic,(organic),Organic Search,107.13,107.13,4.0,3,3,['Apparel' 'Drinkware' 'Stationery'],1,True,,26.78,8,Thursday,748
T0000475,8616197.4981185845.1726667327,8616197.4981185845,2024-09-18 13:41:15.945998,2024-09-18,desktop,Australia,(direct),(none),(direct),Direct,107.03,107.03,4.0,3,3,['Apparel' 'Office' 'Stationery'],1,True,,26.76,13,Wednesday,749
T0000059,1259412.8197174654.1725463057,1259412.8197174654,2024-09-04 15:24:08.392196,2024-09-04,desktop,United States,newsletter,email,weekly_drop,Email,107.01,107.01,3.0,3,3,['Bags' 'Lifestyle' 'Office'],1,True,,35.67,15,Wednesday,750
T0004116,3576367.3870825576.1732818510,3576367.3870825576,2024-11-28 18:38:51.836018,2024-11-28,desktop,Germany,partners,affiliate,coupon_partners,Affiliate,107.01,107.01,5.0,3,3,['Accessories' 'Apparel' 'Headgear'],1,True,,21.4,18,Thursday,750
T0002704,5773355.3584177321.1731009465,5773355.3584177321,2024-11-07 20:03:38.271572,2024-11-07,tablet,Canada,(direct),(none),(direct),Direct,106.95,106.95,2.0,2,2,['Accessories' 'Bags'],2,False,3,53.48,20,Thursday,751
T0003728,9605867.7247967699.1732624000,9605867.7247967699,2024-11-26 12:17:30.063687,2024-11-26,mobile,United States,google,organic,(organic),Organic Search,106.88,106.88,4.0,2,2,['Accessories' 'Drinkware'],1,True,,26.72,12,Tuesday,752
T0002889,6339420.8424350706.1731337867,6339420.8424350706,2024-11-11 15:17:44.522289,2024-11-11,desktop,United States,facebook,paid_social,prospecting_broad,Paid,106.85,106.85,3.0,2,1,['Apparel'],1,True,,35.62,15,Monday,753
T0003351,4953698.5923130794.1732187771,4953698.5923130794,2024-11-21 11:16:07.675589,2024-11-21,desktop,United States,google,cpc,shopping_feed,Paid,106.62,106.62,3.0,3,3,['Accessories' 'Apparel' 'Bags'],1,True,,35.54,11,Thursday,754
T0003224,5683180.2946581367.1731958969,5683180.2946581367,2024-11-18 19:51:44.322089,2024-11-18,mobile,United States,newsletter,email,weekly_drop,Email,106.48,106.48,3.0,3,3,['Accessories' 'Apparel' 'Bags'],1,True,,35.49,19,Monday,755
T0002426,2649962.1349394083.1730545798,2649962.1349394083,2024-11-02 11:10:10.849247,2024-11-02,desktop,United States,(direct),(none),(direct),Direct,106.26,106.26,3.0,3,2,['Apparel' 'Lifestyle'],1,True,,35.42,11,Saturday,756
T0001621,2506663.2044292827.1729116439,2506663.2044292827,2024-10-16 22:03:25.947385,2024-10-16,mobile,Singapore,(direct),(none),(direct),Direct,106.25,106.25,3.0,3,3,['Apparel' 'Electronics' 'Office'],1,True,,35.42,22,Wednesday,757
T0003413,1814366.8444606096.1732280326,1814366.8444606096,2024-11-22 13:07:34.383600,2024-11-22,mobile,United States,youtube.com,referral,(referral),Referral,106.2,106.2,3.0,2,1,['Apparel'],1,True,,35.4,13,Friday,758
T0001230,7081591.5802069700.1728330053,7081591.5802069700,2024-10-07 19:41:16.443828,2024-10-07,mobile,Canada,(direct),(none),(direct),Direct,106.17,106.17,3.0,3,3,['Accessories' 'Lifestyle' 'Stationery'],1,True,,35.39,19,Monday,759
T0000897,1363931.7007604349.1727560644,1363931.7007604349,2024-09-28 21:52:38.711863,2024-09-28,desktop,India,google,organic,(organic),Organic Search,106.15,106.15,4.0,3,3,['Accessories' 'Apparel' 'Stationery'],1,True,,26.54,21,Saturday,760
T0001390,5767800.9860831070.1728668270,5767800.9860831070,2024-10-11 17:45:56.264181,2024-10-11,desktop,United States,(direct),(none),(direct),Direct,106.0,106.0,2.0,2,2,['Apparel' 'Lifestyle'],1,True,,53.0,17,Friday,761
T0000903,4138393.4465348239.1727566330,4138393.4465348239,2024-09-28 23:42:15.832727,2024-09-28,mobile,United States,newsletter,email,weekly_drop,Email,106.0,106.0,2.0,2,2,['Apparel' 'Lifestyle'],1,True,,53.0,23,Saturday,761
T0000459,5119026.6031397282.1726609991,5119026.6031397282,2024-09-17 21:50:27.474888,2024-09-17,desktop,United States,(direct),(none),(direct),Direct,106.0,106.0,2.0,2,2,['Apparel' 'Lifestyle'],1,True,,53.0,21,Tuesday,761
T0002961,8739769.5738077694.1731461462,8739769.5738077694,2024-11-13 01:30:44.760173,2024-11-13,desktop,Canada,google,cpc,brand_search,Paid,106.0,106.0,2.0,2,2,['Apparel' 'Lifestyle'],1,True,,53.0,1,Wednesday,761
T0003939,6192072.2271461595.1732735721,6192072.2271461595,2024-11-27 19:32:45.087269,2024-11-27,mobile,Australia,(direct),(none),(direct),Direct,105.93,105.93,2.0,2,2,['Accessories' 'Lifestyle'],1,True,,52.97,19,Wednesday,762
T0001746,6759495.1314265380.1729339096,6759495.1314265380,2024-10-19 12:01:36.034353,2024-10-19,desktop,United States,newsletter,email,weekly_drop,Email,105.9,105.9,3.0,3,3,['Accessories' 'Apparel' 'Lifestyle'],1,True,,35.3,12,Saturday,763
T0001110,2674048.8669377915.1728061759,2674048.8669377915,2024-10-04 17:19:52.703785,2024-10-04,desktop,United States,google,cpc,brand_search,Paid,105.87,105.87,2.0,2,2,['Lifestyle' 'Office'],1,True,,52.94,17,Friday,764
T0001406,7921611.3985545037.1728686183,7921611.3985545037,2024-10-11 22:41:02.577950,2024-10-11,mobile,United States,google,cpc,brand_search,Paid,105.7,105.7,4.0,3,2,['Apparel' 'Drinkware'],1,True,,26.43,22,Friday,765
T0003409,4630772.6037410593.1732278694,4630772.6037410593,2024-11-22 12:26:07.074053,2024-11-22,mobile,United States,google,organic,(organic),Organic Search,105.69,105.69,2.0,2,2,['Drinkware' 'Electronics'],1,True,,52.85,12,Friday,766
T0002439,9237026.8724587433.1730570725,9237026.8724587433,2024-11-02 17:55:54.622534,2024-11-02,desktop,United States,newsletter,email,weekly_drop,Email,105.39,105.39,5.0,2,2,['Apparel' 'Drinkware'],1,True,,21.08,17,Saturday,767
T0002572,5322099.6228068492.1730798568,5322099.6228068492,2024-11-05 09:21:38.609096,2024-11-05,mobile,United States,google,organic,(organic),Organic Search,105.36,105.36,3.0,3,2,['Accessories' 'Apparel'],2,False,27,35.12,9,Tuesday,768
T0001925,5835350.3711747984.1729683381,5835350.3711747984,2024-10-23 11:31:22.479907,2024-10-23,desktop,Canada,newsletter,email,weekly_drop,Email,105.36,105.36,4.0,3,2,['Accessories' 'Apparel'],2,False,16,26.34,11,Wednesday,768
T0002151,2520996.5798243181.1730065032,2520996.5798243181,2024-10-27 21:49:27.121009,2024-10-27,mobile,Australia,google,organic,(organic),Organic Search,105.26,105.26,3.0,3,2,['Drinkware' 'Lifestyle'],1,True,,35.09,21,Sunday,769
T0001716,1401861.9096357326.1729278647,1401861.9096357326,2024-10-18 19:20:05.679824,2024-10-18,desktop,United States,(direct),(none),(direct),Direct,105.22,105.22,3.0,3,3,['Accessories' 'Apparel' 'Bags'],1,True,,35.07,19,Friday,770
T0002823,1647800.3040223343.1731220763,1647800.3040223343,2024-11-10 06:39:48.982961,2024-11-10,desktop,United States,google,organic,(organic),Organic Search,105.18,105.18,2.0,2,2,['Lifestyle' 'Office'],1,True,,52.59,6,Sunday,771
T0001418,2452722.9596784769.1728724758,2452722.9596784769,2024-10-12 09:20:35.204893,2024-10-12,desktop,Mexico,(direct),(none),(direct),Direct,105.05,105.05,3.0,3,2,['Apparel' 'Lifestyle'],1,True,,35.02,9,Saturday,772
T0001742,6648717.5982133722.1729333679,6648717.5982133722,2024-10-19 10:19:57.086675,2024-10-19,desktop,France,(direct),(none),(direct),Direct,104.85,104.85,2.0,2,2,['Bags' 'Stationery'],1,True,,52.43,10,Saturday,773
T0004328,2792853.6999097524.1732917188,2792853.6999097524,2024-11-29 21:52:17.279189,2024-11-29,mobile,India,newsletter,email,weekly_drop,Email,104.79,104.79,2.0,2,2,['Accessories' 'Lifestyle'],1,True,,52.4,21,Friday,774
T0003532,3586809.9154333360.1732476875,3586809.9154333360,2024-11-24 19:40:38.161692,2024-11-24,desktop,United States,google,organic,(organic),Organic Search,104.76,104.76,4.0,3,3,['Accessories' 'Apparel' 'Lifestyle'],1,True,,26.19,19,Sunday,775
T0003316,6684939.8858892029.1732118568,6684939.8858892029,2024-11-20 15:59:50.711083,2024-11-20,desktop,United States,(direct),(none),(direct),Direct,104.73,104.73,3.0,2,2,['Drinkware' 'Electronics'],1,True,,34.91,15,Wednesday,776
T0001279,4509784.9216569000.1728419213,4509784.9216569000,2024-10-08 20:32:37.242514,2024-10-08,mobile,India,google,organic,(organic),Organic Search,104.7,104.7,2.0,2,2,['Drinkware' 'Lifestyle'],1,True,,52.35,20,Tuesday,777
T0001727,3409449.7882273609.1729290450,3409449.7882273609,2024-10-18 22:35:10.002973,2024-10-18,mobile,Japan,(direct),(none),(direct),Direct,104.69,104.69,4.0,3,3,['Drinkware' 'Lifestyle' 'Stationery'],1,True,,26.17,22,Friday,778
T0000926,4136948.8762432665.1727643626,4136948.8762432665,2024-09-29 21:03:37.000647,2024-09-29,tablet,United States,(direct),(none),(direct),Direct,104.45,104.45,3.0,3,3,['Accessories' 'Apparel' 'Stationery'],1,True,,34.82,21,Sunday,779
T0001829,2313509.9202714723.1729532222,2313509.9202714723,2024-10-21 17:35:11.928545,2024-10-21,desktop,Canada,google,organic,(organic),Organic Search,104.09,104.09,3.0,2,1,['Apparel'],1,True,,34.7,17,Monday,780
T0001436,9769659.6314910790.1728757363,9769659.6314910790,2024-10-12 18:28:32.877854,2024-10-12,mobile,India,youtube.com,referral,(referral),Referral,104.04,104.04,2.0,2,2,['Apparel' 'Lifestyle'],1,True,,52.02,18,Saturday,781
T0002724,3403005.8139527272.1731057999,3403005.8139527272,2024-11-08 09:34:02.543623,2024-11-08,mobile,United States,newsletter,email,weekly_drop,Email,104.02,104.02,3.0,3,2,['Accessories' 'Apparel'],1,True,,34.67,9,Friday,782
T0000426,8660785.6194334781.1726525849,8660785.6194334781,2024-09-16 22:30:35.444008,2024-09-16,mobile,United States,google,cpc,brand_search,Paid,103.9,103.9,4.0,3,2,['Accessories' 'Apparel'],2,False,2,25.98,22,Monday,783
T0004015,9368679.9603389557.1732776953,9368679.9603389557,2024-11-28 07:12:13.651585,2024-11-28,mobile,United States,(direct),(none),(direct),Direct,103.88,103.88,3.0,3,2,['Accessories' 'Apparel'],1,True,,34.63,7,Thursday,784
T0001688,7011860.4087799560.1729230829,7011860.4087799560,2024-10-18 06:21:12.935143,2024-10-18,desktop,United States,(direct),(none),(direct),Direct,103.85,103.85,3.0,2,1,['Apparel'],1,True,,34.62,6,Friday,785
T0003370,4515468.1117374575.1732205545,4515468.1117374575,2024-11-21 16:01:49.354228,2024-11-21,desktop,Mexico,newsletter,email,weekly_drop,Email,103.83,103.83,2.0,2,2,['Lifestyle' 'Stationery'],1,True,,51.92,16,Thursday,786
T0002310,8951584.2573294755.1730367831,8951584.2573294755,2024-10-31 10:13:34.110972,2024-10-31,mobile,United States,google,cpc,shopping_feed,Paid,103.83,103.83,2.0,2,2,['Lifestyle' 'Office'],1,True,,51.92,10,Thursday,786
T0002278,6034840.3147172948.1730312189,6034840.3147172948,2024-10-30 18:18:45.639588,2024-10-30,mobile,Germany,newsletter,email,weekly_drop,Email,103.82,103.82,2.0,2,1,['Apparel'],1,True,,51.91,18,Wednesday,787
T0002934,5494296.2920626354.1731412378,5494296.2920626354,2024-11-12 11:52:15.051977,2024-11-12,mobile,India,newsletter,email,weekly_drop,Email,103.81,103.81,2.0,2,1,['Apparel'],1,True,,51.91,11,Tuesday,788
T0003225,2524907.5263436151.1731959107,2524907.5263436151,2024-11-18 20:01:19.884323,2024-11-18,desktop,Japan,google,organic,(organic),Organic Search,103.69,103.69,4.0,3,2,['Drinkware' 'Office'],1,True,,25.92,20,Monday,789
T0004311,2164352.2432524427.1732909943,2164352.2432524427,2024-11-29 20:04:13.617419,2024-11-29,mobile,Japan,(direct),(none),(direct),Direct,103.5,103.5,4.0,3,2,['Apparel' 'Drinkware'],1,True,,25.88,20,Friday,790
T0001122,3630001.3627799648.1728081602,3630001.3627799648,2024-10-04 22:41:18.782285,2024-10-04,desktop,United States,google,organic,(organic),Organic Search,103.46,103.46,3.0,3,3,['Accessories' 'Apparel' 'Stationery'],1,True,,34.49,22,Friday,791
T0001819,2584233.2538063594.1729512995,2584233.2538063594,2024-10-21 12:16:15.082200,2024-10-21,desktop,United States,(direct),(none),(direct),Direct,103.46,103.46,4.0,3,2,['Accessories' 'Apparel'],1,True,,25.87,12,Monday,791
T0004136,8943778.9597047731.1732826776,8943778.9597047731,2024-11-28 20:49:56.158887,2024-11-28,mobile,Canada,google,cpc,shopping_feed,Paid,103.39,103.39,2.0,2,1,['Electronics'],2,False,3,51.7,20,Thursday,792
T0003476,6346616.1864150113.1732383551,6346616.1864150113,2024-11-23 17:50:20.918802,2024-11-23,desktop,United States,google,organic,(organic),Organic Search,103.24,103.24,4.0,2,1,['Drinkware'],2,False,15,25.81,17,Saturday,793
T0003421,7473881.5832723153.1732288859,7473881.5832723153,2024-11-22 15:26:37.753027,2024-11-22,desktop,United States,google,cpc,shopping_feed,Paid,102.97,102.97,2.0,2,1,['Apparel'],1,True,,51.49,15,Friday,794
T0001575,5651985.3497798291.1729025451,5651985.3497798291,2024-10-15 20:52:42.071535,2024-10-15,desktop,Australia,google,organic,(organic),Organic Search,102.96,102.96,3.0,3,2,['Accessories' 'Bags'],1,True,,34.32,20,Tuesday,795
T0002120,8233420.2815942948.1730016213,8233420.2815942948,2024-10-27 08:10:26.716183,2024-10-27,desktop,Canada,(direct),(none),(direct),Direct,102.87,102.87,3.0,3,3,['Accessories' 'Apparel' 'Lifestyle'],1,True,,34.29,8,Sunday,796
T0003621,8616133.9138856125.1732552995,8616133.9138856125,2024-11-25 16:44:43.482414,2024-11-25,desktop,Germany,newsletter,email,weekly_drop,Email,102.85,102.85,3.0,3,3,['Bags' 'Electronics' 'Stationery'],1,True,,34.28,16,Monday,797
T0001807,4246236.2597297934.1729468919,4246236.2597297934,2024-10-21 00:06:47.769811,2024-10-21,desktop,United States,google,organic,(organic),Organic Search,102.8,102.8,3.0,3,2,['Apparel' 'Drinkware'],1,True,,34.27,0,Monday,798
T0001340,5337823.1032422066.1728557622,5337823.1032422066,2024-10-10 10:55:17.945004,2024-10-10,desktop,United States,google,cpc,shopping_feed,Paid,102.79,102.79,4.0,3,2,['Bags' 'Drinkware'],1,True,,25.7,10,Thursday,799
T0003464,7706012.3206160355.1732369473,7706012.3206160355,2024-11-23 13:52:38.314114,2024-11-23,mobile,Netherlands,google,organic,(organic),Organic Search,102.77,102.77,2.0,2,2,['Accessories' 'Lifestyle'],1,True,,51.39,13,Saturday,800
T0001303,1406898.5137214081.1728476480,1406898.5137214081,2024-10-09 12:25:48.203059,2024-10-09,mobile,Brazil,google,organic,(organic),Organic Search,102.76,102.76,4.0,3,2,['Apparel' 'Electronics'],1,True,,25.69,12,Wednesday,801
T0004196,5724129.9084895742.1732854775,5724129.9084895742,2024-11-29 04:38:11.203739,2024-11-29,tablet,United Kingdom,google,cpc,brand_search,Paid,102.58,102.58,2.0,2,2,['Bags' 'Drinkware'],2,False,11,51.29,4,Friday,802
T0002035,2962112.3433357816.1729869832,2962112.3433357816,2024-10-25 15:33:46.177658,2024-10-25,desktop,United Kingdom,(direct),(none),(direct),Direct,102.58,102.58,5.0,3,3,['Accessories' 'Headgear' 'Stationery'],1,True,,20.52,15,Friday,802
T0002243,3134996.8283187746.1730238283,3134996.8283187746,2024-10-29 21:48:45.646575,2024-10-29,desktop,United Kingdom,google,cpc,shopping_feed,Paid,102.4,102.4,2.0,1,1,['Lifestyle'],1,True,,51.2,21,Tuesday,803
T0003616,6992499.7348290485.1732549072,6992499.7348290485,2024-11-25 15:38:04.146308,2024-11-25,desktop,United States,google,cpc,brand_search,Paid,102.38,102.38,3.0,3,3,['Accessories' 'Bags' 'Headgear'],1,True,,34.13,15,Monday,804
T0001312,6451740.1454124256.1728487231,6451740.1454124256,2024-10-09 15:26:41.711754,2024-10-09,desktop,United States,google,organic,(organic),Organic Search,102.31,102.31,3.0,3,2,['Accessories' 'Apparel'],1,True,,34.1,15,Wednesday,805
T0002821,5315718.7088703161.1731217791,5315718.7088703161,2024-11-10 05:54:44.428354,2024-11-10,mobile,Canada,google,cpc,brand_search,Paid,102.26,102.26,4.0,3,3,['Accessories' 'Apparel' 'Drinkware'],1,True,,25.57,5,Sunday,806
T0000235,4324484.3510890063.1726064650,4324484.3510890063,2024-09-11 14:28:37.893072,2024-09-11,desktop,United States,newsletter,email,weekly_drop,Email,101.97,101.97,3.0,3,3,['Accessories' 'Apparel' 'Office'],1,True,,33.99,14,Wednesday,807
T0001066,4516132.9394266101.1727951989,4516132.9394266101,2024-10-03 10:37:16.901536,2024-10-03,desktop,Netherlands,google,cpc,brand_search,Paid,101.9,101.9,3.0,2,2,['Accessories' 'Bags'],1,True,,33.97,10,Thursday,808
T0000664,5297221.7824802358.1727086169,5297221.7824802358,2024-09-23 10:16:33.784418,2024-09-23,desktop,Germany,(direct),(none),(direct),Direct,101.85,101.85,3.0,3,2,['Accessories' 'Apparel'],1,True,,33.95,10,Monday,809
T0000698,8633797.9687168085.1727170548,8633797.9687168085,2024-09-24 09:35:03.907109,2024-09-24,desktop,India,google,organic,(organic),Organic Search,101.79,101.79,3.0,2,2,['Accessories' 'Office'],1,True,,33.93,9,Tuesday,810
T0001806,5206529.7362047061.1729468828,5206529.7362047061,2024-10-21 00:03:00.384109,2024-10-21,desktop,United States,google,organic,(organic),Organic Search,101.77,101.77,3.0,2,2,['Accessories' 'Apparel'],1,True,,33.92,0,Monday,811
T0000253,3947744.9521849042.1726092273,3947744.9521849042,2024-09-11 22:05:48.834853,2024-09-11,desktop,United States,partners,affiliate,coupon_partners,Affiliate,101.65,101.65,2.0,2,2,['Accessories' 'Apparel'],1,True,,50.83,22,Wednesday,812
T0000449,1769398.1417379803.1726584126,1769398.1417379803,2024-09-17 14:40:15.243696,2024-09-17,desktop,United States,google,organic,(organic),Organic Search,101.65,101.65,2.0,2,2,['Accessories' 'Apparel'],1,True,,50.83,14,Tuesday,812
T0002501,9481475.4814839135.1730664318,9481475.4814839135,2024-11-03 20:01:57.732884,2024-11-03,desktop,United States,(direct),(none),(direct),Direct,101.65,101.65,2.0,2,2,['Accessories' 'Apparel'],1,True,,50.83,20,Sunday,812
T0000877,7301994.5285834779.1727529107,7301994.5285834779,2024-09-28 13:14:18.903918,2024-09-28,mobile,Germany,google,organic,(organic),Organic Search,101.52,101.52,3.0,2,2,['Apparel' 'Stationery'],1,True,,33.84,13,Saturday,813
T0003416,3049776.4317742023.1732283757,3049776.4317742023,2024-11-22 13:47:59.596502,2024-11-22,desktop,United States,facebook,paid_social,prospecting_broad,Paid,101.51,101.51,2.0,2,2,['Accessories' 'Apparel'],1,True,,50.76,13,Friday,814
T0001611,6628886.7396663693.1729098974,6628886.7396663693,2024-10-16 17:10:43.950266,2024-10-16,desktop,United Kingdom,google,cpc,shopping_feed,Paid,101.46,101.46,3.0,2,1,['Apparel'],1,True,,33.82,17,Wednesday,815
T0004473,3336848.4510583506.1733003434,3336848.4510583506,2024-11-30 21:43:01.698093,2024-11-30,desktop,United States,(direct),(none),(direct),Direct,101.45,101.45,3.0,3,2,['Apparel' 'Drinkware'],1,True,,33.82,21,Saturday,816
T0003834,4612863.8620977604.1732665572,4612863.8620977604,2024-11-27 00:03:43.195740,2024-11-27,mobile,Germany,(direct),(none),(direct),Direct,101.35,101.35,4.0,3,3,['Accessories' 'Apparel' 'Stationery'],1,True,,25.34,0,Wednesday,817
T0004205,3860140.6851554144.1732862474,3860140.6851554144,2024-11-29 06:43:06.356986,2024-11-29,mobile,United Kingdom,google,organic,(organic),Organic Search,101.2,101.2,3.0,3,3,['Apparel' 'Drinkware' 'Stationery'],1,True,,33.73,6,Friday,818
T0002679,4130000.8160136622.1730971525,4130000.8160136622,2024-11-07 09:17:46.986206,2024-11-07,mobile,United States,google,cpc,shopping_feed,Paid,101.12,101.12,1.0,1,1,['Bags'],1,True,,101.12,9,Thursday,819
T0002070,6983420.3536477031.1729946664,6983420.3536477031,2024-10-26 12:40:50.886770,2024-10-26,desktop,Japan,google,cpc,brand_search,Paid,101.12,101.12,1.0,1,1,['Bags'],2,False,10,101.12,12,Saturday,819
T0004103,5571735.8651660982.1732814634,5571735.8651660982,2024-11-28 17:32:06.210970,2024-11-28,mobile,United States,(direct),(none),(direct),Direct,101.12,101.12,1.0,1,1,['Bags'],1,True,,101.12,17,Thursday,819
T0001883,5894860.3249497383.1729615934,5894860.3249497383,2024-10-22 16:47:38.526657,2024-10-22,desktop,United States,youtube.com,referral,(referral),Referral,101.12,101.12,1.0,1,1,['Bags'],1,True,,101.12,16,Tuesday,819
T0001671,6676724.2632669716.1729195196,6676724.2632669716,2024-10-17 20:05:49.570434,2024-10-17,desktop,United States,google,organic,(organic),Organic Search,101.04,101.04,3.0,3,2,['Accessories' 'Apparel'],1,True,,33.68,20,Thursday,820
T0001369,2274367.1168945329.1728637276,2274367.1168945329,2024-10-11 08:55:59.573710,2024-10-11,tablet,Mexico,google,cpc,shopping_feed,Paid,100.98,100.98,4.0,3,3,['Accessories' 'Apparel' 'Drinkware'],1,True,,25.25,8,Friday,821
T0003382,2732173.8839357651.1732221696,2732173.8839357651,2024-11-21 20:51:35.970666,2024-11-21,tablet,United States,newsletter,email,weekly_drop,Email,100.86,100.86,3.0,2,2,['Bags' 'Stationery'],1,True,,33.62,20,Thursday,822
T0004124,4020718.9352963433.1732822126,4020718.9352963433,2024-11-28 19:23:22.869503,2024-11-28,desktop,Australia,google,cpc,brand_search,Paid,100.71,100.71,3.0,2,2,['Accessories' 'Lifestyle'],1,True,,33.57,19,Thursday,823
T0003292,3843422.1777382677.1732060532,3843422.1777382677,2024-11-20 00:01:46.833524,2024-11-20,mobile,India,google,cpc,shopping_feed,Paid,100.57,100.57,5.0,3,2,['Accessories' 'Apparel'],1,True,,20.11,0,Wednesday,824
T0003176,3745687.1202660158.1731868778,3745687.1202660158,2024-11-17 18:37:12.120273,2024-11-17,mobile,Canada,google,cpc,brand_search,Paid,100.31,100.31,3.0,3,2,['Apparel' 'Lifestyle'],1,True,,33.44,18,Sunday,825
T0002811,5658649.9719775266.1731188354,5658649.9719775266,2024-11-09 21:49:37.313392,2024-11-09,desktop,United States,google,cpc,shopping_feed,Paid,100.31,100.31,3.0,3,2,['Apparel' 'Lifestyle'],1,True,,33.44,21,Saturday,825
T0003330,4663953.1959118543.1732134248,4663953.1959118543,2024-11-20 20:28:40.297581,2024-11-20,desktop,United States,google,organic,(organic),Organic Search,100.29,100.29,3.0,2,2,['Drinkware' 'Office'],1,True,,33.43,20,Wednesday,826
T0002851,6913738.7626660761.1731263543,6913738.7626660761,2024-11-10 18:47:05.501251,2024-11-10,desktop,Germany,google,cpc,brand_search,Paid,100.27,100.27,3.0,2,1,['Apparel'],1,True,,33.42,18,Sunday,827
T0003200,9298114.4429960308.1731918792,9298114.4429960308,2024-11-18 08:39:48.036822,2024-11-18,mobile,Netherlands,partners,affiliate,coupon_partners,Affiliate,100.26,100.26,2.0,2,1,['Apparel'],1,True,,50.13,8,Monday,828
T0000175,2371741.6574602891.1725896423,2371741.6574602891,2024-09-09 15:46:07.659945,2024-09-09,mobile,United States,partners,affiliate,coupon_partners,Affiliate,100.23,100.23,5.0,3,3,['Accessories' 'Apparel' 'Drinkware'],1,True,,20.05,15,Monday,829
T0000159,5611214.7857195977.1725837574,5611214.7857195977,2024-09-08 23:21:46.598144,2024-09-08,mobile,United Kingdom,google,cpc,brand_search,Paid,100.09,100.09,2.0,2,1,['Apparel'],1,True,,50.05,23,Sunday,830
T0001622,3803723.8240093573.1729116508,3803723.8240093573,2024-10-16 22:13:34.228244,2024-10-16,desktop,United States,google,cpc,brand_search,Paid,100.08,100.08,3.0,2,2,['Accessories' 'Office'],1,True,,33.36,22,Wednesday,831
T0003281,9699079.7462291573.1732050415,9699079.7462291573,2024-11-19 21:05:16.129624,2024-11-19,mobile,Australia,(direct),(none),(direct),Direct,100.07,100.07,2.0,2,2,['Accessories' 'Bags'],1,True,,50.04,21,Tuesday,832
T0003552,6517653.8982753522.1732500616,6517653.8982753522,2024-11-25 02:10:05.320041,2024-11-25,mobile,United States,google,cpc,shopping_feed,Paid,100.07,100.07,2.0,2,2,['Accessories' 'Bags'],1,True,,50.04,2,Monday,832
T0000216,2779320.7813946854.1726007471,2779320.7813946854,2024-09-10 22:30:29.759626,2024-09-10,desktop,United States,youtube.com,referral,(referral),Referral,100.07,100.07,2.0,2,2,['Accessories' 'Bags'],1,True,,50.04,22,Tuesday,832
T0004263,7738399.7751442658.1732889426,7738399.7751442658,2024-11-29 14:05:09.320562,2024-11-29,desktop,United States,(direct),(none),(direct),Direct,100.07,100.07,2.0,2,2,['Accessories' 'Bags'],1,True,,50.04,14,Friday,832
T0001683,1358708.3286623377.1729209118,1358708.3286623377,2024-10-18 00:06:27.464435,2024-10-18,mobile,United Kingdom,(direct),(none),(direct),Direct,100.07,100.07,2.0,2,2,['Accessories' 'Bags'],1,True,,50.04,0,Friday,832
T0001657,5248224.6950668408.1729180975,5248224.6950668408,2024-10-17 16:10:34.601599,2024-10-17,mobile,United States,google,cpc,brand_search,Paid,100.05,100.05,2.0,2,2,['Lifestyle' 'Stationery'],1,True,,50.03,16,Thursday,833
T0000345,1215195.7766460103.1726347124,1215195.7766460103,2024-09-14 21:09:03.610383,2024-09-14,desktop,United Kingdom,google,cpc,shopping_feed,Paid,99.93,99.93,2.0,2,2,['Accessories' 'Bags'],1,True,,49.97,21,Saturday,834
T0002987,6002248.4708261069.1731514716,6002248.4708261069,2024-11-13 16:30:39.489483,2024-11-13,mobile,United States,(direct),(none),(direct),Direct,99.92,99.92,2.0,2,2,['Bags' 'Drinkware'],1,True,,49.96,16,Wednesday,835
T0003006,5981151.4266627594.1731536484,5981151.4266627594,2024-11-13 22:30:59.764439,2024-11-13,mobile,Japan,newsletter,email,weekly_drop,Email,99.87,99.87,2.0,2,2,['Apparel' 'Drinkware'],1,True,,49.94,22,Wednesday,836
T0004297,6209897.9984349006.1732906580,6209897.9984349006,2024-11-29 18:47:04.717547,2024-11-29,mobile,Germany,partners,affiliate,coupon_partners,Affiliate,99.79,99.79,3.0,2,2,['Lifestyle' 'Office'],1,True,,33.26,18,Friday,837
T0001208,7302154.5091860256.1728284860,7302154.5091860256,2024-10-07 07:12:29.711687,2024-10-07,mobile,Japan,google,cpc,brand_search,Paid,99.78,99.78,4.0,3,3,['Accessories' 'Apparel' 'Office'],1,True,,24.95,7,Monday,838
T0003076,7344974.4727818565.1731693194,7344974.4727818565,2024-11-15 17:57:12.094125,2024-11-15,mobile,United States,(direct),(none),(direct),Direct,99.75,99.75,4.0,3,3,['Accessories' 'Apparel' 'Stationery'],1,True,,24.94,17,Friday,839
T0000860,5708020.9864398705.1727490234,5708020.9864398705,2024-09-28 02:12:43.371236,2024-09-28,desktop,Netherlands,google,organic,(organic),Organic Search,99.72,99.72,3.0,2,2,['Accessories' 'Apparel'],1,True,,33.24,2,Saturday,840
T0002775,8385976.3420369046.1731141825,8385976.3420369046,2024-11-09 08:46:22.485824,2024-11-09,mobile,India,google,cpc,shopping_feed,Paid,99.69,99.69,3.0,3,3,['Drinkware' 'Electronics' 'Stationery'],1,True,,33.23,8,Saturday,841
T0001864,4748983.2751392261.1729598323,4748983.2751392261,2024-10-22 12:07:02.117382,2024-10-22,desktop,United States,google,organic,(organic),Organic Search,99.61,99.61,3.0,2,2,['Accessories' 'Apparel'],1,True,,33.2,12,Tuesday,842
T0000972,5095626.5077038262.1727730455,5095626.5077038262,2024-09-30 21:27:50.974425,2024-09-30,mobile,India,google,cpc,brand_search,Paid,99.52,99.52,3.0,3,2,['Accessories' 'Apparel'],1,True,,33.17,21,Monday,843
T0002556,9300518.4725844145.1730749538,9300518.4725844145,2024-11-04 19:56:14.988649,2024-11-04,desktop,United States,google,cpc,brand_search,Paid,99.51,99.51,4.0,3,2,['Accessories' 'Apparel'],2,False,54,24.88,19,Monday,844
T0002359,5974124.3423130297.1730443459,5974124.3423130297,2024-11-01 06:47:06.447399,2024-11-01,mobile,United States,newsletter,email,weekly_drop,Email,99.49,99.49,3.0,2,2,['Apparel' 'Bags'],1,True,,33.16,6,Friday,845
T0000938,7011039.5411353291.1727676199,7011039.5411353291,2024-09-30 06:16:11.390857,2024-09-30,mobile,United States,google,organic,(organic),Organic Search,99.44,99.44,2.0,2,2,['Accessories' 'Lifestyle'],1,True,,49.72,6,Monday,846
T0001507,4585917.7706897107.1728914290,4585917.7706897107,2024-10-14 14:00:52.594951,2024-10-14,desktop,United States,partners,affiliate,coupon_partners,Affiliate,99.44,99.44,3.0,2,2,['Bags' 'Office'],1,True,,33.15,14,Monday,846
T0001234,4608172.6898023138.1728337837,4608172.6898023138,2024-10-07 21:46:34.295640,2024-10-07,mobile,Germany,google,cpc,brand_search,Paid,99.43,99.43,4.0,3,2,['Apparel' 'Lifestyle'],1,True,,24.86,21,Monday,847
T0000288,4691789.1363081461.1726214712,4691789.1363081461,2024-09-13 08:11:05.156508,2024-09-13,desktop,United States,(direct),(none),(direct),Direct,99.3,99.3,3.0,3,2,['Apparel' 'Office'],1,True,,33.1,8,Friday,848
T0002540,8345617.2040945193.1730724416,8345617.2040945193,2024-11-04 12:51:06.859136,2024-11-04,mobile,France,google,organic,(organic),Organic Search,99.3,99.3,2.0,2,1,['Apparel'],2,False,9,49.65,12,Monday,848
T0004039,8469188.6543255638.1732792930,8469188.6543255638,2024-11-28 11:24:11.552987,2024-11-28,desktop,Canada,google,organic,(organic),Organic Search,99.27,99.27,2.0,2,2,['Apparel' 'Office'],1,True,,49.64,11,Thursday,849
T0000686,6505770.7473811569.1727127592,6505770.7473811569,2024-09-23 21:32:36.148665,2024-09-23,desktop,United States,google,organic,(organic),Organic Search,99.06,99.06,3.0,3,3,['Accessories' 'Lifestyle' 'Stationery'],1,True,,33.02,21,Monday,850
T0000639,1039394.5928291925.1727023524,1039394.5928291925,2024-09-22 16:42:04.946253,2024-09-22,mobile,Netherlands,google,organic,(organic),Organic Search,99.05,99.05,3.0,2,2,['Bags' 'Office'],1,True,,33.02,16,Sunday,851
T0000623,5638309.4103878874.1726981068,5638309.4103878874,2024-09-22 04:53:50.867508,2024-09-22,mobile,United Kingdom,google,cpc,shopping_feed,Paid,98.95,98.95,3.0,2,2,['Apparel' 'Drinkware'],1,True,,32.98,4,Sunday,852
T0000419,4537108.2944004321.1726510514,4537108.2944004321,2024-09-16 18:41:13.036905,2024-09-16,mobile,United States,(direct),(none),(direct),Direct,98.81,98.81,2.0,2,2,['Headgear' 'Lifestyle'],1,True,,49.41,18,Monday,853
T0004106,6553548.2443561198.1732815215,6553548.2443561198,2024-11-28 17:47:57.748966,2024-11-28,desktop,United States,google,cpc,shopping_feed,Paid,98.77,98.77,2.0,2,2,['Accessories' 'Apparel'],1,True,,49.39,17,Thursday,854
T0000904,2438776.4048082431.1727568315,2438776.4048082431,2024-09-29 00:05:07.574552,2024-09-29,mobile,United States,google,organic,(organic),Organic Search,98.77,98.77,2.0,2,2,['Accessories' 'Apparel'],1,True,,49.39,0,Sunday,854
T0003088,4193898.3560063940.1731706246,4193898.3560063940,2024-11-15 21:38:11.046139,2024-11-15,mobile,India,(direct),(none),(direct),Direct,98.73,98.73,4.0,3,2,['Accessories' 'Drinkware'],1,True,,24.68,21,Friday,855
T0003242,4255081.9664230686.1731982306,4255081.9664230686,2024-11-19 02:15:43.621826,2024-11-19,desktop,Netherlands,google,organic,(organic),Organic Search,98.63,98.63,2.0,2,2,['Accessories' 'Apparel'],1,True,,49.32,2,Tuesday,856
T0002479,4687508.3380844722.1730630247,4687508.3380844722,2024-11-03 10:42:04.317003,2024-11-03,desktop,India,google,organic,(organic),Organic Search,98.57,98.57,4.0,3,2,['Accessories' 'Stationery'],1,True,,24.64,10,Sunday,857
T0003135,8422557.9274648733.1731795949,8422557.9274648733,2024-11-16 22:36:14.094810,2024-11-16,desktop,United States,google,organic,(organic),Organic Search,98.54,98.54,3.0,2,2,['Accessories' 'Drinkware'],1,True,,32.85,22,Saturday,858
T0001674,1423339.8640464256.1729200112,1423339.8640464256,2024-10-17 21:16:42.765355,2024-10-17,desktop,United States,google,cpc,brand_search,Paid,98.52,98.52,3.0,3,3,['Bags' 'Office' 'Stationery'],1,True,,32.84,21,Thursday,859
T0000368,7252488.8585002236.1726412991,7252488.8585002236,2024-09-15 15:10:57.634875,2024-09-15,desktop,United States,google,cpc,shopping_feed,Paid,98.45,98.45,2.0,2,2,['Apparel' 'Headgear'],3,False,2,49.23,15,Sunday,860
T0003934,8288948.9627963685.1732732615,8288948.9627963685,2024-11-27 18:36:49.792439,2024-11-27,mobile,United States,(direct),(none),(direct),Direct,98.37,98.37,3.0,2,2,['Accessories' 'Office'],1,True,,32.79,18,Wednesday,861
T0001474,1068849.2242025735.1728860196,1068849.2242025735,2024-10-13 22:58:33.165304,2024-10-13,mobile,United States,google,cpc,shopping_feed,Paid,98.33,98.33,3.0,2,2,['Apparel' 'Headgear'],1,True,,32.78,22,Sunday,862
T0002683,4305586.6419876156.1730982206,4305586.6419876156,2024-11-07 12:27:09.376989,2024-11-07,mobile,United States,(direct),(none),(direct),Direct,98.3,98.3,3.0,2,2,['Apparel' 'Bags'],1,True,,32.77,12,Thursday,863
T0004317,7515019.3175003981.1732911779,7515019.3175003981,2024-11-29 20:29:48.608753,2024-11-29,tablet,Japan,google,organic,(organic),Organic Search,98.2,98.2,3.0,3,2,['Accessories' 'Apparel'],1,True,,32.73,20,Friday,864
T0002518,4293199.2523779281.1730685190,4293199.2523779281,2024-11-04 01:57:38.441411,2024-11-04,mobile,United States,(direct),(none),(direct),Direct,98.1,98.1,2.0,2,1,['Apparel'],1,True,,49.05,1,Monday,865
T0004426,6583675.2367726511.1732978836,6583675.2367726511,2024-11-30 15:05:17.278854,2024-11-30,mobile,France,google,cpc,shopping_feed,Paid,98.1,98.1,2.0,2,1,['Apparel'],1,True,,49.05,15,Saturday,865
T0002641,1173471.5147644824.1730903271,1173471.5147644824,2024-11-06 14:22:59.518996,2024-11-06,desktop,United States,google,organic,(organic),Organic Search,98.06,98.06,3.0,2,2,['Accessories' 'Apparel'],1,True,,32.69,14,Wednesday,866
T0004247,5852904.9537491261.1732882282,5852904.9537491261,2024-11-29 12:17:26.125465,2024-11-29,desktop,United States,newsletter,email,weekly_drop,Email,97.99,97.99,1.0,1,1,['Bags'],1,True,,97.99,12,Friday,867
T0003710,8250485.7632330802.1732615359,8250485.7632330802,2024-11-26 10:02:16.816733,2024-11-26,mobile,United States,google,organic,(organic),Organic Search,97.99,97.99,1.0,1,1,['Bags'],1,True,,97.99,10,Tuesday,867
T0000272,5070707.3336978750.1726144554,5070707.3336978750,2024-09-12 12:42:09.169283,2024-09-12,mobile,United States,(direct),(none),(direct),Direct,97.59,97.59,2.0,2,2,['Bags' 'Office'],1,True,,48.8,12,Thursday,868
T0002184,3181256.4381283983.1730140100,3181256.4381283983,2024-10-28 18:22:26.378864,2024-10-28,desktop,United States,google,cpc,shopping_feed,Paid,97.57,97.57,3.0,2,2,['Apparel' 'Stationery'],1,True,,32.52,18,Monday,869
T0001670,5233764.2991650870.1729195332,5233764.2991650870,2024-10-17 20:02:22.262368,2024-10-17,desktop,United States,google,organic,(organic),Organic Search,97.53,97.53,2.0,2,1,['Apparel'],1,True,,48.77,20,Thursday,870
T0000902,9836001.1356770248.1727564255,9836001.1356770248,2024-09-28 23:05:28.333005,2024-09-28,desktop,Japan,facebook,paid_social,prospecting_broad,Paid,97.44,97.44,2.0,1,1,['Apparel'],1,True,,48.72,23,Saturday,871
T0000450,5656123.1845417806.1726585720,5656123.1845417806,2024-09-17 15:04:46.767357,2024-09-17,mobile,Canada,google,cpc,shopping_feed,Paid,97.43,97.43,3.0,2,2,['Apparel' 'Office'],1,True,,32.48,15,Tuesday,872
T0000026,7260683.9310043139.1725302549,7260683.9310043139,2024-09-02 18:44:17.116894,2024-09-02,mobile,Singapore,(direct),(none),(direct),Direct,97.23,97.23,4.0,3,2,['Accessories' 'Apparel'],1,True,,24.31,18,Monday,873
T0000508,3608767.3466811474.1726745520,3608767.3466811474,2024-09-19 11:40:44.608322,2024-09-19,desktop,Australia,google,cpc,shopping_feed,Paid,97.12,97.12,3.0,2,1,['Apparel'],1,True,,32.37,11,Thursday,874
T0002887,1049417.6687159997.1731331870,1049417.6687159997,2024-11-11 13:38:50.561362,2024-11-11,desktop,United States,newsletter,email,weekly_drop,Email,96.9,96.9,3.0,2,2,['Apparel' 'Bags'],1,True,,32.3,13,Monday,875
T0000995,5189292.8081222956.1727779065,5189292.8081222956,2024-10-01 10:51:12.472586,2024-10-01,mobile,United States,(direct),(none),(direct),Direct,96.86,96.86,3.0,3,2,['Apparel' 'Drinkware'],1,True,,32.29,10,Tuesday,876
T0003231,8426005.3360155799.1731967362,8426005.3360155799,2024-11-18 21:56:10.458163,2024-11-18,desktop,United States,google,organic,(organic),Organic Search,96.78,96.78,2.0,2,2,['Accessories' 'Apparel'],2,False,2,48.39,21,Monday,877
T0002717,5787275.7663995552.1731045823,5787275.7663995552,2024-11-08 06:13:24.232368,2024-11-08,mobile,India,google,organic,(organic),Organic Search,96.78,96.78,2.0,2,2,['Accessories' 'Apparel'],1,True,,48.39,6,Friday,877
T0000590,8784602.9344859168.1726931641,8784602.9344859168,2024-09-21 15:06:02.479363,2024-09-21,desktop,United Kingdom,(direct),(none),(direct),Direct,96.78,96.78,2.0,2,2,['Accessories' 'Apparel'],1,True,,48.39,15,Saturday,877
T0004099,1055327.1799924900.1732813486,1055327.1799924900,2024-11-28 17:06:52.760688,2024-11-28,tablet,India,google,cpc,brand_search,Paid,96.78,96.78,2.0,2,2,['Accessories' 'Apparel'],1,True,,48.39,17,Thursday,877
T0003638,7649123.2252377959.1732562242,7649123.2252377959,2024-11-25 19:18:15.433661,2024-11-25,desktop,Mexico,(direct),(none),(direct),Direct,96.66,96.66,4.0,3,3,['Electronics' 'Lifestyle' 'Office'],1,True,,24.17,19,Monday,878
T0001467,3153965.2289933116.1728849005,3153965.2289933116,2024-10-13 20:00:31.731790,2024-10-13,desktop,Germany,google,organic,(organic),Organic Search,96.6,96.6,4.0,3,3,['Accessories' 'Apparel' 'Office'],1,True,,24.15,20,Sunday,879
T0002004,7669602.3619554022.1729811188,7669602.3619554022,2024-10-24 23:09:20.758211,2024-10-24,mobile,Canada,google,organic,(organic),Organic Search,96.55,96.55,5.0,2,2,['Apparel' 'Lifestyle'],1,True,,19.31,23,Thursday,880
T0001980,5843306.2617388224.1729787185,5843306.2617388224,2024-10-24 16:22:57.603355,2024-10-24,desktop,India,google,cpc,shopping_feed,Paid,96.54,96.54,3.0,3,2,['Apparel' 'Lifestyle'],1,True,,32.18,16,Thursday,881
T0003066,6577076.9016189609.1731679018,6577076.9016189609,2024-11-15 14:17:05.800338,2024-11-15,mobile,United States,google,cpc,shopping_feed,Paid,96.46,96.46,4.0,2,2,['Apparel' 'Office'],1,True,,24.12,14,Friday,882
T0000537,6079522.7289735308.1726789401,6079522.7289735308,2024-09-19 23:48:10.024895,2024-09-19,desktop,United States,google,organic,(organic),Organic Search,96.41,96.41,3.0,3,3,['Apparel' 'Drinkware' 'Lifestyle'],2,False,14,32.14,23,Thursday,883
T0001336,6422493.1039019959.1728545398,6422493.1039019959,2024-10-10 07:20:51.187618,2024-10-10,desktop,United States,newsletter,email,weekly_drop,Email,96.28,96.28,2.0,2,1,['Lifestyle'],2,False,5,48.14,7,Thursday,884
T0002817,1466827.3484492630.1731209789,1466827.3484492630,2024-11-10 03:39:17.768699,2024-11-10,desktop,United States,(direct),(none),(direct),Direct,96.28,96.28,2.0,2,1,['Lifestyle'],1,True,,48.14,3,Sunday,884
T0002491,5696721.2297814816.1730643118,5696721.2297814816,2024-11-03 14:06:56.990398,2024-11-03,desktop,United States,(direct),(none),(direct),Direct,96.28,96.28,4.0,3,2,['Apparel' 'Drinkware'],1,True,,24.07,14,Sunday,884
T0004257,7160847.3017770482.1732886138,7160847.3017770482,2024-11-29 13:20:50.464116,2024-11-29,desktop,France,google,cpc,shopping_feed,Paid,96.2,96.2,5.0,3,2,['Accessories' 'Apparel'],1,True,,19.24,13,Friday,885
T0002720,1166433.5400022856.1731054106,1166433.5400022856,2024-11-08 08:18:03.383002,2024-11-08,desktop,United States,newsletter,email,weekly_drop,Email,96.19,96.19,2.0,2,2,['Bags' 'Office'],1,True,,48.1,8,Friday,886
T0002793,3158834.3651887491.1731165458,3158834.3651887491,2024-11-09 15:17:44.052862,2024-11-09,mobile,United States,newsletter,email,weekly_drop,Email,96.0,96.0,3.0,2,2,['Bags' 'Lifestyle'],1,True,,32.0,15,Saturday,887
T0003077,1257650.1483271813.1731694063,1257650.1483271813,2024-11-15 18:09:28.582591,2024-11-15,desktop,Germany,google,organic,(organic),Organic Search,95.9,95.9,4.0,3,3,['Apparel' 'Drinkware' 'Lifestyle'],1,True,,23.98,18,Friday,888
T0001242,6456259.4094508879.1728347155,6456259.4094508879,2024-10-08 00:32:59.735125,2024-10-08,mobile,Canada,newsletter,email,weekly_drop,Email,95.88,95.88,2.0,2,2,['Apparel' 'Electronics'],1,True,,47.94,0,Tuesday,889
T0003322,7479198.4839998700.1732124282,7479198.4839998700,2024-11-20 17:43:44.765252,2024-11-20,mobile,United States,google,cpc,shopping_feed,Paid,95.72,95.72,4.0,2,2,['Accessories' 'Apparel'],1,True,,23.93,17,Wednesday,890
T0002493,8888506.5452952940.1730647013,8888506.5452952940,2024-11-03 15:38:01.615270,2024-11-03,mobile,India,(direct),(none),(direct),Direct,95.68,95.68,2.0,2,2,['Apparel' 'Bags'],1,True,,47.84,15,Sunday,891
T0001872,8157844.4655800978.1729606298,8157844.4655800978,2024-10-22 14:22:46.606908,2024-10-22,mobile,United Kingdom,(direct),(none),(direct),Direct,95.46,95.46,3.0,2,2,['Accessories' 'Apparel'],1,True,,31.82,14,Tuesday,892
T0001146,7401175.3697650562.1728146065,7401175.3697650562,2024-10-05 16:42:24.646168,2024-10-05,desktop,United States,(direct),(none),(direct),Direct,95.44,95.44,4.0,2,2,['Accessories' 'Apparel'],1,True,,23.86,16,Saturday,893
T0004095,7984564.9229615993.1732812532,7984564.9229615993,2024-11-28 16:53:58.028154,2024-11-28,desktop,United States,(direct),(none),(direct),Direct,95.39,95.39,2.0,2,2,['Electronics' 'Office'],1,True,,47.7,16,Thursday,894
T0003625,9240729.6132156558.1732554802,9240729.6132156558,2024-11-25 17:23:41.903708,2024-11-25,mobile,United States,newsletter,email,weekly_drop,Email,95.37,95.37,3.0,3,3,['Accessories' 'Bags' 'Stationery'],1,True,,31.79,17,Monday,895
T0003538,1198377.8390132733.1732489122,1198377.8390132733,2024-11-24 22:57:15.904409,2024-11-24,desktop,United States,google,organic,(organic),Organic Search,95.29,95.29,2.0,2,2,['Bags' 'Office'],1,True,,47.65,22,Sunday,896
T0000413,9619281.4290823315.1726496055,9619281.4290823315,2024-09-16 14:33:03.901003,2024-09-16,desktop,United States,google,organic,(organic),Organic Search,95.02,95.02,2.0,2,2,['Apparel' 'Lifestyle'],1,True,,47.51,14,Monday,897
T0002676,3837043.6084293322.1730961747,3837043.6084293322,2024-11-07 06:41:24.249202,2024-11-07,mobile,United States,google,organic,(organic),Organic Search,95.01,95.01,3.0,2,2,['Accessories' 'Office'],1,True,,31.67,6,Thursday,898
T0004177,5503545.5591164041.1732839226,5503545.5591164041,2024-11-29 00:22:14.807846,2024-11-29,mobile,United States,google,cpc,shopping_feed,Paid,95.01,95.01,3.0,2,2,['Accessories' 'Office'],1,True,,31.67,0,Friday,898
T0004146,9475018.6228797511.1732827652,9475018.6228797511,2024-11-28 21:12:45.324725,2024-11-28,mobile,United States,google,organic,(organic),Organic Search,95.01,95.01,3.0,2,2,['Accessories' 'Office'],1,True,,31.67,21,Thursday,898
T0001903,5178565.7413758916.1729640479,5178565.7413758916,2024-10-22 23:32:51.103399,2024-10-22,desktop,Canada,google,cpc,brand_search,Paid,95.01,95.01,3.0,2,2,['Accessories' 'Office'],1,True,,31.67,23,Tuesday,898
T0002196,9734567.3506505612.1730153650,9734567.3506505612,2024-10-28 22:16:16.098195,2024-10-28,desktop,United Kingdom,youtube.com,referral,(referral),Referral,95.0,95.0,3.0,2,2,['Accessories' 'Apparel'],1,True,,31.67,22,Monday,899
T0001199,2990981.7116076823.1728250373,2990981.7116076823,2024-10-06 21:48:32.927714,2024-10-06,desktop,United States,google,cpc,brand_search,Paid,94.94,94.94,3.0,3,2,['Apparel' 'Stationery'],1,True,,31.65,21,Sunday,900
T0000067,8080182.9289752331.1725492426,8080182.9289752331,2024-09-04 23:28:33.018497,2024-09-04,mobile,United Kingdom,google,cpc,brand_search,Paid,94.93,94.93,5.0,3,2,['Accessories' 'Stationery'],1,True,,18.99,23,Wednesday,901
T0002118,7099941.3307223044.1730016074,7099941.3307223044,2024-10-27 08:03:06.789742,2024-10-27,tablet,United States,google,cpc,brand_search,Paid,94.78,94.78,2.0,2,2,['Lifestyle' 'Stationery'],1,True,,47.39,8,Sunday,902
T0000337,8264541.6556324889.1726336113,8264541.6556324889,2024-09-14 17:49:30.229595,2024-09-14,desktop,Germany,(direct),(none),(direct),Direct,94.75,94.75,2.0,2,2,['Accessories' 'Apparel'],1,True,,47.38,17,Saturday,903
T0000210,3156693.4211332749.1725998906,3156693.4211332749,2024-09-10 20:03:28.619836,2024-09-10,mobile,United Kingdom,google,organic,(organic),Organic Search,94.75,94.75,2.0,2,2,['Accessories' 'Apparel'],1,True,,47.38,20,Tuesday,903
T0001904,9431225.2333347291.1729640653,9431225.2333347291,2024-10-22 23:39:22.995124,2024-10-22,mobile,Japan,facebook,paid_social,prospecting_broad,Paid,94.75,94.75,2.0,2,2,['Accessories' 'Apparel'],1,True,,47.38,23,Tuesday,903
T0001248,9946603.6694496340.1728365265,9946603.6694496340,2024-10-08 05:28:49.021042,2024-10-08,mobile,United Kingdom,newsletter,email,weekly_drop,Email,94.73,94.73,2.0,2,2,['Bags' 'Stationery'],1,True,,47.37,5,Tuesday,904
T0000777,2805516.9663369874.1727307709,2805516.9663369874,2024-09-25 23:47:10.033667,2024-09-25,mobile,Japan,google,cpc,shopping_feed,Paid,94.61,94.61,2.0,2,2,['Accessories' 'Apparel'],1,True,,47.31,23,Wednesday,905
T0003000,3732303.1782213007.1731532676,3732303.1782213007,2024-11-13 21:35:56.797803,2024-11-13,desktop,United Kingdom,newsletter,email,weekly_drop,Email,94.61,94.61,2.0,2,2,['Accessories' 'Apparel'],1,True,,47.31,21,Wednesday,905
T0003655,3930640.6314006886.1732569561,3930640.6314006886,2024-11-25 21:18:48.240906,2024-11-25,desktop,United States,facebook,paid_social,prospecting_broad,Paid,94.61,94.61,2.0,2,2,['Accessories' 'Apparel'],1,True,,47.31,21,Monday,905
T0002415,7696309.5537833380.1730529315,7696309.5537833380,2024-11-02 06:30:57.273921,2024-11-02,mobile,Brazil,google,organic,(organic),Organic Search,94.57,94.57,2.0,2,2,['Lifestyle' 'Office'],1,True,,47.29,6,Saturday,906
T0001123,9426616.9873104272.1728081795,9426616.9873104272,2024-10-04 22:51:59.309425,2024-10-04,desktop,United States,(direct),(none),(direct),Direct,94.55,94.55,3.0,3,3,['Bags' 'Office' 'Stationery'],1,True,,31.52,22,Friday,907
T0003121,7369998.5918084681.1731774953,7369998.5918084681,2024-11-16 16:45:30.440279,2024-11-16,desktop,United States,(direct),(none),(direct),Direct,94.52,94.52,2.0,2,2,['Bags' 'Stationery'],1,True,,47.26,16,Saturday,908
T0001500,9962311.7784181452.1728906643,9962311.7784181452,2024-10-14 11:48:25.182150,2024-10-14,mobile,France,(direct),(none),(direct),Direct,94.47,94.47,2.0,2,2,['Apparel' 'Headgear'],1,True,,47.24,11,Monday,909
T0002893,2480501.3599534877.1731344042,2480501.3599534877,2024-11-11 16:58:17.607810,2024-11-11,desktop,United States,google,cpc,shopping_feed,Paid,94.45,94.45,4.0,3,2,['Accessories' 'Apparel'],1,True,,23.61,16,Monday,910
T0003813,3084724.2188376965.1732659972,3084724.2188376965,2024-11-26 22:30:12.794771,2024-11-26,mobile,United States,google,cpc,brand_search,Paid,94.4,94.4,2.0,2,2,['Accessories' 'Bags'],1,True,,47.2,22,Tuesday,911
T0004276,2037171.2848833035.1732896782,2037171.2848833035,2024-11-29 16:10:16.648952,2024-11-29,mobile,United States,google,organic,(organic),Organic Search,93.98,93.98,3.0,3,2,['Accessories' 'Apparel'],1,True,,31.33,16,Friday,912
T0004239,6785415.3834239089.1732879642,6785415.3834239089,2024-11-29 11:29:59.758959,2024-11-29,mobile,United States,google,organic,(organic),Organic Search,93.88,93.88,3.0,2,2,['Apparel' 'Office'],1,True,,31.29,11,Friday,913
T0004004,4952951.4216758801.1732771188,4952951.4216758801,2024-11-28 05:10:40.314051,2024-11-28,desktop,United States,google,organic,(organic),Organic Search,93.8,93.8,4.0,3,3,['Accessories' 'Apparel' 'Drinkware'],1,True,,23.45,5,Thursday,914
T0000539,3303078.8837159336.1726790410,3303078.8837159336,2024-09-20 00:11:51.015458,2024-09-20,mobile,United States,google,cpc,brand_search,Paid,93.54,93.54,3.0,2,2,['Apparel' 'Lifestyle'],1,True,,31.18,0,Friday,915
T0001785,4032504.3045344591.1729422446,4032504.3045344591,2024-10-20 11:05:57.251120,2024-10-20,desktop,United States,newsletter,email,weekly_drop,Email,93.51,93.51,2.0,2,2,['Apparel' 'Office'],1,True,,46.76,11,Sunday,916
T0001197,5956580.9417103166.1728243156,5956580.9417103166,2024-10-06 19:31:09.889741,2024-10-06,mobile,United States,google,cpc,brand_search,Paid,93.33,93.33,5.0,3,3,['Accessories' 'Apparel' 'Stationery'],1,True,,18.67,19,Sunday,917
T0002453,7247213.1475378301.1730579899,7247213.1475378301,2024-11-02 20:43:04.221402,2024-11-02,desktop,Germany,google,organic,(organic),Organic Search,93.33,93.33,2.0,2,1,['Apparel'],1,True,,46.67,20,Saturday,917
T0003972,7781116.3789449203.1732748401,7781116.3789449203,2024-11-27 23:19:42.275301,2024-11-27,mobile,India,facebook,paid_social,prospecting_broad,Paid,93.3,93.3,3.0,2,2,['Accessories' 'Lifestyle'],1,True,,31.1,23,Wednesday,918
T0004130,7757958.5082151288.1732823568,7757958.5082151288,2024-11-28 19:49:45.409626,2024-11-28,desktop,United States,google,cpc,shopping_feed,Paid,93.25,93.25,2.0,2,2,['Apparel' 'Office'],1,True,,46.63,19,Thursday,919
T0004180,9324714.6363842351.1732841816,9324714.6363842351,2024-11-29 01:14:21.643772,2024-11-29,desktop,India,google,cpc,brand_search,Paid,93.19,93.19,2.0,2,2,['Apparel' 'Lifestyle'],1,True,,46.6,1,Friday,920
T0003906,8900160.2878689976.1732719640,8900160.2878689976,2024-11-27 15:11:51.019272,2024-11-27,desktop,United States,newsletter,email,weekly_drop,Email,93.19,93.19,2.0,2,2,['Apparel' 'Lifestyle'],1,True,,46.6,15,Wednesday,920
T0002137,5656804.8924869131.1730046988,5656804.8924869131,2024-10-27 16:46:16.352905,2024-10-27,mobile,Germany,(direct),(none),(direct),Direct,93.14,93.14,4.0,2,2,['Accessories' 'Lifestyle'],1,True,,23.29,16,Sunday,921
T0003796,9757181.5291438572.1732655212,9757181.5291438572,2024-11-26 21:12:04.024941,2024-11-26,desktop,India,google,cpc,shopping_feed,Paid,93.01,93.01,2.0,2,2,['Electronics' 'Lifestyle'],1,True,,46.51,21,Tuesday,922
T0002113,1211495.6238912391.1730007885,1211495.6238912391,2024-10-27 05:51:42.176561,2024-10-27,mobile,Australia,google,cpc,shopping_feed,Paid,92.97,92.97,2.0,2,2,['Apparel' 'Drinkware'],1,True,,46.49,5,Sunday,923
T0003335,7129261.7675438810.1732140442,7129261.7675438810,2024-11-20 21:59:27.908359,2024-11-20,desktop,United States,google,cpc,shopping_feed,Paid,92.94,92.94,2.0,2,2,['Accessories' 'Apparel'],1,True,,46.47,21,Wednesday,924
T0001442,1819792.1239998512.1728773227,1819792.1239998512,2024-10-12 22:42:48.376534,2024-10-12,mobile,Netherlands,(direct),(none),(direct),Direct,92.78,92.78,3.0,2,2,['Apparel' 'Drinkware'],1,True,,30.93,22,Saturday,925
T0002754,5278671.8787531285.1731095021,5278671.8787531285,2024-11-08 19:46:43.045553,2024-11-08,mobile,United States,google,cpc,brand_search,Paid,92.69,92.69,3.0,3,3,['Accessories' 'Apparel' 'Stationery'],1,True,,30.9,19,Friday,926
T0000603,9264573.3131412604.1726941291,9264573.3131412604,2024-09-21 17:59:11.364117,2024-09-21,mobile,Netherlands,google,organic,(organic),Organic Search,92.67,92.67,3.0,3,3,['Accessories' 'Apparel' 'Lifestyle'],1,True,,30.89,17,Saturday,927
T0001899,2680080.6518907069.1729635954,2680080.6518907069,2024-10-22 22:31:22.323598,2024-10-22,desktop,United States,google,cpc,brand_search,Paid,92.6,92.6,3.0,3,2,['Accessories' 'Electronics'],1,True,,30.87,22,Tuesday,928
T0002838,7644053.2503349062.1731247988,7644053.2503349062,2024-11-10 14:17:43.897789,2024-11-10,mobile,United Kingdom,google,cpc,shopping_feed,Paid,92.52,92.52,4.0,3,3,['Accessories' 'Apparel' 'Lifestyle'],1,True,,23.13,14,Sunday,929
T0000200,4914934.7596107759.1725971540,4914934.7596107759,2024-09-10 12:49:00.869826,2024-09-10,desktop,United States,google,organic,(organic),Organic Search,92.46,92.46,2.0,2,2,['Accessories' 'Bags'],2,False,7,46.23,12,Tuesday,930
T0003647,1719699.1844786517.1732567608,1719699.1844786517,2024-11-25 20:41:15.341743,2024-11-25,mobile,United States,partners,affiliate,coupon_partners,Affiliate,92.46,92.46,2.0,2,2,['Accessories' 'Bags'],1,True,,46.23,20,Monday,930
T0004482,7470643.8461724774.1733005266,7470643.8461724774,2024-11-30 22:31:34.208510,2024-11-30,mobile,United States,google,cpc,shopping_feed,Paid,92.4,92.4,2.0,2,2,['Apparel' 'Lifestyle'],1,True,,46.2,22,Saturday,931
T0001189,7972443.9296453611.1728227595,7972443.9296453611,2024-10-06 15:17:11.586588,2024-10-06,desktop,United Kingdom,google,cpc,shopping_feed,Paid,92.3,92.3,3.0,3,3,['Accessories' 'Apparel' 'Lifestyle'],1,True,,30.77,15,Sunday,932
T0001677,1981705.7462152063.1729203746,1981705.7462152063,2024-10-17 22:26:26.660911,2024-10-17,desktop,United States,(direct),(none),(direct),Direct,92.19,92.19,3.0,2,2,['Bags' 'Headgear'],1,True,,30.73,22,Thursday,933
T0001974,6337384.6837239373.1729778773,6337384.6837239373,2024-10-24 14:02:57.528496,2024-10-24,mobile,Singapore,facebook,paid_social,prospecting_broad,Paid,92.18,92.18,2.0,2,2,['Apparel' 'Lifestyle'],1,True,,46.09,14,Thursday,934
T0004453,1059495.8126577454.1732992715,1059495.8126577454,2024-11-30 18:59:17.993928,2024-11-30,desktop,France,google,cpc,shopping_feed,Paid,92.16,92.16,4.0,2,2,['Apparel' 'Drinkware'],1,True,,23.04,18,Saturday,935
T0001350,3991638.7018884077.1728572905,3991638.7018884077,2024-10-10 15:10:53.530733,2024-10-10,desktop,United States,google,cpc,shopping_feed,Paid,91.87,91.87,2.0,2,2,['Accessories' 'Lifestyle'],2,False,4,45.94,15,Thursday,936
T0003320,5313697.7982354202.1732121838,5313697.7982354202,2024-11-20 16:55:12.559786,2024-11-20,desktop,United States,google,cpc,shopping_feed,Paid,91.87,91.87,2.0,2,2,['Accessories' 'Lifestyle'],2,False,1,45.94,16,Wednesday,936
T0004158,2321358.5524640794.1732831182,2321358.5524640794,2024-11-28 22:08:03.252895,2024-11-28,desktop,United States,google,cpc,shopping_feed,Paid,91.84,91.84,2.0,2,2,['Apparel' 'Bags'],2,False,2,45.92,22,Thursday,937
T0000841,1862619.7962982991.1727454094,1862619.7962982991,2024-09-27 16:25:58.104395,2024-09-27,desktop,Canada,google,organic,(organic),Organic Search,91.84,91.84,2.0,2,2,['Apparel' 'Bags'],1,True,,45.92,16,Friday,937
T0004044,2307166.2224196208.1732794401,2307166.2224196208,2024-11-28 11:55:11.787310,2024-11-28,mobile,United States,(direct),(none),(direct),Direct,91.79,91.79,2.0,2,1,['Apparel'],1,True,,45.9,11,Thursday,938
T0000604,1157806.7918092900.1726941331,1157806.7918092900,2024-09-21 18:07:53.282054,2024-09-21,mobile,Canada,newsletter,email,weekly_drop,Email,91.79,91.79,3.0,2,2,['Apparel' 'Headgear'],1,True,,30.6,18,Saturday,938
T0001327,3802493.3946043238.1728514079,3802493.3946043238,2024-10-09 22:47:21.420475,2024-10-09,mobile,United States,newsletter,email,weekly_drop,Email,91.77,91.77,3.0,2,1,['Office'],2,False,5,30.59,22,Wednesday,939
T0002539,4102999.4162585501.1730724848,4102999.4162585501,2024-11-04 12:49:34.796220,2024-11-04,desktop,India,google,cpc,shopping_feed,Paid,91.75,91.75,2.0,2,2,['Apparel' 'Bags'],1,True,,45.88,12,Monday,940
T0000657,4411655.7767176532.1727058609,4411655.7767176532,2024-09-23 02:31:34.542932,2024-09-23,desktop,United States,google,cpc,shopping_feed,Paid,91.75,91.75,2.0,2,2,['Apparel' 'Bags'],1,True,,45.88,2,Monday,940
T0003484,9969011.5056410253.1732396595,9969011.5056410253,2024-11-23 21:11:20.886410,2024-11-23,desktop,United Kingdom,youtube.com,referral,(referral),Referral,91.75,91.75,2.0,2,2,['Apparel' 'Bags'],1,True,,45.88,21,Saturday,940
T0001813,7294955.5396845104.1729488568,7294955.5396845104,2024-10-21 05:31:55.786251,2024-10-21,desktop,Brazil,newsletter,email,weekly_drop,Email,91.73,91.73,2.0,2,2,['Accessories' 'Lifestyle'],1,True,,45.87,5,Monday,941
T0001481,8532799.7735126601.1728878828,8532799.7735126601,2024-10-14 04:08:42.043110,2024-10-14,desktop,Canada,(direct),(none),(direct),Direct,91.73,91.73,2.0,2,2,['Accessories' 'Lifestyle'],2,False,1,45.87,4,Monday,941
T0002032,7462992.3103761928.1729868802,7462992.3103761928,2024-10-25 15:15:34.654676,2024-10-25,mobile,Germany,newsletter,email,weekly_drop,Email,91.73,91.73,2.0,2,2,['Accessories' 'Lifestyle'],2,False,41,45.87,15,Friday,941
T0003427,4079582.7389491775.1732295483,4079582.7389491775,2024-11-22 17:11:54.117898,2024-11-22,desktop,United States,google,organic,(organic),Organic Search,91.73,91.73,2.0,2,2,['Accessories' 'Lifestyle'],1,True,,45.87,17,Friday,941
T0000238,6665214.9467544044.1726070090,6665214.9467544044,2024-09-11 15:58:38.301221,2024-09-11,desktop,Germany,(direct),(none),(direct),Direct,91.54,91.54,3.0,3,2,['Accessories' 'Apparel'],1,True,,30.51,15,Wednesday,942
T0004209,2842326.7623732968.1732867486,2842326.7623732968,2024-11-29 08:00:48.730283,2024-11-29,tablet,India,(direct),(none),(direct),Direct,91.45,91.45,3.0,2,2,['Drinkware' 'Office'],1,True,,30.48,8,Friday,943
T0004264,9065450.7622206799.1732889249,9065450.7622206799,2024-11-29 14:14:57.265757,2024-11-29,desktop,United Kingdom,youtube.com,referral,(referral),Referral,91.43,91.43,2.0,2,2,['Apparel' 'Drinkware'],1,True,,45.72,14,Friday,944
T0003741,7454327.9638804796.1732626535,7454327.9638804796,2024-11-26 13:17:48.817047,2024-11-26,mobile,India,youtube.com,referral,(referral),Referral,91.37,91.37,3.0,3,3,['Apparel' 'Bags' 'Stationery'],1,True,,30.46,13,Tuesday,945
T0001058,8718611.7440685520.1727931331,8718611.7440685520,2024-10-03 05:05:12.106957,2024-10-03,desktop,United Kingdom,(direct),(none),(direct),Direct,91.33,91.33,2.0,2,1,['Apparel'],1,True,,45.67,5,Thursday,946
T0003326,8948447.1349160984.1732127464,8948447.1349160984,2024-11-20 18:33:28.766124,2024-11-20,mobile,Australia,youtube.com,referral,(referral),Referral,91.33,91.33,4.0,3,3,['Accessories' 'Apparel' 'Lifestyle'],1,True,,22.83,18,Wednesday,946
T0002693,7845669.6482577136.1730993382,7845669.6482577136,2024-11-07 15:35:26.843517,2024-11-07,desktop,United States,google,organic,(organic),Organic Search,91.26,91.26,3.0,3,2,['Accessories' 'Apparel'],1,True,,30.42,15,Thursday,947
T0003668,6432917.2829868784.1732575803,6432917.2829868784,2024-11-25 22:58:04.891740,2024-11-25,mobile,Japan,partners,affiliate,coupon_partners,Affiliate,91.21,91.21,2.0,2,2,['Apparel' 'Lifestyle'],1,True,,45.61,22,Monday,948
T0001601,8910986.1602423419.1729086564,8910986.1602423419,2024-10-16 13:57:24.107411,2024-10-16,desktop,India,newsletter,email,weekly_drop,Email,91.18,91.18,3.0,3,3,['Accessories' 'Apparel' 'Drinkware'],1,True,,30.39,13,Wednesday,949
T0001331,8963493.9669717208.1728531622,8963493.9669717208,2024-10-10 03:48:59.359205,2024-10-10,mobile,Brazil,facebook,paid_social,prospecting_broad,Paid,91.11,91.11,2.0,2,2,['Accessories' 'Apparel'],1,True,,45.56,3,Thursday,950
T0003592,1244890.2982531029.1732535673,1244890.2982531029,2024-11-25 11:53:47.957829,2024-11-25,desktop,Canada,newsletter,email,weekly_drop,Email,91.0,91.0,4.0,3,3,['Accessories' 'Apparel' 'Drinkware'],1,True,,22.75,11,Monday,951
T0001817,9375827.6488324578.1729505662,9375827.6488324578,2024-10-21 10:03:57.047024,2024-10-21,desktop,United Kingdom,google,organic,(organic),Organic Search,90.98,90.98,4.0,3,2,['Accessories' 'Apparel'],1,True,,22.75,10,Monday,952
T0002253,1208596.2548198039.1730269394,1208596.2548198039,2024-10-30 06:35:17.094377,2024-10-30,mobile,United Kingdom,(direct),(none),(direct),Direct,90.93,90.93,2.0,2,2,['Accessories' 'Electronics'],1,True,,45.47,6,Wednesday,953
T0003758,7826618.7121407171.1732633842,7826618.7121407171,2024-11-26 15:22:27.542937,2024-11-26,mobile,United States,google,cpc,brand_search,Paid,90.84,90.84,2.0,2,2,['Accessories' 'Lifestyle'],1,True,,45.42,15,Tuesday,954
T0003299,2519948.4959066474.1732075895,2519948.4959066474,2024-11-20 04:24:53.417300,2024-11-20,mobile,France,newsletter,email,weekly_drop,Email,90.8,90.8,3.0,2,2,['Apparel' 'Stationery'],1,True,,30.27,4,Wednesday,955
T0004353,8822527.8022654529.1732927739,8822527.8022654529,2024-11-30 00:46:47.433715,2024-11-30,mobile,Canada,newsletter,email,weekly_drop,Email,90.75,90.75,3.0,3,3,['Apparel' 'Lifestyle' 'Office'],1,True,,30.25,0,Saturday,956
T0003789,1148496.6546147313.1732651862,1148496.6546147313,2024-11-26 20:23:15.732214,2024-11-26,mobile,France,google,organic,(organic),Organic Search,90.75,90.75,2.0,2,2,['Bags' 'Headgear'],1,True,,45.38,20,Tuesday,956
T0001523,8708750.5679131287.1728938186,8708750.5679131287,2024-10-14 20:39:18.373846,2024-10-14,desktop,Germany,newsletter,email,weekly_drop,Email,90.73,90.73,3.0,3,2,['Apparel' 'Stationery'],1,True,,30.24,20,Monday,957
T0002604,7306833.9517711706.1730839301,7306833.9517711706,2024-11-05 20:43:56.126465,2024-11-05,desktop,United States,google,organic,(organic),Organic Search,90.66,90.66,3.0,2,2,['Accessories' 'Apparel'],1,True,,30.22,20,Tuesday,958
T0002839,2422391.5324718021.1731248008,2422391.5324718021,2024-11-10 14:19:15.037042,2024-11-10,desktop,United States,facebook,paid_social,prospecting_broad,Paid,90.65,90.65,3.0,3,3,['Accessories' 'Drinkware' 'Lifestyle'],1,True,,30.22,14,Sunday,959
T0002174,3985489.8102551280.1730123806,3985489.8102551280,2024-10-28 14:06:24.880406,2024-10-28,tablet,United States,newsletter,email,weekly_drop,Email,90.6,90.6,2.0,2,2,['Bags' 'Lifestyle'],2,False,5,45.3,14,Monday,960
T0000305,1568659.7228951991.1726237499,1568659.7228951991,2024-09-13 14:28:19.768230,2024-09-13,desktop,Singapore,(direct),(none),(direct),Direct,90.51,90.51,4.0,3,2,['Apparel' 'Drinkware'],1,True,,22.63,14,Friday,961
T0003226,2928723.4304761918.1731960395,2928723.4304761918,2024-11-18 20:03:18.667630,2024-11-18,mobile,United States,newsletter,email,weekly_drop,Email,90.47,90.47,2.0,2,2,['Accessories' 'Apparel'],1,True,,45.24,20,Monday,962
T0003667,9389393.8333665323.1732574966,9389393.8333665323,2024-11-25 22:55:30.702077,2024-11-25,mobile,Japan,google,organic,(organic),Organic Search,90.47,90.47,2.0,2,2,['Accessories' 'Apparel'],1,True,,45.24,22,Monday,962
T0000207,4532456.8818395164.1725992709,4532456.8818395164,2024-09-10 18:23:37.142288,2024-09-10,desktop,Brazil,google,cpc,brand_search,Paid,90.41,90.41,1.0,1,1,['Bags'],1,True,,90.41,18,Tuesday,963
T0000572,5470682.3568751620.1726871788,5470682.3568751620,2024-09-20 22:36:26.026508,2024-09-20,desktop,Mexico,(direct),(none),(direct),Direct,90.41,90.41,1.0,1,1,['Bags'],1,True,,90.41,22,Friday,963
T0004137,8914518.2453849921.1732826996,8914518.2453849921,2024-11-28 20:53:21.152644,2024-11-28,mobile,United States,(direct),(none),(direct),Direct,90.41,90.41,1.0,1,1,['Bags'],1,True,,90.41,20,Thursday,963
T0004455,1513246.6696377757.1732993340,1513246.6696377757,2024-11-30 19:07:25.493898,2024-11-30,desktop,United Kingdom,google,organic,(organic),Organic Search,90.41,90.41,1.0,1,1,['Bags'],1,True,,90.41,19,Saturday,963
T0001942,2150485.3753835611.1729703280,2150485.3753835611,2024-10-23 17:07:22.079584,2024-10-23,desktop,United States,google,organic,(organic),Organic Search,90.41,90.41,1.0,1,1,['Bags'],2,False,13,90.41,17,Wednesday,963
T0000953,5376091.8203485026.1727700340,5376091.8203485026,2024-09-30 12:57:16.414101,2024-09-30,desktop,United States,google,cpc,shopping_feed,Paid,90.41,90.41,1.0,1,1,['Bags'],1,True,,90.41,12,Monday,963
T0002843,5996673.7956751453.1731252908,5996673.7956751453,2024-11-10 15:32:35.457630,2024-11-10,desktop,United States,google,cpc,brand_search,Paid,90.41,90.41,1.0,1,1,['Bags'],1,True,,90.41,15,Sunday,963
T0003804,5567987.1193852473.1732657925,5567987.1193852473,2024-11-26 21:52:51.686368,2024-11-26,desktop,United States,google,organic,(organic),Organic Search,90.41,90.41,1.0,1,1,['Bags'],1,True,,90.41,21,Tuesday,963
T0001431,3990755.8857036856.1728743746,3990755.8857036856,2024-10-12 14:40:17.178320,2024-10-12,mobile,United States,newsletter,email,weekly_drop,Email,90.41,90.41,1.0,1,1,['Bags'],1,True,,90.41,14,Saturday,963
T0001901,9487278.7834431171.1729637608,9487278.7834431171,2024-10-22 23:01:14.352569,2024-10-22,mobile,United States,google,cpc,shopping_feed,Paid,90.41,90.41,1.0,1,1,['Bags'],1,True,,90.41,23,Tuesday,963
T0002202,8970453.1152164256.1730166190,8970453.1152164256,2024-10-29 01:53:07.074224,2024-10-29,desktop,Singapore,(direct),(none),(direct),Direct,90.41,90.41,1.0,1,1,['Bags'],1,True,,90.41,1,Tuesday,963
T0002972,2176384.9322563448.1731487861,2176384.9322563448,2024-11-13 08:53:38.560549,2024-11-13,mobile,France,newsletter,email,weekly_drop,Email,90.25,90.25,3.0,3,2,['Accessories' 'Lifestyle'],1,True,,30.08,8,Wednesday,964
T0004202,8458341.8615264425.1732857003,8458341.8615264425,2024-11-29 05:05:26.050960,2024-11-29,desktop,Japan,google,cpc,shopping_feed,Paid,90.16,90.16,4.0,2,2,['Apparel' 'Drinkware'],1,True,,22.54,5,Friday,965
T0004364,4327660.3289797875.1732939377,4327660.3289797875,2024-11-30 04:07:33.288589,2024-11-30,mobile,Germany,google,organic,(organic),Organic Search,90.16,90.16,4.0,3,3,['Accessories' 'Apparel' 'Stationery'],1,True,,22.54,4,Saturday,965
T0003454,2135164.8314046303.1732332897,2135164.8314046303,2024-11-23 03:47:05.088070,2024-11-23,mobile,United Kingdom,(direct),(none),(direct),Direct,90.12,90.12,3.0,3,3,['Accessories' 'Drinkware' 'Office'],1,True,,30.04,3,Saturday,966
T0002034,2328538.4975234970.1729868958,2328538.4975234970,2024-10-25 15:18:43.138781,2024-10-25,mobile,Canada,(direct),(none),(direct),Direct,90.09,90.09,2.0,2,2,['Drinkware' 'Lifestyle'],1,True,,45.05,15,Friday,967
T0002077,7095488.1765575621.1729955897,7095488.1765575621,2024-10-26 15:14:28.912598,2024-10-26,desktop,United States,google,organic,(organic),Organic Search,90.04,90.04,2.0,2,2,['Bags' 'Headgear'],1,True,,45.02,15,Saturday,968
T0001235,4715849.7171937327.1728339314,4715849.7171937327,2024-10-07 22:12:33.598006,2024-10-07,mobile,United States,(direct),(none),(direct),Direct,90.01,90.01,2.0,2,2,['Accessories' 'Apparel'],1,True,,45.01,22,Monday,969
T0001297,2382869.8306654508.1728458544,2382869.8306654508,2024-10-09 07:18:02.757495,2024-10-09,mobile,United States,google,organic,(organic),Organic Search,90.01,90.01,2.0,2,2,['Accessories' 'Apparel'],1,True,,45.01,7,Wednesday,969
T0002492,3473269.3290412708.1730645648,3473269.3290412708,2024-11-03 14:57:47.608377,2024-11-03,mobile,United States,google,cpc,brand_search,Paid,90.01,90.01,2.0,2,2,['Accessories' 'Apparel'],1,True,,45.01,14,Sunday,969
T0001915,4150810.1059917830.1729664011,4150810.1059917830,2024-10-23 06:11:53.132607,2024-10-23,mobile,United States,google,cpc,shopping_feed,Paid,90.01,90.01,2.0,2,2,['Accessories' 'Apparel'],1,True,,45.01,6,Wednesday,969
T0001497,7962809.6938603771.1728903688,7962809.6938603771,2024-10-14 11:09:44.608612,2024-10-14,desktop,India,(direct),(none),(direct),Direct,90.01,90.01,2.0,2,2,['Accessories' 'Apparel'],1,True,,45.01,11,Monday,969
T0002215,9164475.8923350849.1730189950,9164475.8923350849,2024-10-29 08:20:25.439473,2024-10-29,mobile,India,facebook,paid_social,prospecting_broad,Paid,90.01,90.01,2.0,2,2,['Accessories' 'Apparel'],1,True,,45.01,8,Tuesday,969
T0003473,9565494.8649046548.1732380527,9565494.8649046548,2024-11-23 16:56:00.118542,2024-11-23,mobile,United Kingdom,newsletter,email,weekly_drop,Email,90.0,90.0,3.0,3,3,['Accessories' 'Apparel' 'Lifestyle'],2,False,1,30.0,16,Saturday,970
T0000832,4160841.8985997982.1727445249,4160841.8985997982,2024-09-27 13:54:52.269175,2024-09-27,desktop,United States,(direct),(none),(direct),Direct,89.87,89.87,2.0,2,2,['Accessories' 'Apparel'],1,True,,44.94,13,Friday,971
T0001598,3166975.5535357618.1729085469,3166975.5535357618,2024-10-16 13:38:12.469082,2024-10-16,desktop,Canada,(direct),(none),(direct),Direct,89.87,89.87,2.0,2,2,['Accessories' 'Apparel'],1,True,,44.94,13,Wednesday,971
T0003201,3614512.4887840591.1731919443,3614512.4887840591,2024-11-18 08:58:03.675069,2024-11-18,mobile,United States,google,organic,(organic),Organic Search,89.76,89.76,2.0,2,2,['Lifestyle' 'Office'],4,False,15,44.88,8,Monday,972
T0002146,9996592.8941786514.1730060099,9996592.8941786514,2024-10-27 20:20:52.962252,2024-10-27,desktop,Japan,newsletter,email,weekly_drop,Email,89.66,89.66,2.0,2,2,['Apparel' 'Lifestyle'],1,True,,44.83,20,Sunday,973
T0003042,9185554.2137487209.1731622046,9185554.2137487209,2024-11-14 22:20:47.397377,2024-11-14,desktop,United Kingdom,google,cpc,shopping_feed,Paid,89.62,89.62,2.0,1,1,['Lifestyle'],1,True,,44.81,22,Thursday,974
T0003123,6430733.3057609811.1731779492,6430733.3057609811,2024-11-16 17:45:52.131493,2024-11-16,tablet,United States,google,cpc,brand_search,Paid,89.62,89.62,2.0,1,1,['Lifestyle'],1,True,,44.81,17,Saturday,974
T0004483,6610850.3562690396.1733005980,6610850.3562690396,2024-11-30 22:32:46.380533,2024-11-30,desktop,France,partners,affiliate,coupon_partners,Affiliate,89.62,89.62,2.0,1,1,['Lifestyle'],1,True,,44.81,22,Saturday,974
T0000729,9088645.1796441423.1727210474,9088645.1796441423,2024-09-24 20:51:36.715982,2024-09-24,mobile,Singapore,(direct),(none),(direct),Direct,89.62,89.62,2.0,1,1,['Lifestyle'],1,True,,44.81,20,Tuesday,974
T0000786,1360806.5969064859.1727340189,1360806.5969064859,2024-09-26 08:47:27.495201,2024-09-26,desktop,Germany,partners,affiliate,coupon_partners,Affiliate,89.58,89.58,3.0,2,2,['Drinkware' 'Office'],1,True,,29.86,8,Thursday,975
T0002162,4754584.1956879184.1730089519,4754584.1956879184,2024-10-28 04:26:14.277787,2024-10-28,desktop,Brazil,(direct),(none),(direct),Direct,89.57,89.57,3.0,3,3,['Apparel' 'Office' 'Stationery'],1,True,,29.86,4,Monday,976
T0002168,9986975.9130346854.1730112001,9986975.9130346854,2024-10-28 10:38:25.945331,2024-10-28,tablet,United States,google,organic,(organic),Organic Search,89.39,89.39,1.0,1,1,['Lifestyle'],1,True,,89.39,10,Monday,977
T0000505,5041007.2647363882.1726741049,5041007.2647363882,2024-09-19 10:17:28.991126,2024-09-19,desktop,United States,newsletter,email,weekly_drop,Email,89.39,89.39,1.0,1,1,['Lifestyle'],1,True,,89.39,10,Thursday,977
T0004195,4027327.6220311408.1732854287,4027327.6220311408,2024-11-29 04:34:54.533299,2024-11-29,desktop,India,(direct),(none),(direct),Direct,89.39,89.39,1.0,1,1,['Lifestyle'],1,True,,89.39,4,Friday,977
T0001425,5496191.6730546276.1728735231,5496191.6730546276,2024-10-12 12:12:49.493547,2024-10-12,desktop,United States,google,cpc,brand_search,Paid,89.39,89.39,1.0,1,1,['Lifestyle'],2,False,4,89.39,12,Saturday,977
T0004361,7402001.7371863294.1732935586,7402001.7371863294,2024-11-30 03:01:57.907120,2024-11-30,mobile,Mexico,google,cpc,brand_search,Paid,89.39,89.39,1.0,1,1,['Lifestyle'],1,True,,89.39,3,Saturday,977
T0001617,7068320.2201323409.1729110948,7068320.2201323409,2024-10-16 20:53:27.257268,2024-10-16,mobile,United Kingdom,google,organic,(organic),Organic Search,89.39,89.39,1.0,1,1,['Lifestyle'],1,True,,89.39,20,Wednesday,977
T0004395,4862005.9875819860.1732968329,4862005.9875819860,2024-11-30 12:11:53.440003,2024-11-30,mobile,Singapore,google,organic,(organic),Organic Search,89.39,89.39,1.0,1,1,['Lifestyle'],1,True,,89.39,12,Saturday,977
T0002216,9978741.7929139465.1730195436,9978741.7929139465,2024-10-29 09:43:35.410106,2024-10-29,mobile,United States,google,cpc,shopping_feed,Paid,89.39,89.39,1.0,1,1,['Lifestyle'],1,True,,89.39,9,Tuesday,977
T0000882,8984166.9156550137.1727543582,8984166.9156550137,2024-09-28 17:06:25.125809,2024-09-28,desktop,Canada,(direct),(none),(direct),Direct,89.39,89.39,1.0,1,1,['Lifestyle'],1,True,,89.39,17,Saturday,977
T0003467,9279624.2512983346.1732372118,9279624.2512983346,2024-11-23 14:30:22.623018,2024-11-23,desktop,United States,google,cpc,shopping_feed,Paid,89.39,89.39,1.0,1,1,['Lifestyle'],1,True,,89.39,14,Saturday,977
T0000745,5601970.5575362738.1727234727,5601970.5575362738,2024-09-25 03:31:40.486110,2024-09-25,desktop,India,partners,affiliate,coupon_partners,Affiliate,89.39,89.39,1.0,1,1,['Lifestyle'],1,True,,89.39,3,Wednesday,977
T0003831,7383835.2289411684.1732664417,7383835.2289411684,2024-11-26 23:33:50.979104,2024-11-26,desktop,United States,(direct),(none),(direct),Direct,89.39,89.39,1.0,1,1,['Lifestyle'],1,True,,89.39,23,Tuesday,977
T0000887,5666295.6003033052.1727546555,5666295.6003033052,2024-09-28 18:11:32.628673,2024-09-28,mobile,United States,(direct),(none),(direct),Direct,89.39,89.39,1.0,1,1,['Lifestyle'],1,True,,89.39,18,Saturday,977
T0000202,5544281.1557402586.1725978588,5544281.1557402586,2024-09-10 14:27:58.238498,2024-09-10,desktop,Germany,newsletter,email,weekly_drop,Email,89.39,89.39,1.0,1,1,['Lifestyle'],1,True,,89.39,14,Tuesday,977
T0000472,9403772.3571832811.1726659491,9403772.3571832811,2024-09-18 11:42:32.619958,2024-09-18,mobile,United States,google,cpc,brand_search,Paid,89.39,89.39,1.0,1,1,['Lifestyle'],1,True,,89.39,11,Wednesday,977
T0003338,6529039.2249278937.1732141116,6529039.2249278937,2024-11-20 22:20:49.071234,2024-11-20,desktop,United States,google,organic,(organic),Organic Search,89.39,89.39,1.0,1,1,['Lifestyle'],1,True,,89.39,22,Wednesday,977
T0000614,6906853.4222688666.1726957571,6906853.4222688666,2024-09-21 22:19:39.845851,2024-09-21,desktop,Canada,google,cpc,shopping_feed,Paid,89.39,89.39,1.0,1,1,['Lifestyle'],1,True,,89.39,22,Saturday,977
T0002789,4423224.7168911291.1731161845,4423224.7168911291,2024-11-09 14:18:22.102641,2024-11-09,desktop,Japan,youtube.com,referral,(referral),Referral,89.39,89.39,1.0,1,1,['Lifestyle'],1,True,,89.39,14,Saturday,977
T0003220,7693298.1189148837.1731954583,7693298.1189148837,2024-11-18 18:32:48.179518,2024-11-18,mobile,United Kingdom,google,organic,(organic),Organic Search,89.39,89.39,1.0,1,1,['Lifestyle'],1,True,,89.39,18,Monday,977
T0002368,6948564.2795287489.1730463993,6948564.2795287489,2024-11-01 12:37:41.172267,2024-11-01,desktop,United Kingdom,google,cpc,brand_search,Paid,89.33,89.33,4.0,3,3,['Accessories' 'Lifestyle' 'Stationery'],2,False,16,22.33,12,Friday,978
T0000531,8522196.7752314733.1726778833,8522196.7752314733,2024-09-19 20:48:59.463959,2024-09-19,desktop,United States,google,organic,(organic),Organic Search,89.31,89.31,1.0,1,1,['Bags'],1,True,,89.31,20,Thursday,979
T0002738,2232074.5175096010.1731080135,2232074.5175096010,2024-11-08 15:31:15.036310,2024-11-08,desktop,Netherlands,(direct),(none),(direct),Direct,89.28,89.28,2.0,2,2,['Accessories' 'Lifestyle'],1,True,,44.64,15,Friday,980
T0002055,2397269.8830801009.1729910101,2397269.8830801009,2024-10-26 02:44:33.695765,2024-10-26,desktop,United States,facebook,paid_social,prospecting_broad,Paid,89.2,89.2,4.0,3,3,['Accessories' 'Apparel' 'Stationery'],1,True,,22.3,2,Saturday,981
T0000825,7497852.4111195039.1727436215,7497852.4111195039,2024-09-27 11:43:23.546181,2024-09-27,mobile,India,partners,affiliate,coupon_partners,Affiliate,89.17,89.17,1.0,1,1,['Electronics'],1,True,,89.17,11,Friday,982
T0004476,1606315.7838053069.1733003874,1606315.7838053069,2024-11-30 22:01:42.878890,2024-11-30,desktop,United States,google,organic,(organic),Organic Search,89.08,89.08,3.0,3,3,['Apparel' 'Lifestyle' 'Office'],1,True,,29.69,22,Saturday,983
T0003193,5724129.9084895742.1731889299,5724129.9084895742,2024-11-18 00:25:48.624471,2024-11-18,tablet,United Kingdom,google,cpc,brand_search,Paid,89.06,89.06,1.0,1,1,['Bags'],1,True,,89.06,0,Monday,984
T0002877,9740858.9187534876.1731310800,9740858.9187534876,2024-11-11 07:44:22.676177,2024-11-11,mobile,United States,google,cpc,brand_search,Paid,89.06,89.06,1.0,1,1,['Bags'],1,True,,89.06,7,Monday,984
T0002463,5160043.6704882466.1730606015,5160043.6704882466,2024-11-03 03:49:48.612718,2024-11-03,mobile,United States,newsletter,email,weekly_drop,Email,89.06,89.06,1.0,1,1,['Bags'],2,False,3,89.06,3,Sunday,984
T0003444,4536001.4282163355.1732315287,4536001.4282163355,2024-11-22 22:42:54.407454,2024-11-22,mobile,United States,google,organic,(organic),Organic Search,89.06,89.06,1.0,1,1,['Bags'],1,True,,89.06,22,Friday,984
T0001256,7195769.8131898689.1728388632,7195769.8131898689,2024-10-08 11:54:23.307133,2024-10-08,tablet,Canada,google,cpc,shopping_feed,Paid,89.06,89.06,1.0,1,1,['Bags'],1,True,,89.06,11,Tuesday,984
T0002225,3833914.2984464878.1730205062,3833914.2984464878,2024-10-29 12:25:27.855484,2024-10-29,desktop,United States,(direct),(none),(direct),Direct,89.06,89.06,1.0,1,1,['Bags'],1,True,,89.06,12,Tuesday,984
T0002656,8057571.1774463067.1730921431,8057571.1774463067,2024-11-06 19:26:25.676990,2024-11-06,mobile,United States,google,cpc,shopping_feed,Paid,89.06,89.06,1.0,1,1,['Bags'],1,True,,89.06,19,Wednesday,984
T0000944,8544297.3513767717.1727691516,8544297.3513767717,2024-09-30 10:18:47.217784,2024-09-30,desktop,Brazil,(direct),(none),(direct),Direct,89.06,89.06,1.0,1,1,['Bags'],1,True,,89.06,10,Monday,984
T0002639,7806483.9195258888.1730902993,7806483.9195258888,2024-11-06 14:16:45.001416,2024-11-06,mobile,United States,facebook,paid_social,prospecting_broad,Paid,89.06,89.06,1.0,1,1,['Bags'],1,True,,89.06,14,Wednesday,984
T0000174,6595059.7031509493.1725894654,6595059.7031509493,2024-09-09 15:04:11.183425,2024-09-09,desktop,United States,google,cpc,shopping_feed,Paid,89.06,89.06,1.0,1,1,['Bags'],1,True,,89.06,15,Monday,984
T0002524,6689017.6273326482.1730701987,6689017.6273326482,2024-11-04 06:38:32.315615,2024-11-04,desktop,United Kingdom,facebook,paid_social,prospecting_broad,Paid,89.06,89.06,1.0,1,1,['Bags'],1,True,,89.06,6,Monday,984
T0000226,2664780.8226979075.1726044162,2664780.8226979075,2024-09-11 08:38:11.803533,2024-09-11,desktop,United States,youtube.com,referral,(referral),Referral,89.06,89.06,1.0,1,1,['Bags'],1,True,,89.06,8,Wednesday,984
T0002204,8365115.8697923102.1730171249,8365115.8697923102,2024-10-29 03:17:30.111569,2024-10-29,tablet,United States,(direct),(none),(direct),Direct,89.06,89.06,1.0,1,1,['Bags'],1,True,,89.06,3,Tuesday,984
T0001039,8413139.6515807813.1727872450,8413139.6515807813,2024-10-02 12:34:16.041945,2024-10-02,mobile,Mexico,(direct),(none),(direct),Direct,89.06,89.06,1.0,1,1,['Bags'],2,False,8,89.06,12,Wednesday,984
T0003028,2183899.2295129027.1731598277,2183899.2295129027,2024-11-14 15:29:06.460523,2024-11-14,mobile,United Kingdom,(direct),(none),(direct),Direct,89.06,89.06,1.0,1,1,['Bags'],1,True,,89.06,15,Thursday,984
T0001447,9072122.3635895585.1728791417,9072122.3635895585,2024-10-13 03:46:30.396827,2024-10-13,desktop,India,google,cpc,brand_search,Paid,89.05,89.05,3.0,2,2,['Accessories' 'Lifestyle'],1,True,,29.68,3,Sunday,985
T0001519,2868620.4545858336.1728935187,2868620.4545858336,2024-10-14 19:48:10.732040,2024-10-14,mobile,United States,google,cpc,brand_search,Paid,89.0,89.0,2.0,2,2,['Accessories' 'Apparel'],1,True,,44.5,19,Monday,986
T0001452,4368143.2772194564.1728811668,4368143.2772194564,2024-10-13 09:29:27.051947,2024-10-13,mobile,United States,facebook,paid_social,prospecting_broad,Paid,89.0,89.0,2.0,2,2,['Accessories' 'Apparel'],1,True,,44.5,9,Sunday,986
T0000198,4813149.9709299849.1725970648,4813149.9709299849,2024-09-10 12:23:06.826889,2024-09-10,desktop,United States,(direct),(none),(direct),Direct,88.82,88.82,2.0,2,2,['Accessories' 'Apparel'],1,True,,44.41,12,Tuesday,987
T0001214,1123771.7973084022.1728300196,1123771.7973084022,2024-10-07 11:18:30.503552,2024-10-07,desktop,United Kingdom,newsletter,email,weekly_drop,Email,88.82,88.82,2.0,2,2,['Accessories' 'Apparel'],1,True,,44.41,11,Monday,987
T0003436,1296807.5000930473.1732307419,1296807.5000930473,2024-11-22 20:30:55.249570,2024-11-22,desktop,Mexico,(direct),(none),(direct),Direct,88.79,88.79,2.0,2,2,['Accessories' 'Apparel'],1,True,,44.4,20,Friday,988
T0003664,9753725.9954727371.1732574001,9753725.9954727371,2024-11-25 22:37:43.489581,2024-11-25,mobile,Canada,(direct),(none),(direct),Direct,88.72,88.72,4.0,2,1,['Apparel'],1,True,,22.18,22,Monday,989
T0002627,9322961.6667374583.1730887471,9322961.6667374583,2024-11-06 10:08:47.048846,2024-11-06,desktop,United States,(direct),(none),(direct),Direct,88.7,88.7,2.0,2,2,['Apparel' 'Drinkware'],2,False,2,44.35,10,Wednesday,990
T0000453,3796871.1384345181.1726591297,3796871.1384345181,2024-09-17 16:44:24.462259,2024-09-17,desktop,India,newsletter,email,weekly_drop,Email,88.68,88.68,2.0,2,2,['Accessories' 'Apparel'],1,True,,44.34,16,Tuesday,991
T0001495,8749887.9498842395.1728903576,8749887.9498842395,2024-10-14 11:03:36.415942,2024-10-14,mobile,United States,newsletter,email,weekly_drop,Email,88.68,88.68,2.0,2,2,['Accessories' 'Apparel'],1,True,,44.34,11,Monday,991
T0000900,7935483.6146690143.1727564406,7935483.6146690143,2024-09-28 23:04:20.032669,2024-09-28,mobile,United States,newsletter,email,weekly_drop,Email,88.66,88.66,1.0,1,1,['Bags'],1,True,,88.66,23,Saturday,992
T0003905,7763824.1682297943.1732718883,7763824.1682297943,2024-11-27 15:09:54.042227,2024-11-27,desktop,United States,google,organic,(organic),Organic Search,88.64,88.64,3.0,3,2,['Accessories' 'Drinkware'],1,True,,29.55,15,Wednesday,993
T0000487,9580597.7699968729.1726686967,9580597.7699968729,2024-09-18 19:18:02.762986,2024-09-18,desktop,Canada,facebook,paid_social,prospecting_broad,Paid,88.6,88.6,4.0,2,2,['Apparel' 'Drinkware'],1,True,,22.15,19,Wednesday,994
T0004112,5978321.2944918929.1732818843,5978321.2944918929,2024-11-28 18:26:00.475740,2024-11-28,mobile,India,partners,affiliate,coupon_partners,Affiliate,88.59,88.59,3.0,3,3,['Apparel' 'Bags' 'Office'],1,True,,29.53,18,Thursday,995
T0000246,7474104.3149382205.1726082855,7474104.3149382205,2024-09-11 19:16:24.632410,2024-09-11,desktop,Japan,google,cpc,brand_search,Paid,88.52,88.52,2.0,2,2,['Accessories' 'Bags'],1,True,,44.26,19,Wednesday,996
T0003243,8752628.9666001008.1731993717,8752628.9666001008,2024-11-19 05:20:04.024920,2024-11-19,mobile,Japan,(direct),(none),(direct),Direct,88.46,88.46,2.0,2,1,['Apparel'],1,True,,44.23,5,Tuesday,997
T0001326,5172922.3702609218.1728514522,5172922.3702609218,2024-10-09 22:45:05.841201,2024-10-09,desktop,India,newsletter,email,weekly_drop,Email,88.38,88.38,3.0,2,2,['Apparel' 'Drinkware'],1,True,,29.46,22,Wednesday,998
T0004281,4784794.6101022133.1732898909,4784794.6101022133,2024-11-29 16:53:33.655131,2024-11-29,desktop,United Kingdom,google,cpc,brand_search,Paid,88.19,88.19,3.0,3,3,['Accessories' 'Headgear' 'Lifestyle'],1,True,,29.4,16,Friday,999
T0002443,3285558.3451010903.1730571040,3285558.3451010903,2024-11-02 18:14:11.083706,2024-11-02,desktop,Canada,google,organic,(organic),Organic Search,88.17,88.17,2.0,2,2,['Apparel' 'Bags'],1,True,,44.09,18,Saturday,1000
T0003150,7674376.9989805430.1731830783,7674376.9989805430,2024-11-17 08:12:58.805078,2024-11-17,desktop,United States,newsletter,email,weekly_drop,Email,88.04,88.04,4.0,2,2,['Accessories' 'Apparel'],1,True,,22.01,8,Sunday,1001
T0004135,6675198.8811187994.1732826092,6675198.8811187994,2024-11-28 20:38:41.266422,2024-11-28,desktop,United Kingdom,(direct),(none),(direct),Direct,87.98,87.98,3.0,3,3,['Accessories' 'Apparel' 'Lifestyle'],1,True,,29.33,20,Thursday,1002
T0003446,4089771.8722810899.1732316505,4089771.8722810899,2024-11-22 23:04:17.681880,2024-11-22,desktop,United States,google,cpc,brand_search,Paid,87.82,87.82,3.0,2,2,['Apparel' 'Electronics'],1,True,,29.27,23,Friday,1003
T0003339,4900001.4900273260.1732143406,4900001.4900273260,2024-11-20 23:05:41.804022,2024-11-20,desktop,Germany,google,cpc,shopping_feed,Paid,87.8,87.8,4.0,3,2,['Lifestyle' 'Stationery'],1,True,,21.95,23,Wednesday,1004
T0002458,4126233.8572987677.1730595719,4126233.8572987677,2024-11-03 01:13:15.735172,2024-11-03,mobile,United States,google,cpc,shopping_feed,Paid,87.64,87.64,3.0,2,2,['Bags' 'Stationery'],1,True,,29.21,1,Sunday,1005
T0004394,1647614.6173622122.1732968813,1647614.6173622122,2024-11-30 12:10:34.898820,2024-11-30,desktop,United States,newsletter,email,weekly_drop,Email,87.51,87.51,2.0,2,2,['Bags' 'Headgear'],1,True,,43.76,12,Saturday,1006
T0001311,3395075.6900571995.1728486590,3395075.6900571995,2024-10-09 15:08:28.351948,2024-10-09,mobile,France,google,organic,(organic),Organic Search,87.51,87.51,2.0,2,2,['Bags' 'Headgear'],1,True,,43.76,15,Wednesday,1006
T0001918,6295319.6981440560.1729667910,6295319.6981440560,2024-10-23 07:31:10.046564,2024-10-23,mobile,United States,(direct),(none),(direct),Direct,87.39,87.39,3.0,3,2,['Apparel' 'Stationery'],1,True,,29.13,7,Wednesday,1007
T0000192,4698625.6139228799.1725937109,4698625.6139228799,2024-09-10 03:12:39.779035,2024-09-10,mobile,Germany,newsletter,email,weekly_drop,Email,87.35,87.35,3.0,3,3,['Accessories' 'Electronics' 'Office'],1,True,,29.12,3,Tuesday,1008
T0000800,6172364.5639353212.1727371322,6172364.5639353212,2024-09-26 17:13:39.899640,2024-09-26,desktop,United States,google,cpc,brand_search,Paid,87.31,87.31,2.0,2,2,['Apparel' 'Lifestyle'],2,False,12,43.66,17,Thursday,1009
T0003460,9687310.6380787849.1732362286,9687310.6380787849,2024-11-23 11:47:08.251941,2024-11-23,desktop,Canada,(direct),(none),(direct),Direct,87.26,87.26,4.0,2,2,['Accessories' 'Apparel'],1,True,,21.82,11,Saturday,1010
T0000580,6954603.2116937338.1726903506,6954603.2116937338,2024-09-21 07:31:57.254155,2024-09-21,desktop,United Kingdom,(direct),(none),(direct),Direct,87.08,87.08,2.0,1,1,['Apparel'],1,True,,43.54,7,Saturday,1011
T0002714,8126023.9473722396.1731037255,8126023.9473722396,2024-11-08 03:49:06.651906,2024-11-08,desktop,France,(direct),(none),(direct),Direct,87.08,87.08,2.0,1,1,['Apparel'],1,True,,43.54,3,Friday,1011
T0003853,5049118.1141978799.1732682925,5049118.1141978799,2024-11-27 04:57:47.275073,2024-11-27,desktop,India,google,organic,(organic),Organic Search,87.08,87.08,2.0,1,1,['Apparel'],1,True,,43.54,4,Wednesday,1011
T0000112,4483786.2027880688.1725686898,4483786.2027880688,2024-09-07 05:22:23.262418,2024-09-07,desktop,Netherlands,newsletter,email,weekly_drop,Email,87.08,87.08,2.0,1,1,['Apparel'],1,True,,43.54,5,Saturday,1011
T0001410,9064811.4981754219.1728694016,9064811.4981754219,2024-10-12 00:49:35.557936,2024-10-12,desktop,United States,google,organic,(organic),Organic Search,87.08,87.08,2.0,1,1,['Apparel'],1,True,,43.54,0,Saturday,1011
T0003151,6748840.5290858026.1731834235,6748840.5290858026,2024-11-17 08:56:54.944408,2024-11-17,desktop,Germany,(direct),(none),(direct),Direct,87.08,87.08,2.0,1,1,['Apparel'],1,True,,43.54,8,Sunday,1011
T0002317,4732772.7049585186.1730377687,4732772.7049585186,2024-10-31 12:21:51.508950,2024-10-31,desktop,India,newsletter,email,weekly_drop,Email,87.08,87.08,2.0,1,1,['Apparel'],1,True,,43.54,12,Thursday,1011
T0002145,5303419.9163464974.1730059351,5303419.9163464974,2024-10-27 20:05:02.064592,2024-10-27,mobile,Japan,google,cpc,brand_search,Paid,87.08,87.08,2.0,1,1,['Apparel'],1,True,,43.54,20,Sunday,1011
T0004166,3746523.9804600949.1732834243,3746523.9804600949,2024-11-28 22:46:23.423326,2024-11-28,desktop,United States,google,organic,(organic),Organic Search,87.08,87.08,2.0,1,1,['Apparel'],1,True,,43.54,22,Thursday,1011
T0004292,1200780.4513807902.1732903134,1200780.4513807902,2024-11-29 17:56:41.905679,2024-11-29,mobile,India,(direct),(none),(direct),Direct,87.08,87.08,2.0,1,1,['Apparel'],1,True,,43.54,17,Friday,1011
T0002261,2699235.4256325728.1730287987,2699235.4256325728,2024-10-30 11:41:30.849527,2024-10-30,mobile,United States,google,cpc,shopping_feed,Paid,87.08,87.08,2.0,1,1,['Apparel'],1,True,,43.54,11,Wednesday,1011
T0004010,1108610.2476716273.1732774192,1108610.2476716273,2024-11-28 06:13:49.162111,2024-11-28,mobile,India,google,organic,(organic),Organic Search,87.08,87.08,2.0,1,1,['Apparel'],1,True,,43.54,6,Thursday,1011
T0002761,9000915.9737108020.1731103569,9000915.9737108020,2024-11-08 22:17:08.514936,2024-11-08,mobile,United States,(direct),(none),(direct),Direct,87.08,87.08,2.0,1,1,['Apparel'],1,True,,43.54,22,Friday,1011
T0000526,3531300.3442137326.1726774204,3531300.3442137326,2024-09-19 19:22:21.099027,2024-09-19,mobile,United States,google,cpc,brand_search,Paid,87.07,87.07,3.0,3,3,['Accessories' 'Headgear' 'Lifestyle'],1,True,,29.02,19,Thursday,1012
T0004230,2905771.2654663809.1732876008,2905771.2654663809,2024-11-29 10:38:15.992083,2024-11-29,tablet,United States,newsletter,email,weekly_drop,Email,87.06,87.06,4.0,3,2,['Accessories' 'Headgear'],1,True,,21.77,10,Friday,1013
T0000117,4342418.6983952595.1725713733,4342418.6983952595,2024-09-07 12:51:31.744728,2024-09-07,desktop,United States,newsletter,email,weekly_drop,Email,86.85,86.85,2.0,2,2,['Accessories' 'Bags'],1,True,,43.43,12,Saturday,1014
T0001361,9973307.4404919663.1728598728,9973307.4404919663,2024-10-10 22:19:14.630372,2024-10-10,desktop,United Kingdom,google,organic,(organic),Organic Search,86.85,86.85,2.0,2,2,['Accessories' 'Bags'],1,True,,43.43,22,Thursday,1014
T0003065,4998603.7432969364.1731679608,4998603.7432969364,2024-11-15 14:05:24.900119,2024-11-15,mobile,United States,google,organic,(organic),Organic Search,86.85,86.85,2.0,2,2,['Accessories' 'Bags'],1,True,,43.43,14,Friday,1014
T0001204,4735145.4030507092.1728257944,4735145.4030507092,2024-10-06 23:51:44.240446,2024-10-06,desktop,Germany,(direct),(none),(direct),Direct,86.85,86.85,2.0,2,2,['Accessories' 'Bags'],1,True,,43.43,23,Sunday,1014
T0003953,2200856.8955223958.1732740436,2200856.8955223958,2024-11-27 20:54:20.114044,2024-11-27,desktop,United States,(direct),(none),(direct),Direct,86.77,86.77,3.0,2,2,['Accessories' 'Apparel'],1,True,,28.92,20,Wednesday,1015
T0003198,8884768.8889535592.1731912447,8884768.8889535592,2024-11-18 06:52:23.314144,2024-11-18,mobile,United States,facebook,paid_social,prospecting_broad,Paid,86.77,86.77,3.0,2,2,['Accessories' 'Apparel'],1,True,,28.92,6,Monday,1015
T0003875,6325334.2018091072.1732702213,6325334.2018091072,2024-11-27 10:06:09.317049,2024-11-27,desktop,Japan,google,organic,(organic),Organic Search,86.77,86.77,2.0,2,2,['Apparel' 'Bags'],1,True,,43.39,10,Wednesday,1015
T0000701,6405036.4037197627.1727174846,6405036.4037197627,2024-09-24 10:50:03.400119,2024-09-24,desktop,United States,google,organic,(organic),Organic Search,86.71,86.71,2.0,2,2,['Accessories' 'Bags'],2,False,2,43.36,10,Tuesday,1016
T0001082,8539711.9024002712.1727983938,8539711.9024002712,2024-10-03 19:33:47.325956,2024-10-03,desktop,United States,google,cpc,brand_search,Paid,86.71,86.71,2.0,2,2,['Accessories' 'Bags'],1,True,,43.36,19,Thursday,1016
T0003419,4465184.1444492550.1732287966,4465184.1444492550,2024-11-22 15:09:01.336403,2024-11-22,desktop,United Kingdom,partners,affiliate,coupon_partners,Affiliate,86.71,86.71,2.0,2,2,['Accessories' 'Bags'],2,False,15,43.36,15,Friday,1016
T0002333,8122517.3878059498.1730399493,8122517.3878059498,2024-10-31 18:37:40.009188,2024-10-31,mobile,United States,newsletter,email,weekly_drop,Email,86.66,86.66,3.0,3,3,['Accessories' 'Apparel' 'Drinkware'],1,True,,28.89,18,Thursday,1017
T0002468,6011905.7110576506.1730609507,6011905.7110576506,2024-11-03 04:55:38.994633,2024-11-03,desktop,Germany,(direct),(none),(direct),Direct,86.58,86.58,2.0,2,2,['Bags' 'Electronics'],1,True,,43.29,4,Sunday,1018
T0003180,1139402.3875707567.1731876542,1139402.3875707567,2024-11-17 20:47:50.272069,2024-11-17,desktop,United States,(direct),(none),(direct),Direct,86.58,86.58,3.0,2,2,['Accessories' 'Apparel'],2,False,1,28.86,20,Sunday,1018
T0002364,6757344.1300200640.1730458445,6757344.1300200640,2024-11-01 10:54:05.822757,2024-11-01,mobile,United States,facebook,paid_social,prospecting_broad,Paid,86.57,86.57,3.0,3,2,['Accessories' 'Apparel'],1,True,,28.86,10,Friday,1019
T0002167,1835545.9447064885.1730109906,1835545.9447064885,2024-10-28 10:04:26.642572,2024-10-28,mobile,India,google,cpc,shopping_feed,Paid,86.55,86.55,2.0,2,1,['Apparel'],1,True,,43.28,10,Monday,1020
T0002860,5493946.2602328391.1731274791,5493946.2602328391,2024-11-10 21:40:06.088340,2024-11-10,desktop,France,partners,affiliate,coupon_partners,Affiliate,86.52,86.52,3.0,2,2,['Accessories' 'Apparel'],1,True,,28.84,21,Sunday,1021
T0003716,1210712.7299830564.1732618732,1210712.7299830564,2024-11-26 11:02:37.573254,2024-11-26,desktop,United States,(direct),(none),(direct),Direct,86.46,86.46,3.0,2,2,['Electronics' 'Office'],1,True,,28.82,11,Tuesday,1022
T0001170,2277101.5302199322.1728190135,2277101.5302199322,2024-10-06 04:53:42.747745,2024-10-06,desktop,Japan,google,organic,(organic),Organic Search,86.43,86.43,2.0,2,1,['Apparel'],1,True,,43.22,4,Sunday,1023
T0000739,9275601.4155977326.1727221700,9275601.4155977326,2024-09-25 00:00:28.263370,2024-09-25,desktop,United States,google,cpc,brand_search,Paid,86.43,86.43,2.0,2,1,['Apparel'],2,False,17,43.22,0,Wednesday,1023
T0000434,1351112.5626340821.1726545621,1351112.5626340821,2024-09-17 04:00:11.996270,2024-09-17,mobile,United States,(direct),(none),(direct),Direct,86.38,86.38,3.0,3,3,['Accessories' 'Drinkware' 'Electronics'],1,True,,28.79,4,Tuesday,1024
T0000809,1137537.2688353132.1727388772,1137537.2688353132,2024-09-26 22:15:41.177107,2024-09-26,desktop,Germany,newsletter,email,weekly_drop,Email,86.36,86.36,4.0,2,2,['Apparel' 'Drinkware'],2,False,2,21.59,22,Thursday,1025
T0002824,2805454.3011592189.1731220798,2805454.3011592189,2024-11-10 06:41:13.982553,2024-11-10,desktop,United States,google,cpc,brand_search,Paid,86.34,86.34,1.0,1,1,['Electronics'],1,True,,86.34,6,Sunday,1026
T0000560,5187680.2532858671.1726848043,5187680.2532858671,2024-09-20 16:02:15.385245,2024-09-20,desktop,United States,google,organic,(organic),Organic Search,86.34,86.34,1.0,1,1,['Electronics'],1,True,,86.34,16,Friday,1026
T0003208,3363336.2292663851.1731934712,3363336.2292663851,2024-11-18 12:57:38.598756,2024-11-18,desktop,France,newsletter,email,weekly_drop,Email,86.34,86.34,1.0,1,1,['Electronics'],1,True,,86.34,12,Monday,1026
T0003770,9262113.1435233122.1732638645,9262113.1435233122,2024-11-26 16:50:08.210028,2024-11-26,desktop,United Kingdom,google,cpc,shopping_feed,Paid,86.34,86.34,1.0,1,1,['Electronics'],1,True,,86.34,16,Tuesday,1026
T0001015,1691106.7339430712.1727811131,1691106.7339430712,2024-10-01 19:32:15.268002,2024-10-01,mobile,United States,google,organic,(organic),Organic Search,86.23,86.23,1.0,1,1,['Lifestyle'],1,True,,86.23,19,Tuesday,1027
T0002420,3595362.1095457698.1730538140,3595362.1095457698,2024-11-02 09:00:36.964813,2024-11-02,desktop,United States,youtube.com,referral,(referral),Referral,86.23,86.23,1.0,1,1,['Lifestyle'],1,True,,86.23,9,Saturday,1027
T0000364,3650348.8490198779.1726403050,3650348.8490198779,2024-09-15 12:35:38.813206,2024-09-15,mobile,United States,google,organic,(organic),Organic Search,86.23,86.23,1.0,1,1,['Lifestyle'],1,True,,86.23,12,Sunday,1027
T0001955,2641089.2287517580.1729720043,2641089.2287517580,2024-10-23 21:44:17.303598,2024-10-23,tablet,Netherlands,google,organic,(organic),Organic Search,86.23,86.23,1.0,1,1,['Lifestyle'],1,True,,86.23,21,Wednesday,1027
T0004134,1294376.1178833748.1732825152,1294376.1178833748,2024-11-28 20:13:27.940419,2024-11-28,desktop,Netherlands,google,organic,(organic),Organic Search,86.23,86.23,1.0,1,1,['Lifestyle'],1,True,,86.23,20,Thursday,1027
T0001926,9419544.5485681042.1729683244,9419544.5485681042,2024-10-23 11:42:38.828428,2024-10-23,desktop,Brazil,newsletter,email,weekly_drop,Email,86.23,86.23,1.0,1,1,['Lifestyle'],1,True,,86.23,11,Wednesday,1027
T0003888,1556930.3045146440.1732709998,1556930.3045146440,2024-11-27 12:32:23.631660,2024-11-27,mobile,United States,(direct),(none),(direct),Direct,86.23,86.23,1.0,1,1,['Lifestyle'],1,True,,86.23,12,Wednesday,1027
T0001101,5798251.7907656950.1728041476,5798251.7907656950,2024-10-04 11:29:08.986431,2024-10-04,tablet,United States,(direct),(none),(direct),Direct,86.23,86.23,1.0,1,1,['Lifestyle'],1,True,,86.23,11,Friday,1027
T0002852,6827482.8434375899.1731265428,6827482.8434375899,2024-11-10 19:09:45.774015,2024-11-10,tablet,Singapore,(direct),(none),(direct),Direct,86.23,86.23,1.0,1,1,['Lifestyle'],1,True,,86.23,19,Sunday,1027
T0000607,6482183.1828807080.1726946698,6482183.1828807080,2024-09-21 19:29:16.366869,2024-09-21,desktop,Canada,google,cpc,brand_search,Paid,86.23,86.23,1.0,1,1,['Lifestyle'],1,True,,86.23,19,Saturday,1027
T0002804,3990684.6205900011.1731178169,3990684.6205900011,2024-11-09 18:48:32.233022,2024-11-09,mobile,United States,google,organic,(organic),Organic Search,86.23,86.23,1.0,1,1,['Lifestyle'],1,True,,86.23,18,Saturday,1027
T0004338,7930295.6547948559.1732919584,7930295.6547948559,2024-11-29 22:38:16.210193,2024-11-29,desktop,Canada,newsletter,email,weekly_drop,Email,86.23,86.23,1.0,1,1,['Lifestyle'],1,True,,86.23,22,Friday,1027
T0003927,8408625.1486591595.1732728602,8408625.1486591595,2024-11-27 17:39:42.050715,2024-11-27,desktop,United States,google,cpc,brand_search,Paid,86.23,86.23,1.0,1,1,['Lifestyle'],1,True,,86.23,17,Wednesday,1027
T0000307,8345340.1684234890.1726237983,8345340.1684234890,2024-09-13 14:41:41.261839,2024-09-13,mobile,India,(direct),(none),(direct),Direct,86.23,86.23,1.0,1,1,['Lifestyle'],1,True,,86.23,14,Friday,1027
T0003293,8728970.8998419454.1732060582,8728970.8998419454,2024-11-20 00:04:57.477293,2024-11-20,tablet,United States,google,organic,(organic),Organic Search,86.23,86.23,1.0,1,1,['Lifestyle'],1,True,,86.23,0,Wednesday,1027
T0002509,8493147.8267927255.1730672124,8493147.8267927255,2024-11-03 22:26:52.175654,2024-11-03,mobile,India,(direct),(none),(direct),Direct,86.23,86.23,1.0,1,1,['Lifestyle'],1,True,,86.23,22,Sunday,1027
T0002496,8138644.1249598971.1730656579,8138644.1249598971,2024-11-03 17:58:58.855692,2024-11-03,desktop,United States,partners,affiliate,coupon_partners,Affiliate,86.11,86.11,2.0,2,1,['Apparel'],1,True,,43.06,17,Sunday,1028
T0004231,6041680.9868628110.1732877248,6041680.9868628110,2024-11-29 10:45:15.391930,2024-11-29,desktop,India,newsletter,email,weekly_drop,Email,86.08,86.08,2.0,2,2,['Bags' 'Drinkware'],1,True,,43.04,10,Friday,1029
T0000949,5379184.1175516024.1727697670,5379184.1175516024,2024-09-30 11:55:47.020083,2024-09-30,desktop,United States,google,cpc,brand_search,Paid,86.07,86.07,3.0,3,3,['Accessories' 'Apparel' 'Stationery'],1,True,,28.69,11,Monday,1030
T0004168,1615709.9136972695.1732835073,1615709.9136972695,2024-11-28 23:10:12.861026,2024-11-28,mobile,Japan,google,cpc,shopping_feed,Paid,85.93,85.93,2.0,2,2,['Lifestyle' 'Stationery'],1,True,,42.97,23,Thursday,1031
T0000990,9390018.3180951284.1727771670,9390018.3180951284,2024-10-01 08:37:55.738000,2024-10-01,mobile,Canada,(direct),(none),(direct),Direct,85.9,85.9,3.0,3,2,['Drinkware' 'Office'],1,True,,28.63,8,Tuesday,1032
T0002192,7737773.7141197284.1730149009,7737773.7141197284,2024-10-28 21:04:55.792567,2024-10-28,mobile,Canada,google,organic,(organic),Organic Search,85.83,85.83,4.0,3,3,['Drinkware' 'Headgear' 'Office'],1,True,,21.46,21,Monday,1033
T0000348,1331642.8630963401.1726350034,1331642.8630963401,2024-09-14 21:39:38.419621,2024-09-14,desktop,United States,(direct),(none),(direct),Direct,85.65,85.65,4.0,3,3,['Accessories' 'Apparel' 'Stationery'],2,False,4,21.41,21,Saturday,1034
T0003783,4289499.3927865232.1732649730,4289499.3927865232,2024-11-26 19:32:05.527716,2024-11-26,desktop,United States,facebook,paid_social,prospecting_broad,Paid,85.59,85.59,2.0,2,2,['Apparel' 'Drinkware'],2,False,11,42.8,19,Tuesday,1035
T0003768,3104310.8762896029.1732638788,3104310.8762896029,2024-11-26 16:35:26.294383,2024-11-26,desktop,United States,google,cpc,brand_search,Paid,85.59,85.59,3.0,2,2,['Accessories' 'Apparel'],1,True,,28.53,16,Tuesday,1035
T0003379,9091846.1334975133.1732216879,9091846.1334975133,2024-11-21 19:18:19.903626,2024-11-21,desktop,United States,google,cpc,brand_search,Paid,85.59,85.59,3.0,2,2,['Accessories' 'Apparel'],1,True,,28.53,19,Thursday,1035
T0003871,4666437.4045903317.1732697595,4666437.4045903317,2024-11-27 09:05:06.024558,2024-11-27,desktop,United States,(direct),(none),(direct),Direct,85.59,85.59,3.0,2,2,['Accessories' 'Apparel'],1,True,,28.53,9,Wednesday,1035
T0000076,6773622.5449540335.1725555724,6773622.5449540335,2024-09-05 17:04:40.063466,2024-09-05,desktop,United States,facebook,paid_social,prospecting_broad,Paid,85.45,85.45,2.0,2,2,['Accessories' 'Bags'],1,True,,42.73,17,Thursday,1036
T0003581,8845219.1657027882.1732526974,8845219.1657027882,2024-11-25 09:36:37.873599,2024-11-25,mobile,Japan,(direct),(none),(direct),Direct,85.45,85.45,2.0,2,2,['Accessories' 'Bags'],1,True,,42.73,9,Monday,1036
T0002607,4104668.4389476083.1730841493,4104668.4389476083,2024-11-05 21:26:58.680027,2024-11-05,mobile,United States,google,cpc,shopping_feed,Paid,85.43,85.43,2.0,2,1,['Apparel'],1,True,,42.72,21,Tuesday,1037
T0003995,8982333.3723956779.1732762702,8982333.3723956779,2024-11-28 03:04:18.622945,2024-11-28,desktop,United States,(direct),(none),(direct),Direct,85.31,85.31,2.0,2,2,['Accessories' 'Bags'],1,True,,42.66,3,Thursday,1038
T0000796,9532946.9112818140.1727367099,9532946.9112818140,2024-09-26 16:03:14.188011,2024-09-26,mobile,India,google,cpc,shopping_feed,Paid,85.31,85.31,3.0,2,2,['Accessories' 'Apparel'],1,True,,28.44,16,Thursday,1038
T0000521,1329127.6214098728.1726764910,1329127.6214098728,2024-09-19 17:03:32.453828,2024-09-19,mobile,United States,google,cpc,shopping_feed,Paid,85.25,85.25,2.0,2,2,['Drinkware' 'Electronics'],1,True,,42.63,17,Thursday,1039
T0001352,2125177.2400476048.1728578061,2125177.2400476048,2024-10-10 16:32:59.829973,2024-10-10,desktop,Japan,newsletter,email,weekly_drop,Email,85.23,85.23,2.0,2,2,['Accessories' 'Apparel'],1,True,,42.62,16,Thursday,1040
T0003657,3402842.3309738590.1732571146,3402842.3309738590,2024-11-25 21:43:30.856156,2024-11-25,desktop,United States,(direct),(none),(direct),Direct,85.18,85.18,3.0,2,2,['Accessories' 'Electronics'],1,True,,28.39,21,Monday,1041
T0001907,5406924.9662507428.1729647565,5406924.9662507428,2024-10-23 01:40:00.116144,2024-10-23,desktop,United Kingdom,(direct),(none),(direct),Direct,85.14,85.14,2.0,1,1,['Apparel'],1,True,,42.57,1,Wednesday,1042
T0002925,5882038.1961887516.1731396976,5882038.1961887516,2024-11-12 07:39:56.179033,2024-11-12,mobile,United States,(direct),(none),(direct),Direct,85.12,85.12,2.0,2,2,['Apparel' 'Stationery'],1,True,,42.56,7,Tuesday,1043
T0002438,2984968.4288797140.1730567770,2984968.4288797140,2024-11-02 17:15:50.924503,2024-11-02,desktop,Canada,(direct),(none),(direct),Direct,85.1,85.1,3.0,3,2,['Apparel' 'Lifestyle'],1,True,,28.37,17,Saturday,1044
T0002161,3505016.9774348537.1730087209,3505016.9774348537,2024-10-28 03:39:55.304425,2024-10-28,desktop,United States,google,cpc,brand_search,Paid,85.07,85.07,2.0,2,2,['Accessories' 'Apparel'],1,True,,42.54,3,Monday,1045
T0003993,7909231.2760735741.1732761842,7909231.2760735741,2024-11-28 02:43:27.225942,2024-11-28,mobile,United States,(direct),(none),(direct),Direct,85.07,85.07,2.0,2,2,['Accessories' 'Apparel'],1,True,,42.54,2,Thursday,1045
T0002746,1641047.9286462131.1731086629,1641047.9286462131,2024-11-08 17:17:29.587225,2024-11-08,desktop,India,(direct),(none),(direct),Direct,84.98,84.98,2.0,2,2,['Accessories' 'Apparel'],1,True,,42.49,17,Friday,1046
T0004402,5555348.4081852590.1732969894,5555348.4081852590,2024-11-30 12:46:31.225530,2024-11-30,desktop,India,(direct),(none),(direct),Direct,84.9,84.9,3.0,2,2,['Accessories' 'Electronics'],1,True,,28.3,12,Saturday,1047
T0001635,1098017.2586862693.1729138838,1098017.2586862693,2024-10-17 04:16:29.593518,2024-10-17,desktop,United States,(direct),(none),(direct),Direct,84.89,84.89,3.0,2,1,['Drinkware'],1,True,,28.3,4,Thursday,1048
T0004084,8375688.4357776063.1732806949,8375688.4357776063,2024-11-28 15:20:31.907984,2024-11-28,desktop,United States,(direct),(none),(direct),Direct,84.62,84.62,2.0,2,1,['Apparel'],1,True,,42.31,15,Thursday,1049
T0000329,1638093.7601179731.1726312544,1638093.7601179731,2024-09-14 11:27:51.957625,2024-09-14,desktop,Mexico,google,cpc,brand_search,Paid,84.61,84.61,2.0,2,2,['Accessories' 'Apparel'],1,True,,42.31,11,Saturday,1050
T0000129,6544946.1150127343.1725741895,6544946.1150127343,2024-09-07 20:33:18.127552,2024-09-07,mobile,United States,facebook,paid_social,prospecting_broad,Paid,84.53,84.53,4.0,3,3,['Accessories' 'Apparel' 'Office'],1,True,,21.13,20,Saturday,1051
T0000741,6996793.4312946400.1727222122,6996793.4312946400,2024-09-25 00:10:12.472605,2024-09-25,desktop,India,(direct),(none),(direct),Direct,84.42,84.42,2.0,2,2,['Apparel' 'Drinkware'],1,True,,42.21,0,Wednesday,1052
T0002462,3614512.4887840591.1730604693,3614512.4887840591,2024-11-03 03:41:32.337850,2024-11-03,mobile,United States,google,organic,(organic),Organic Search,84.41,84.41,5.0,2,2,['Accessories' 'Lifestyle'],3,False,1,16.88,3,Sunday,1053
T0002247,5917011.3261765651.1730242535,5917011.3261765651,2024-10-29 23:00:07.225095,2024-10-29,mobile,United States,google,organic,(organic),Organic Search,84.35,84.35,3.0,2,2,['Apparel' 'Lifestyle'],1,True,,28.12,23,Tuesday,1054
T0002094,6979144.5490460357.1729972359,6979144.5490460357,2024-10-26 19:47:53.771885,2024-10-26,mobile,United States,(direct),(none),(direct),Direct,84.34,84.34,2.0,2,2,['Accessories' 'Apparel'],1,True,,42.17,19,Saturday,1055
T0004093,4676383.8725623182.1732811196,4676383.8725623182,2024-11-28 16:26:06.040589,2024-11-28,mobile,France,(direct),(none),(direct),Direct,84.34,84.34,2.0,2,2,['Accessories' 'Apparel'],1,True,,42.17,16,Thursday,1055
T0001158,6128256.5823936115.1728168104,6128256.5823936115,2024-10-05 22:50:53.195286,2024-10-05,desktop,Germany,google,cpc,brand_search,Paid,84.32,84.32,2.0,1,1,['Apparel'],1,True,,42.16,22,Saturday,1056
T0000098,2544406.1472115342.1725625871,2544406.1472115342,2024-09-06 12:43:26.340350,2024-09-06,mobile,Japan,google,cpc,shopping_feed,Paid,84.32,84.32,2.0,1,1,['Apparel'],1,True,,42.16,12,Friday,1056
T0001730,4022956.6030740854.1729294411,4022956.6030740854,2024-10-18 23:43:33.036365,2024-10-18,mobile,United States,google,cpc,shopping_feed,Paid,84.29,84.29,3.0,3,3,['Apparel' 'Drinkware' 'Stationery'],1,True,,28.1,23,Friday,1057
T0002187,7621436.2810042725.1730144010,7621436.2810042725,2024-10-28 19:37:57.592564,2024-10-28,desktop,United States,google,organic,(organic),Organic Search,84.27,84.27,3.0,1,1,['Accessories'],1,True,,28.09,19,Monday,1058
T0000215,7551960.8211149122.1726003807,7551960.8211149122,2024-09-10 21:27:49.481615,2024-09-10,desktop,Germany,google,organic,(organic),Organic Search,84.27,84.27,3.0,1,1,['Accessories'],1,True,,28.09,21,Tuesday,1058
T0002922,7257911.8413161489.1731380997,7257911.8413161489,2024-11-12 03:13:51.026836,2024-11-12,tablet,United States,(direct),(none),(direct),Direct,84.27,84.27,3.0,1,1,['Accessories'],1,True,,28.09,3,Tuesday,1058
T0002931,3176920.7948398778.1731409133,3176920.7948398778,2024-11-12 10:50:24.937285,2024-11-12,desktop,United States,google,cpc,shopping_feed,Paid,84.27,84.27,3.0,1,1,['Accessories'],1,True,,28.09,10,Tuesday,1058
T0000182,1432187.2777892058.1725915442,1432187.2777892058,2024-09-09 20:53:46.727268,2024-09-09,mobile,Japan,google,organic,(organic),Organic Search,84.25,84.25,2.0,2,2,['Accessories' 'Apparel'],1,True,,42.13,20,Monday,1059
T0000152,5996915.1268507182.1725822458,5996915.1268507182,2024-09-08 19:13:20.261837,2024-09-08,desktop,United States,(direct),(none),(direct),Direct,84.13,84.13,3.0,2,1,['Accessories'],1,True,,28.04,19,Sunday,1060
T0000804,5611214.7857195977.1727377581,5611214.7857195977,2024-09-26 19:14:29.226840,2024-09-26,mobile,United Kingdom,google,cpc,brand_search,Paid,84.13,84.13,3.0,2,1,['Accessories'],2,False,18,28.04,19,Thursday,1060
T0001366,1704453.4809270360.1728617416,1704453.4809270360,2024-10-11 03:23:47.179403,2024-10-11,desktop,United States,(direct),(none),(direct),Direct,84.06,84.06,3.0,3,3,['Accessories' 'Drinkware' 'Office'],1,True,,28.02,3,Friday,1061
T0001560,1673964.3371360400.1729008052,1673964.3371360400,2024-10-15 15:59:25.796239,2024-10-15,desktop,United States,google,organic,(organic),Organic Search,83.99,83.99,3.0,2,1,['Accessories'],1,True,,28.0,15,Tuesday,1062
T0003018,8248453.9967741917.1731571835,8248453.9967741917,2024-11-14 08:21:02.084779,2024-11-14,desktop,Netherlands,google,cpc,brand_search,Paid,83.86,83.86,2.0,2,2,['Apparel' 'Drinkware'],1,True,,41.93,8,Thursday,1063
T0002565,9594229.2591206095.1730764717,9594229.2591206095,2024-11-04 23:54:06.419054,2024-11-04,desktop,United States,google,cpc,brand_search,Paid,83.85,83.85,3.0,1,1,['Accessories'],1,True,,27.95,23,Monday,1064
T0000667,9091724.9049274109.1727093512,9091724.9049274109,2024-09-23 12:11:19.629805,2024-09-23,mobile,United States,(direct),(none),(direct),Direct,83.85,83.85,3.0,1,1,['Accessories'],1,True,,27.95,12,Monday,1064
T0000712,5537819.3127104893.1727189474,5537819.3127104893,2024-09-24 14:49:24.299615,2024-09-24,desktop,United States,(direct),(none),(direct),Direct,83.85,83.85,3.0,1,1,['Accessories'],1,True,,27.95,14,Tuesday,1064
T0000443,8862268.4377313525.1726568875,8862268.4377313525,2024-09-17 10:35:34.041397,2024-09-17,mobile,United States,google,cpc,brand_search,Paid,83.85,83.85,2.0,2,2,['Apparel' 'Electronics'],1,True,,41.93,10,Tuesday,1064
T0002319,8128690.3199133625.1730381428,8128690.3199133625,2024-10-31 13:25:59.630842,2024-10-31,desktop,United Kingdom,youtube.com,referral,(referral),Referral,83.81,83.81,3.0,3,3,['Accessories' 'Apparel' 'Drinkware'],1,True,,27.94,13,Thursday,1065
T0001588,9682381.6099414929.1729070272,9682381.6099414929,2024-10-16 09:38:01.574601,2024-10-16,mobile,United States,(direct),(none),(direct),Direct,83.78,83.78,2.0,1,1,['Apparel'],1,True,,41.89,9,Wednesday,1066
T0000424,9624922.9080887466.1726518066,9624922.9080887466,2024-09-16 20:25:32.239188,2024-09-16,desktop,Germany,google,cpc,shopping_feed,Paid,83.67,83.67,2.0,2,2,['Bags' 'Drinkware'],1,True,,41.84,20,Monday,1067
T0001089,8468348.4583965154.1727994391,8468348.4583965154,2024-10-03 22:19:15.876658,2024-10-03,desktop,Australia,newsletter,email,weekly_drop,Email,83.64,83.64,2.0,2,2,['Accessories' 'Apparel'],1,True,,41.82,22,Thursday,1068
T0002502,3861277.6370719236.1730664628,3861277.6370719236,2024-11-03 20:12:09.345078,2024-11-03,desktop,Australia,partners,affiliate,coupon_partners,Affiliate,83.55,83.55,2.0,2,2,['Apparel' 'Lifestyle'],1,True,,41.78,20,Sunday,1069
T0004029,1881439.8765232692.1732785000,1881439.8765232692,2024-11-28 09:22:18.693147,2024-11-28,desktop,United States,google,cpc,brand_search,Paid,83.52,83.52,3.0,3,2,['Accessories' 'Apparel'],1,True,,27.84,9,Thursday,1070
T0000227,4406008.9756529388.1726044335,4406008.9756529388,2024-09-11 08:52:38.538326,2024-09-11,tablet,Canada,google,organic,(organic),Organic Search,83.45,83.45,2.0,2,2,['Apparel' 'Drinkware'],1,True,,41.73,8,Wednesday,1071
T0001988,9689167.5392219759.1729796136,9689167.5392219759,2024-10-24 18:49:28.207284,2024-10-24,mobile,Japan,newsletter,email,weekly_drop,Email,83.45,83.45,2.0,2,2,['Apparel' 'Drinkware'],1,True,,41.73,18,Thursday,1071
T0000328,4841254.8091749387.1726309761,4841254.8091749387,2024-09-14 10:32:48.232496,2024-09-14,desktop,Australia,(direct),(none),(direct),Direct,83.4,83.4,2.0,2,1,['Apparel'],1,True,,41.7,10,Saturday,1072
T0004375,3116930.2029001545.1732951033,3116930.2029001545,2024-11-30 07:26:02.089206,2024-11-30,desktop,United States,google,cpc,brand_search,Paid,83.4,83.4,2.0,2,1,['Apparel'],1,True,,41.7,7,Saturday,1072
T0001568,8735614.9390464513.1729017816,8735614.9390464513,2024-10-15 18:58:43.115140,2024-10-15,mobile,United States,google,organic,(organic),Organic Search,83.28,83.28,1.0,1,1,['Lifestyle'],1,True,,83.28,18,Tuesday,1073
T0002769,7108419.9813123422.1731123375,7108419.9813123422,2024-11-09 03:41:26.287103,2024-11-09,desktop,Mexico,(direct),(none),(direct),Direct,83.28,83.28,1.0,1,1,['Lifestyle'],1,True,,83.28,3,Saturday,1073
T0000765,3843896.2089530481.1727286455,3843896.2089530481,2024-09-25 17:53:55.021887,2024-09-25,desktop,Germany,(direct),(none),(direct),Direct,83.28,83.28,1.0,1,1,['Lifestyle'],1,True,,83.28,17,Wednesday,1073
T0003525,2206844.8624511116.1732469678,2206844.8624511116,2024-11-24 17:38:13.858816,2024-11-24,desktop,United States,google,organic,(organic),Organic Search,83.28,83.28,1.0,1,1,['Lifestyle'],1,True,,83.28,17,Sunday,1073
T0000675,7750519.1154476351.1727108965,7750519.1154476351,2024-09-23 16:24:10.168401,2024-09-23,desktop,Brazil,google,cpc,shopping_feed,Paid,83.28,83.28,1.0,1,1,['Lifestyle'],1,True,,83.28,16,Monday,1073
T0000763,1128704.6471241595.1727282010,1128704.6471241595,2024-09-25 16:42:55.478636,2024-09-25,desktop,Brazil,(direct),(none),(direct),Direct,83.28,83.28,1.0,1,1,['Lifestyle'],1,True,,83.28,16,Wednesday,1073
T0000615,6917098.9684248549.1726960938,6917098.9684248549,2024-09-21 23:20:09.229203,2024-09-21,mobile,Netherlands,(direct),(none),(direct),Direct,83.28,83.28,1.0,1,1,['Lifestyle'],1,True,,83.28,23,Saturday,1073
T0000490,4297965.2875537394.1726691763,4297965.2875537394,2024-09-18 20:36:36.966498,2024-09-18,desktop,United States,google,cpc,shopping_feed,Paid,83.28,83.28,1.0,1,1,['Lifestyle'],1,True,,83.28,20,Wednesday,1073
T0001304,8283296.4179638566.1728479877,8283296.4179638566,2024-10-09 13:19:57.078560,2024-10-09,desktop,United States,google,cpc,brand_search,Paid,83.28,83.28,1.0,1,1,['Lifestyle'],1,True,,83.28,13,Wednesday,1073
T0004206,1765498.2309174715.1732863548,1765498.2309174715,2024-11-29 07:02:39.333486,2024-11-29,mobile,Canada,google,organic,(organic),Organic Search,83.28,83.28,1.0,1,1,['Lifestyle'],1,True,,83.28,7,Friday,1073
T0002384,2249061.4949251006.1730485294,2249061.4949251006,2024-11-01 18:27:19.570404,2024-11-01,desktop,United States,(direct),(none),(direct),Direct,83.28,83.28,1.0,1,1,['Lifestyle'],1,True,,83.28,18,Friday,1073
T0001895,1571557.2806359494.1729629011,1571557.2806359494,2024-10-22 20:28:29.067627,2024-10-22,desktop,United States,google,cpc,shopping_feed,Paid,83.14,83.14,2.0,2,2,['Bags' 'Drinkware'],1,True,,41.57,20,Tuesday,1074
T0003304,4922210.5542931337.1732091316,4922210.5542931337,2024-11-20 08:23:58.439193,2024-11-20,desktop,United Kingdom,youtube.com,referral,(referral),Referral,83.13,83.13,2.0,2,2,['Apparel' 'Stationery'],1,True,,41.57,8,Wednesday,1075
T0004113,1038918.3868643412.1732818088,1038918.3868643412,2024-11-28 18:32:55.648112,2024-11-28,desktop,United States,facebook,paid_social,prospecting_broad,Paid,83.13,83.13,2.0,2,2,['Apparel' 'Stationery'],1,True,,41.57,18,Thursday,1075
T0001323,2928302.2180889557.1728510218,2928302.2180889557,2024-10-09 21:42:46.472414,2024-10-09,mobile,United States,google,cpc,brand_search,Paid,83.13,83.13,2.0,2,2,['Apparel' 'Stationery'],1,True,,41.57,21,Wednesday,1075
T0003321,9379881.9656601294.1732121797,9379881.9656601294,2024-11-20 17:02:28.347731,2024-11-20,desktop,United States,(direct),(none),(direct),Direct,83.1,83.1,4.0,2,2,['Accessories' 'Office'],1,True,,20.78,17,Wednesday,1076
T0003700,2247501.7716080449.1732605124,2247501.7716080449,2024-11-26 07:22:08.469575,2024-11-26,tablet,United States,google,cpc,brand_search,Paid,83.08,83.08,3.0,2,1,['Apparel'],1,True,,27.69,7,Tuesday,1077
T0001295,2060526.7917111885.1728457131,2060526.7917111885,2024-10-09 06:56:42.373199,2024-10-09,mobile,Mexico,newsletter,email,weekly_drop,Email,83.05,83.05,3.0,2,2,['Accessories' 'Apparel'],1,True,,27.68,6,Wednesday,1078
T0001115,5351011.7476255552.1728070585,5351011.7476255552,2024-10-04 19:47:55.048064,2024-10-04,mobile,United Kingdom,google,organic,(organic),Organic Search,83.01,83.01,2.0,2,2,['Accessories' 'Bags'],1,True,,41.51,19,Friday,1079
T0003817,3844461.6584402834.1732659963,3844461.6584402834,2024-11-26 22:46:05.770209,2024-11-26,desktop,United States,google,cpc,shopping_feed,Paid,82.99,82.99,2.0,2,2,['Apparel' 'Electronics'],1,True,,41.5,22,Tuesday,1080
T0001597,4985784.1643085709.1729084919,4985784.1643085709,2024-10-16 13:29:38.131330,2024-10-16,mobile,United States,(direct),(none),(direct),Direct,82.96,82.96,4.0,3,2,['Accessories' 'Office'],1,True,,20.74,13,Wednesday,1081
T0000393,8711284.5384382052.1726473794,8711284.5384382052,2024-09-16 08:06:33.914407,2024-09-16,desktop,United States,(direct),(none),(direct),Direct,82.85,82.85,3.0,3,3,['Accessories' 'Drinkware' 'Office'],1,True,,27.62,8,Monday,1082
T0000203,9784653.5292398957.1725982892,9784653.5292398957,2024-09-10 15:40:04.288244,2024-09-10,desktop,United States,google,organic,(organic),Organic Search,82.71,82.71,3.0,3,3,['Accessories' 'Drinkware' 'Office'],1,True,,27.57,15,Tuesday,1083
T0004001,9525416.7621344362.1732767609,9525416.7621344362,2024-11-28 04:27:36.083507,2024-11-28,mobile,Germany,(direct),(none),(direct),Direct,82.66,82.66,4.0,3,3,['Accessories' 'Apparel' 'Drinkware'],2,False,9,20.67,4,Thursday,1084
T0003439,8662061.6988831982.1732310905,8662061.6988831982,2024-11-22 21:28:36.732725,2024-11-22,desktop,Canada,google,organic,(organic),Organic Search,82.61,82.61,2.0,2,2,['Apparel' 'Drinkware'],3,False,18,41.31,21,Friday,1085
T0002616,8373606.6149331325.1730849278,8373606.6149331325,2024-11-05 23:34:56.673452,2024-11-05,mobile,United Kingdom,google,cpc,brand_search,Paid,82.48,82.48,2.0,2,2,['Accessories' 'Lifestyle'],2,False,3,41.24,23,Tuesday,1086
T0000941,6077811.1043285239.1727682259,6077811.1043285239,2024-09-30 07:36:05.755578,2024-09-30,desktop,India,(direct),(none),(direct),Direct,82.45,82.45,3.0,3,3,['Accessories' 'Headgear' 'Office'],1,True,,27.48,7,Monday,1087
T0000978,7011830.2505336337.1727738743,7011830.2505336337,2024-09-30 23:34:32.048501,2024-09-30,desktop,United States,google,cpc,brand_search,Paid,82.37,82.37,2.0,2,2,['Apparel' 'Office'],1,True,,41.19,23,Monday,1088
T0002019,2570957.6132945876.1729843506,2570957.6132945876,2024-10-25 08:03:57.017769,2024-10-25,desktop,Brazil,google,cpc,shopping_feed,Paid,82.21,82.21,3.0,2,2,['Accessories' 'Drinkware'],1,True,,27.4,8,Friday,1089
T0003701,2687372.1071533547.1732607368,2687372.1071533547,2024-11-26 07:56:40.281332,2024-11-26,mobile,United States,google,cpc,brand_search,Paid,82.16,82.16,2.0,1,1,['Bags'],1,True,,41.08,7,Tuesday,1090
T0004157,9611310.1025964100.1732830950,9611310.1025964100,2024-11-28 22:06:07.786608,2024-11-28,desktop,United States,partners,affiliate,coupon_partners,Affiliate,82.16,82.16,2.0,1,1,['Bags'],1,True,,41.08,22,Thursday,1090
T0003371,5750553.5780602799.1732204749,5750553.5780602799,2024-11-21 16:03:20.467688,2024-11-21,desktop,Netherlands,google,cpc,shopping_feed,Paid,82.16,82.16,2.0,1,1,['Bags'],1,True,,41.08,16,Thursday,1090
T0003017,9516678.1767084118.1731570223,9516678.1767084118,2024-11-14 07:58:31.718177,2024-11-14,mobile,United States,(direct),(none),(direct),Direct,82.15,82.15,2.0,2,1,['Apparel'],1,True,,41.08,7,Thursday,1091
T0001446,5890241.2047374965.1728783336,5890241.2047374965,2024-10-13 01:48:17.235727,2024-10-13,desktop,Canada,google,organic,(organic),Organic Search,82.08,82.08,2.0,2,2,['Accessories' 'Apparel'],1,True,,41.04,1,Sunday,1092
T0001017,2623287.3907180729.1727811486,2623287.3907180729,2024-10-01 19:44:16.440603,2024-10-01,desktop,India,facebook,paid_social,prospecting_broad,Paid,82.08,82.08,2.0,2,2,['Accessories' 'Apparel'],1,True,,41.04,19,Tuesday,1092
T0004273,7700116.3213987763.1732895440,7700116.3213987763,2024-11-29 15:47:14.634061,2024-11-29,desktop,United States,google,organic,(organic),Organic Search,82.08,82.08,2.0,2,2,['Accessories' 'Apparel'],1,True,,41.04,15,Friday,1092
T0002242,6936455.1773209926.1730237046,6936455.1773209926,2024-10-29 21:27:33.426048,2024-10-29,desktop,United States,(direct),(none),(direct),Direct,82.03,82.03,3.0,2,2,['Apparel' 'Drinkware'],1,True,,27.34,21,Tuesday,1093
T0002755,3801833.8116386689.1731096277,3801833.8116386689,2024-11-08 20:10:31.676341,2024-11-08,desktop,United States,google,cpc,brand_search,Paid,82.03,82.03,3.0,2,2,['Apparel' 'Drinkware'],1,True,,27.34,20,Friday,1093
T0003759,2390382.3902901417.1732635556,2390382.3902901417,2024-11-26 15:34:35.040830,2024-11-26,desktop,United States,google,cpc,brand_search,Paid,82.02,82.02,2.0,1,1,['Accessories'],1,True,,41.01,15,Tuesday,1094
T0002959,3461421.6204590980.1731455735,3461421.6204590980,2024-11-12 23:57:08.698670,2024-11-12,mobile,United States,(direct),(none),(direct),Direct,81.94,81.94,2.0,2,2,['Accessories' 'Apparel'],1,True,,40.97,23,Tuesday,1095
T0003014,5133065.2334725543.1731558243,5133065.2334725543,2024-11-14 04:20:00.481013,2024-11-14,desktop,Canada,(direct),(none),(direct),Direct,81.94,81.94,2.0,2,2,['Accessories' 'Apparel'],1,True,,40.97,4,Thursday,1095
T0001580,6963943.1612856763.1729037022,6963943.1612856763,2024-10-15 23:58:41.396462,2024-10-15,desktop,Germany,google,organic,(organic),Organic Search,81.92,81.92,3.0,2,1,['Headgear'],1,True,,27.31,23,Tuesday,1096
T0002081,1490224.9728695746.1729958742,1490224.9728695746,2024-10-26 16:34:45.205411,2024-10-26,desktop,United States,(direct),(none),(direct),Direct,81.84,81.84,3.0,2,2,['Drinkware' 'Electronics'],3,False,4,27.28,16,Saturday,1097
T0001968,6285881.1899489954.1729744442,6285881.1899489954,2024-10-24 04:32:20.032863,2024-10-24,desktop,India,newsletter,email,weekly_drop,Email,81.73,81.73,3.0,3,2,['Apparel' 'Headgear'],1,True,,27.24,4,Thursday,1098
T0000240,4374234.2443874043.1726072423,4374234.2443874043,2024-09-11 16:41:37.375137,2024-09-11,desktop,United States,google,cpc,shopping_feed,Paid,81.69,81.69,2.0,2,1,['Apparel'],1,True,,40.85,16,Wednesday,1099
T0002369,5262177.1128354527.1730465653,5262177.1128354527,2024-11-01 12:59:00.115557,2024-11-01,mobile,United States,newsletter,email,weekly_drop,Email,81.69,81.69,2.0,2,1,['Apparel'],1,True,,40.85,12,Friday,1099
T0001046,1973110.3977108784.1727892479,1973110.3977108784,2024-10-02 18:15:58.142102,2024-10-02,desktop,United States,(direct),(none),(direct),Direct,81.69,81.69,2.0,2,1,['Apparel'],1,True,,40.85,18,Wednesday,1099
T0000058,7386425.9273138152.1725460634,7386425.9273138152,2024-09-04 14:41:01.167125,2024-09-04,mobile,United States,(direct),(none),(direct),Direct,81.69,81.69,2.0,2,1,['Apparel'],1,True,,40.85,14,Wednesday,1099
T0002772,4587747.3144204933.1731135596,4587747.3144204933,2024-11-09 06:56:56.978728,2024-11-09,mobile,United States,google,organic,(organic),Organic Search,81.69,81.69,2.0,2,1,['Apparel'],1,True,,40.85,6,Saturday,1099
T0004445,7780702.9270991232.1732989852,7780702.9270991232,2024-11-30 18:09:04.894402,2024-11-30,mobile,Canada,facebook,paid_social,prospecting_broad,Paid,81.69,81.69,2.0,2,1,['Apparel'],1,True,,40.85,18,Saturday,1099
T0003203,2882536.8139929136.1731920058,2882536.8139929136,2024-11-18 09:01:32.450289,2024-11-18,desktop,United States,newsletter,email,weekly_drop,Email,81.69,81.69,2.0,2,1,['Apparel'],1,True,,40.85,9,Monday,1099
T0000717,9193465.4356254456.1727195893,9193465.4356254456,2024-09-24 16:38:32.297318,2024-09-24,desktop,United States,newsletter,email,weekly_drop,Email,81.69,81.69,2.0,2,1,['Apparel'],1,True,,40.85,16,Tuesday,1099
T0002179,6295319.6981440560.1730128555,6295319.6981440560,2024-10-28 15:34:56.436674,2024-10-28,mobile,United States,(direct),(none),(direct),Direct,81.69,81.69,2.0,2,1,['Apparel'],2,False,5,40.85,15,Monday,1099
T0003570,4347527.1416273175.1732518253,4347527.1416273175,2024-11-25 07:03:56.719008,2024-11-25,mobile,India,newsletter,email,weekly_drop,Email,81.69,81.69,2.0,2,1,['Apparel'],2,False,2,40.85,7,Monday,1099
T0003979,5142765.9368368084.1732752085,5142765.9368368084,2024-11-28 00:01:22.203688,2024-11-28,mobile,France,(direct),(none),(direct),Direct,81.69,81.69,2.0,2,1,['Apparel'],1,True,,40.85,0,Thursday,1099
T0003154,4662540.2923702074.1731838718,4662540.2923702074,2024-11-17 10:11:51.794212,2024-11-17,mobile,Canada,(direct),(none),(direct),Direct,81.57,81.57,3.0,3,3,['Apparel' 'Bags' 'Drinkware'],1,True,,27.19,10,Sunday,1100
T0004427,3013347.9841767140.1732979573,3013347.9841767140,2024-11-30 15:08:00.070862,2024-11-30,desktop,India,google,organic,(organic),Organic Search,81.47,81.47,2.0,2,1,['Apparel'],1,True,,40.74,15,Saturday,1101
T0002428,2531272.1587403542.1730547881,2531272.1587403542,2024-11-02 11:45:29.901142,2024-11-02,desktop,United States,newsletter,email,weekly_drop,Email,81.35,81.35,3.0,3,2,['Accessories' 'Drinkware'],1,True,,27.12,11,Saturday,1102
T0001877,7482519.6417626207.1729612743,7482519.6417626207,2024-10-22 15:50:20.318652,2024-10-22,desktop,United States,google,cpc,brand_search,Paid,81.33,81.33,1.0,1,1,['Lifestyle'],1,True,,81.33,15,Tuesday,1103
T0003027,7637304.5629659585.1731594588,7637304.5629659585,2024-11-14 14:36:13.749808,2024-11-14,desktop,United States,google,organic,(organic),Organic Search,81.21,81.21,3.0,2,2,['Accessories' 'Drinkware'],1,True,,27.07,14,Thursday,1104
T0002657,7037035.2951973170.1730922145,7037035.2951973170,2024-11-06 19:49:03.251511,2024-11-06,desktop,United States,google,cpc,brand_search,Paid,81.11,81.11,3.0,3,2,['Accessories' 'Apparel'],1,True,,27.04,19,Wednesday,1105
T0000057,7993905.8896153440.1725454004,7993905.8896153440,2024-09-04 12:48:58.104722,2024-09-04,mobile,Canada,google,cpc,shopping_feed,Paid,81.08,81.08,3.0,2,2,['Drinkware' 'Office'],1,True,,27.03,12,Wednesday,1106
T0000030,8209202.6362802096.1725332582,8209202.6362802096,2024-09-03 03:02:01.772193,2024-09-03,mobile,Japan,google,organic,(organic),Organic Search,80.96,80.96,3.0,3,3,['Accessories' 'Drinkware' 'Office'],1,True,,26.99,3,Tuesday,1107
T0001863,7511909.9949267191.1729598092,7511909.9949267191,2024-10-22 11:57:57.480461,2024-10-22,desktop,United States,google,cpc,brand_search,Paid,80.91,80.91,3.0,2,2,['Apparel' 'Office'],1,True,,26.97,11,Tuesday,1108
T0003971,2671404.6369503312.1732749357,2671404.6369503312,2024-11-27 23:19:03.881986,2024-11-27,desktop,Germany,google,cpc,shopping_feed,Paid,80.73,80.73,3.0,2,2,['Apparel' 'Lifestyle'],1,True,,26.91,23,Wednesday,1109
T0001587,7891160.2147776522.1729062671,7891160.2147776522,2024-10-16 07:21:03.670705,2024-10-16,desktop,Canada,partners,affiliate,coupon_partners,Affiliate,80.73,80.73,4.0,3,2,['Accessories' 'Apparel'],1,True,,20.18,7,Wednesday,1109
T0003588,3660276.5468625848.1732534115,3660276.5468625848,2024-11-25 11:26:16.193580,2024-11-25,desktop,United States,google,organic,(organic),Organic Search,80.71,80.71,3.0,2,2,['Accessories' 'Drinkware'],1,True,,26.9,11,Monday,1110
T0000638,8085168.5527023021.1727017920,8085168.5527023021,2024-09-22 15:23:33.994870,2024-09-22,mobile,Singapore,google,cpc,shopping_feed,Paid,80.71,80.71,3.0,2,2,['Accessories' 'Drinkware'],1,True,,26.9,15,Sunday,1110
T0002958,5780195.2904437820.1731455225,5780195.2904437820,2024-11-12 23:55:34.723412,2024-11-12,desktop,Germany,(direct),(none),(direct),Direct,80.57,80.57,3.0,2,2,['Accessories' 'Drinkware'],1,True,,26.86,23,Tuesday,1111
T0001809,7879131.2793282899.1729470484,7879131.2793282899,2024-10-21 00:29:11.995752,2024-10-21,tablet,Canada,(direct),(none),(direct),Direct,80.54,80.54,2.0,2,2,['Apparel' 'Lifestyle'],1,True,,40.27,0,Monday,1112
T0003141,6755141.5265181072.1731801124,6755141.5265181072,2024-11-17 00:01:25.521043,2024-11-17,mobile,Netherlands,google,organic,(organic),Organic Search,80.54,80.54,3.0,2,2,['Accessories' 'Apparel'],1,True,,26.85,0,Sunday,1112
T0003855,4255081.9664230686.1732683948,4255081.9664230686,2024-11-27 05:11:17.326784,2024-11-27,desktop,Netherlands,google,organic,(organic),Organic Search,80.5,80.5,2.0,2,1,['Apparel'],3,False,5,40.25,5,Wednesday,1113
T0001219,5835350.3711747984.1728310886,5835350.3711747984,2024-10-07 14:17:39.654480,2024-10-07,desktop,Canada,newsletter,email,weekly_drop,Email,80.48,80.48,3.0,2,2,['Bags' 'Drinkware'],1,True,,26.83,14,Monday,1114
T0001489,3826744.7281340064.1728890479,3826744.7281340064,2024-10-14 07:20:21.980342,2024-10-14,desktop,United States,google,cpc,shopping_feed,Paid,80.32,80.32,2.0,2,2,['Accessories' 'Lifestyle'],1,True,,40.16,7,Monday,1115
T0002023,3478049.6850871380.1729850406,3478049.6850871380,2024-10-25 09:50:54.622712,2024-10-25,desktop,United States,newsletter,email,weekly_drop,Email,80.32,80.32,2.0,2,2,['Accessories' 'Lifestyle'],1,True,,40.16,9,Friday,1115
T0000518,3109349.9470407391.1726762751,3109349.9470407391,2024-09-19 16:16:58.597058,2024-09-19,mobile,United States,(direct),(none),(direct),Direct,80.32,80.32,2.0,2,2,['Apparel' 'Bags'],1,True,,40.16,16,Thursday,1115
T0000574,8415747.4476174202.1726878681,8415747.4476174202,2024-09-21 00:31:38.394606,2024-09-21,desktop,United States,google,organic,(organic),Organic Search,80.03,80.03,3.0,2,2,['Apparel' 'Drinkware'],1,True,,26.68,0,Saturday,1116
T0001636,4156884.2010477297.1729138897,4156884.2010477297,2024-10-17 04:26:43.513284,2024-10-17,desktop,France,google,cpc,shopping_feed,Paid,79.99,79.99,3.0,2,2,['Accessories' 'Office'],1,True,,26.66,4,Thursday,1117
T0004161,8675104.4073477592.1732832270,8675104.4073477592,2024-11-28 22:17:34.865127,2024-11-28,desktop,United States,google,organic,(organic),Organic Search,79.81,79.81,2.0,2,2,['Accessories' 'Bags'],1,True,,39.91,22,Thursday,1118
T0001415,4341230.6067658273.1728717097,4341230.6067658273,2024-10-12 07:12:43.369270,2024-10-12,mobile,Canada,google,cpc,brand_search,Paid,79.58,79.58,3.0,3,3,['Drinkware' 'Office' 'Stationery'],1,True,,26.53,7,Saturday,1119
T0001387,8288675.6711105789.1728664529,8288675.6711105789,2024-10-11 16:34:29.193776,2024-10-11,mobile,United States,google,organic,(organic),Organic Search,79.54,79.54,2.0,2,2,['Apparel' 'Drinkware'],2,False,3,39.77,16,Friday,1120
T0002997,9479457.3561403248.1731529878,9479457.3561403248,2024-11-13 20:34:31.240602,2024-11-13,desktop,United Kingdom,partners,affiliate,coupon_partners,Affiliate,79.54,79.54,3.0,2,2,['Apparel' 'Lifestyle'],1,True,,26.51,20,Wednesday,1120
T0001087,9405861.1995111581.1727990221,9405861.1995111581,2024-10-03 21:13:02.577366,2024-10-03,mobile,Canada,google,cpc,brand_search,Paid,79.43,79.43,3.0,3,3,['Accessories' 'Apparel' 'Stationery'],1,True,,26.48,21,Thursday,1121
T0004284,7513580.2420978276.1732898774,7513580.2420978276,2024-11-29 17:08:25.669994,2024-11-29,desktop,Canada,(direct),(none),(direct),Direct,79.41,79.41,3.0,2,2,['Accessories' 'Drinkware'],1,True,,26.47,17,Friday,1122
T0003165,2849201.4938308958.1731853508,2849201.4938308958,2024-11-17 14:28:31.877853,2024-11-17,desktop,United States,youtube.com,referral,(referral),Referral,79.41,79.41,3.0,2,2,['Apparel' 'Headgear'],1,True,,26.47,14,Sunday,1122
T0003173,5326724.8229924974.1731860989,5326724.8229924974,2024-11-17 16:27:00.618950,2024-11-17,mobile,France,(direct),(none),(direct),Direct,79.35,79.35,2.0,2,2,['Apparel' 'Lifestyle'],1,True,,39.67,16,Sunday,1123
T0002561,2411826.1831672947.1730759965,2411826.1831672947,2024-11-04 22:29:17.872587,2024-11-04,desktop,Canada,(direct),(none),(direct),Direct,79.29,79.29,2.0,2,2,['Accessories' 'Lifestyle'],1,True,,39.65,22,Monday,1124
T0003622,5738558.9494625572.1732553586,5738558.9494625572,2024-11-25 16:47:35.784317,2024-11-25,tablet,India,google,organic,(organic),Organic Search,79.18,79.18,1.0,1,1,['Bags'],1,True,,79.18,16,Monday,1125
T0003490,1233025.2914045504.1732402873,1233025.2914045504,2024-11-23 23:05:11.969515,2024-11-23,mobile,United Kingdom,google,organic,(organic),Organic Search,79.18,79.18,1.0,1,1,['Bags'],1,True,,79.18,23,Saturday,1125
T0003300,7763026.9188887884.1732078259,7763026.9188887884,2024-11-20 04:55:06.308838,2024-11-20,desktop,United States,(direct),(none),(direct),Direct,79.18,79.18,1.0,1,1,['Bags'],1,True,,79.18,4,Wednesday,1125
T0002725,3530562.5529380250.1731059863,3530562.5529380250,2024-11-08 09:50:57.741389,2024-11-08,mobile,United States,google,organic,(organic),Organic Search,79.13,79.13,4.0,3,3,['Apparel' 'Lifestyle' 'Stationery'],1,True,,19.78,9,Friday,1126
T0000043,6538782.9786443306.1725397770,6538782.9786443306,2024-09-03 21:17:05.976450,2024-09-03,desktop,India,(direct),(none),(direct),Direct,79.08,79.08,4.0,1,1,['Apparel'],1,True,,19.77,21,Tuesday,1127
T0000021,2169388.5900169871.1725278885,2169388.5900169871,2024-09-02 12:03:24.785756,2024-09-02,mobile,Japan,newsletter,email,weekly_drop,Email,79.07,79.07,3.0,3,3,['Accessories' 'Headgear' 'Office'],1,True,,26.36,12,Monday,1128
T0000665,2765303.3199382873.1727091523,2765303.3199382873,2024-09-23 11:30:03.691537,2024-09-23,desktop,United States,google,organic,(organic),Organic Search,79.06,79.06,2.0,2,2,['Apparel' 'Drinkware'],1,True,,39.53,11,Monday,1129
T0001665,4997732.9142241714.1729191617,4997732.9142241714,2024-10-17 19:00:26.391461,2024-10-17,desktop,United States,google,cpc,brand_search,Paid,78.92,78.92,2.0,2,2,['Apparel' 'Bags'],1,True,,39.46,19,Thursday,1130
T0004279,5006169.8897349965.1732898079,5006169.8897349965,2024-11-29 16:34:09.861889,2024-11-29,desktop,Canada,youtube.com,referral,(referral),Referral,78.92,78.92,3.0,2,2,['Accessories' 'Drinkware'],1,True,,26.31,16,Friday,1130
T0001515,8917953.1886750848.1728925151,8917953.1886750848,2024-10-14 17:03:13.230675,2024-10-14,mobile,United States,google,cpc,shopping_feed,Paid,78.87,78.87,3.0,2,1,['Accessories'],1,True,,26.29,17,Monday,1131
T0004054,6203705.4618806555.1732798841,6203705.4618806555,2024-11-28 12:56:19.497719,2024-11-28,desktop,United States,partners,affiliate,coupon_partners,Affiliate,78.87,78.87,2.0,2,2,['Headgear' 'Lifestyle'],1,True,,39.44,12,Thursday,1131
T0000648,8639987.6936838566.1727041144,8639987.6936838566,2024-09-22 21:51:22.750922,2024-09-22,desktop,United Kingdom,(direct),(none),(direct),Direct,78.53,78.53,2.0,2,2,['Apparel' 'Bags'],1,True,,39.27,21,Sunday,1132
T0003589,7592566.6128944265.1732534068,7592566.6128944265,2024-11-25 11:36:57.095966,2024-11-25,desktop,Germany,google,cpc,brand_search,Paid,78.46,78.46,3.0,3,1,['Accessories'],1,True,,26.15,11,Monday,1133
T0002766,4670687.5497495840.1731108949,4670687.5497495840,2024-11-08 23:32:04.286210,2024-11-08,desktop,Brazil,google,cpc,brand_search,Paid,78.46,78.46,2.0,2,2,['Accessories' 'Apparel'],1,True,,39.23,23,Friday,1133
T0004278,1048579.8648068596.1732897749,1048579.8648068596,2024-11-29 16:28:12.700204,2024-11-29,tablet,United States,google,cpc,brand_search,Paid,78.46,78.46,2.0,2,2,['Accessories' 'Apparel'],1,True,,39.23,16,Friday,1133
T0002062,8495459.8264472796.1729934771,8495459.8264472796,2024-10-26 09:34:07.435163,2024-10-26,tablet,United States,newsletter,email,weekly_drop,Email,78.37,78.37,3.0,2,2,['Apparel' 'Office'],1,True,,26.12,9,Saturday,1134
T0001403,6818538.8137825480.1728684138,6818538.8137825480,2024-10-11 22:07:48.784216,2024-10-11,mobile,Canada,google,organic,(organic),Organic Search,78.37,78.37,3.0,2,2,['Apparel' 'Office'],1,True,,26.12,22,Friday,1134
T0004322,6681738.8799806204.1732915736,6681738.8799806204,2024-11-29 21:21:24.347931,2024-11-29,desktop,United States,google,cpc,shopping_feed,Paid,78.37,78.37,3.0,2,2,['Apparel' 'Office'],1,True,,26.12,21,Friday,1134
T0002114,8985903.2748470354.1730010419,8985903.2748470354,2024-10-27 06:21:07.145808,2024-10-27,desktop,United States,google,cpc,brand_search,Paid,78.33,78.33,3.0,3,2,['Accessories' 'Electronics'],1,True,,26.11,6,Sunday,1135
T0003964,1066451.2161486158.1732747183,1066451.2161486158,2024-11-27 22:50:52.400052,2024-11-27,desktop,Singapore,google,organic,(organic),Organic Search,78.24,78.24,2.0,2,2,['Accessories' 'Apparel'],1,True,,39.12,22,Wednesday,1136
T0003996,4965333.4323148411.1732764299,4965333.4323148411,2024-11-28 03:23:32.335818,2024-11-28,desktop,United States,google,cpc,shopping_feed,Paid,78.2,78.2,4.0,3,3,['Accessories' 'Apparel' 'Drinkware'],1,True,,19.55,3,Thursday,1137
T0004357,5235462.8256620108.1732933432,5235462.8256620108,2024-11-30 02:27:23.825582,2024-11-30,desktop,United Kingdom,(direct),(none),(direct),Direct,78.02,78.02,4.0,3,2,['Accessories' 'Stationery'],1,True,,19.51,2,Saturday,1138
T0001354,8560846.7353633797.1728580607,8560846.7353633797,2024-10-10 17:24:55.766764,2024-10-10,desktop,United States,google,organic,(organic),Organic Search,78.01,78.01,2.0,2,2,['Apparel' 'Drinkware'],3,False,7,39.01,17,Thursday,1139
T0002017,4424352.5792799049.1729834919,4424352.5792799049,2024-10-25 05:40:04.410999,2024-10-25,mobile,India,(direct),(none),(direct),Direct,77.8,77.8,4.0,3,3,['Accessories' 'Headgear' 'Stationery'],1,True,,19.45,5,Friday,1140
T0003360,7330968.2065407741.1732194508,7330968.2065407741,2024-11-21 13:12:49.173990,2024-11-21,desktop,Singapore,google,organic,(organic),Organic Search,77.78,77.78,1.0,1,1,['Bags'],1,True,,77.78,13,Thursday,1141
T0000527,7881244.6043837038.1726775132,7881244.6043837038,2024-09-19 19:37:43.912695,2024-09-19,desktop,United States,google,cpc,brand_search,Paid,77.78,77.78,3.0,3,2,['Accessories' 'Drinkware'],1,True,,25.93,19,Thursday,1141
T0002086,8345617.2040945193.1729967696,8345617.2040945193,2024-10-26 18:41:45.083264,2024-10-26,mobile,France,google,organic,(organic),Organic Search,77.67,77.67,3.0,3,3,['Apparel' 'Drinkware' 'Office'],1,True,,25.89,18,Saturday,1142
T0000148,8407065.6901637549.1725815437,8407065.6901637549,2024-09-08 17:29:38.619533,2024-09-08,desktop,United Kingdom,facebook,paid_social,prospecting_broad,Paid,77.66,77.66,2.0,1,1,['Office'],1,True,,38.83,17,Sunday,1143
T0002288,7870239.4299457577.1730321212,7870239.4299457577,2024-10-30 20:51:46.292846,2024-10-30,mobile,United States,google,organic,(organic),Organic Search,77.66,77.66,2.0,1,1,['Office'],1,True,,38.83,20,Wednesday,1143
T0004307,5945668.3367932584.1732909006,5945668.3367932584,2024-11-29 19:30:11.028056,2024-11-29,desktop,Germany,newsletter,email,weekly_drop,Email,77.66,77.66,2.0,1,1,['Office'],1,True,,38.83,19,Friday,1143
T0002026,6690675.3465575846.1729857325,6690675.3465575846,2024-10-25 11:51:58.870287,2024-10-25,desktop,United States,google,organic,(organic),Organic Search,77.66,77.66,2.0,1,1,['Office'],1,True,,38.83,11,Friday,1143
T0000738,8477497.9664762048.1727221670,8477497.9664762048,2024-09-24 23:59:09.856774,2024-09-24,desktop,United States,google,cpc,brand_search,Paid,77.66,77.66,2.0,1,1,['Office'],1,True,,38.83,23,Tuesday,1143
T0000774,3404057.7719656631.1727300848,3404057.7719656631,2024-09-25 21:42:48.620319,2024-09-25,mobile,Japan,google,organic,(organic),Organic Search,77.66,77.66,2.0,1,1,['Office'],1,True,,38.83,21,Wednesday,1143
T0002945,7200919.6553744688.1731436722,7200919.6553744688,2024-11-12 18:33:34.419623,2024-11-12,mobile,United Kingdom,google,cpc,shopping_feed,Paid,77.66,77.66,2.0,1,1,['Office'],1,True,,38.83,18,Tuesday,1143
T0003794,5455202.3971957788.1732654546,5455202.3971957788,2024-11-26 21:02:19.597527,2024-11-26,desktop,United States,(direct),(none),(direct),Direct,77.66,77.66,2.0,1,1,['Office'],2,False,42,38.83,21,Tuesday,1143
T0001299,7101057.3777624487.1728465004,7101057.3777624487,2024-10-09 09:20:22.078035,2024-10-09,mobile,United States,(direct),(none),(direct),Direct,77.66,77.66,2.0,1,1,['Office'],1,True,,38.83,9,Wednesday,1143
T0003594,8943778.9597047731.1732536888,8943778.9597047731,2024-11-25 12:16:45.210658,2024-11-25,mobile,Canada,google,cpc,shopping_feed,Paid,77.66,77.66,2.0,1,1,['Office'],1,True,,38.83,12,Monday,1143
T0000932,7937716.3099946602.1727650310,7937716.3099946602,2024-09-29 23:00:24.612730,2024-09-29,mobile,Canada,google,cpc,brand_search,Paid,77.63,77.63,3.0,3,2,['Accessories' 'Stationery'],1,True,,25.88,23,Sunday,1144
T0002574,5372045.5424608876.1730801357,5372045.5424608876,2024-11-05 10:10:11.945830,2024-11-05,desktop,United States,google,organic,(organic),Organic Search,77.62,77.62,5.0,3,2,['Apparel' 'Stationery'],1,True,,15.52,10,Tuesday,1145
T0004468,7279834.3436910996.1733000023,7279834.3436910996,2024-11-30 20:55:17.613253,2024-11-30,mobile,France,(direct),(none),(direct),Direct,77.44,77.44,3.0,2,2,['Apparel' 'Lifestyle'],2,False,1,25.81,20,Saturday,1146
T0001541,1306923.7330770390.1728950097,1306923.7330770390,2024-10-14 23:52:42.798269,2024-10-14,desktop,Brazil,(direct),(none),(direct),Direct,77.37,77.37,4.0,3,3,['Drinkware' 'Lifestyle' 'Stationery'],1,True,,19.34,23,Monday,1147
T0003118,2501674.9109469253.1731768709,2501674.9109469253,2024-11-16 14:55:46.362799,2024-11-16,desktop,United Kingdom,newsletter,email,weekly_drop,Email,77.34,77.34,2.0,2,2,['Apparel' 'Bags'],3,False,11,38.67,14,Saturday,1148
T0001007,9211081.5781137023.1727797233,9211081.5781137023,2024-10-01 15:46:44.994345,2024-10-01,mobile,Australia,(direct),(none),(direct),Direct,77.27,77.27,3.0,3,2,['Accessories' 'Apparel'],1,True,,25.76,15,Tuesday,1149
T0002848,2599704.5268674759.1731259228,2599704.5268674759,2024-11-10 17:25:57.252179,2024-11-10,desktop,India,google,cpc,brand_search,Paid,77.27,77.27,2.0,2,2,['Accessories' 'Apparel'],1,True,,38.64,17,Sunday,1149
T0003449,9451438.9881918443.1732319309,9451438.9881918443,2024-11-23 00:04:14.089608,2024-11-23,desktop,United States,facebook,paid_social,prospecting_broad,Paid,77.22,77.22,3.0,3,3,['Apparel' 'Lifestyle' 'Office'],1,True,,25.74,0,Saturday,1150
T0001729,8616028.4260034802.1729293803,8616028.4260034802,2024-10-18 23:22:24.957008,2024-10-18,desktop,Germany,youtube.com,referral,(referral),Referral,77.22,77.22,3.0,2,2,['Accessories' 'Office'],1,True,,25.74,23,Friday,1150
T0001419,7756646.3384072831.1728725216,7756646.3384072831,2024-10-12 09:20:56.826297,2024-10-12,desktop,Netherlands,google,organic,(organic),Organic Search,77.16,77.16,2.0,2,2,['Apparel' 'Office'],1,True,,38.58,9,Saturday,1151
T0002503,5296221.8425429415.1730665185,5296221.8425429415,2024-11-03 20:15:10.554508,2024-11-03,desktop,United Kingdom,newsletter,email,weekly_drop,Email,77.13,77.13,2.0,2,2,['Apparel' 'Bags'],2,False,2,38.57,20,Sunday,1152
T0002252,6789752.2052674202.1730267313,6789752.2052674202,2024-10-30 05:58:05.642619,2024-10-30,mobile,India,google,cpc,shopping_feed,Paid,77.09,77.09,2.0,2,2,['Apparel' 'Drinkware'],1,True,,38.55,5,Wednesday,1153
T0000839,6583530.7205587210.1727451653,6583530.7205587210,2024-09-27 15:55:32.144929,2024-09-27,desktop,United States,(direct),(none),(direct),Direct,77.09,77.09,2.0,2,2,['Apparel' 'Drinkware'],1,True,,38.55,15,Friday,1153
T0001490,9919943.1898069813.1728891373,9919943.1898069813,2024-10-14 07:39:25.240648,2024-10-14,desktop,United States,google,cpc,shopping_feed,Paid,77.09,77.09,2.0,2,2,['Apparel' 'Drinkware'],1,True,,38.55,7,Monday,1153
T0001832,5420307.6617573625.1729536671,5420307.6617573625,2024-10-21 18:51:03.029164,2024-10-21,desktop,United States,google,organic,(organic),Organic Search,77.03,77.03,3.0,3,3,['Accessories' 'Bags' 'Office'],1,True,,25.68,18,Monday,1154
T0001347,8973455.2276693500.1728567656,8973455.2276693500,2024-10-10 13:51:58.218411,2024-10-10,mobile,United States,(direct),(none),(direct),Direct,77.0,77.0,3.0,2,1,['Drinkware'],1,True,,25.67,13,Thursday,1155
T0003210,2164048.2983863221.1731937542,2164048.2983863221,2024-11-18 13:56:24.036490,2024-11-18,desktop,United States,(direct),(none),(direct),Direct,76.99,76.99,4.0,3,3,['Drinkware' 'Office' 'Stationery'],2,False,9,19.25,13,Monday,1156
T0002149,7959151.8983915579.1730063905,7959151.8983915579,2024-10-27 21:17:52.514120,2024-10-27,mobile,Japan,google,organic,(organic),Organic Search,76.93,76.93,3.0,3,3,['Accessories' 'Drinkware' 'Office'],2,False,2,25.64,21,Sunday,1157
T0001740,6838466.4970097321.1729329482,6838466.4970097321,2024-10-19 09:28:17.939535,2024-10-19,mobile,United States,google,cpc,shopping_feed,Paid,76.91,76.91,2.0,2,1,['Apparel'],1,True,,38.46,9,Saturday,1158
T0003254,1845153.5320206162.1732023227,1845153.5320206162,2024-11-19 13:28:09.381607,2024-11-19,mobile,United States,newsletter,email,weekly_drop,Email,76.82,76.82,2.0,2,2,['Apparel' 'Stationery'],1,True,,38.41,13,Tuesday,1159
T0001487,2573998.2045600016.1728885906,2573998.2045600016,2024-10-14 06:13:41.524982,2024-10-14,mobile,Japan,(direct),(none),(direct),Direct,76.81,76.81,2.0,2,2,['Accessories' 'Apparel'],1,True,,38.41,6,Monday,1160
T0002106,2310869.6834944049.1729992039,2310869.6834944049,2024-10-27 01:26:11.476263,2024-10-27,desktop,United States,newsletter,email,weekly_drop,Email,76.81,76.81,2.0,2,2,['Accessories' 'Apparel'],1,True,,38.41,1,Sunday,1160
T0003717,8044283.7268226608.1732619544,8044283.7268226608,2024-11-26 11:08:12.697898,2024-11-26,desktop,Canada,google,cpc,shopping_feed,Paid,76.78,76.78,4.0,2,2,['Apparel' 'Lifestyle'],1,True,,19.2,11,Tuesday,1161
T0002543,1052658.2539531665.1730729479,1052658.2539531665,2024-11-04 14:09:42.250102,2024-11-04,desktop,France,(direct),(none),(direct),Direct,76.74,76.74,4.0,3,3,['Accessories' 'Apparel' 'Stationery'],1,True,,19.18,14,Monday,1162
T0001019,4659818.7182233710.1727816334,4659818.7182233710,2024-10-01 20:56:17.238206,2024-10-01,mobile,United Kingdom,google,cpc,shopping_feed,Paid,76.74,76.74,4.0,3,3,['Accessories' 'Apparel' 'Stationery'],1,True,,19.18,20,Tuesday,1162
T0002582,9700769.2134843293.1730812302,9700769.2134843293,2024-11-05 13:14:42.485819,2024-11-05,desktop,United States,google,cpc,brand_search,Paid,76.74,76.74,4.0,3,3,['Accessories' 'Apparel' 'Stationery'],1,True,,19.18,13,Tuesday,1162
T0003155,6090608.4769750147.1731838025,6090608.4769750147,2024-11-17 10:13:06.936643,2024-11-17,desktop,Canada,newsletter,email,weekly_drop,Email,76.71,76.71,2.0,2,2,['Apparel' 'Office'],1,True,,38.35,10,Sunday,1163
T0003234,6964789.9344017992.1731971993,6964789.9344017992,2024-11-18 23:26:15.012460,2024-11-18,mobile,India,google,organic,(organic),Organic Search,76.67,76.67,2.0,2,2,['Accessories' 'Apparel'],1,True,,38.34,23,Monday,1164
T0000388,2053357.8330147206.1726438404,2053357.8330147206,2024-09-15 22:15:09.506478,2024-09-15,mobile,Germany,newsletter,email,weekly_drop,Email,76.65,76.65,4.0,3,2,['Apparel' 'Stationery'],1,True,,19.16,22,Sunday,1165
T0002744,3861277.6370719236.1731085803,3861277.6370719236,2024-11-08 17:12:49.464687,2024-11-08,desktop,Australia,partners,affiliate,coupon_partners,Affiliate,76.64,76.64,2.0,2,2,['Accessories' 'Apparel'],2,False,5,38.32,17,Friday,1166
T0000489,1177099.2698460254.1726690154,1177099.2698460254,2024-09-18 20:16:26.740328,2024-09-18,mobile,India,google,cpc,brand_search,Paid,76.58,76.58,3.0,2,2,['Apparel' 'Drinkware'],1,True,,25.53,20,Wednesday,1167
T0002751,4750337.8526727573.1731089989,4750337.8526727573,2024-11-08 18:30:27.976623,2024-11-08,desktop,Germany,(direct),(none),(direct),Direct,76.37,76.37,3.0,3,2,['Apparel' 'Stationery'],1,True,,25.46,18,Friday,1168
T0003502,5400588.9693665338.1732441402,5400588.9693665338,2024-11-24 09:49:06.548696,2024-11-24,mobile,France,google,cpc,shopping_feed,Paid,76.36,76.36,2.0,2,2,['Apparel' 'Stationery'],1,True,,38.18,9,Sunday,1169
T0000672,9866453.8504118908.1727103024,9866453.8504118908,2024-09-23 14:42:02.440127,2024-09-23,desktop,United States,(direct),(none),(direct),Direct,76.36,76.36,2.0,2,2,['Apparel' 'Stationery'],1,True,,38.18,14,Monday,1169
T0000451,8236988.5966845914.1726586031,8236988.5966845914,2024-09-17 15:17:14.601790,2024-09-17,mobile,Singapore,(direct),(none),(direct),Direct,76.36,76.36,2.0,2,2,['Apparel' 'Stationery'],1,True,,38.18,15,Tuesday,1169
T0000040,6971532.8631060910.1725386305,6971532.8631060910,2024-09-03 17:54:38.340979,2024-09-03,desktop,United Kingdom,(direct),(none),(direct),Direct,76.36,76.36,2.0,2,2,['Apparel' 'Stationery'],1,True,,38.18,17,Tuesday,1169
T0001717,5288993.4694120651.1729280217,5288993.4694120651,2024-10-18 19:34:11.968197,2024-10-18,desktop,United States,google,organic,(organic),Organic Search,76.36,76.36,2.0,2,2,['Apparel' 'Stationery'],1,True,,38.18,19,Friday,1169
T0000068,1440348.8469828957.1725494674,1440348.8469828957,2024-09-05 00:17:29.176544,2024-09-05,desktop,Germany,google,organic,(organic),Organic Search,76.32,76.32,3.0,3,3,['Accessories' 'Apparel' 'Office'],1,True,,25.44,0,Thursday,1170
T0003619,2646848.5912489969.1732549862,2646848.5912489969,2024-11-25 15:53:39.405001,2024-11-25,mobile,Germany,google,organic,(organic),Organic Search,76.12,76.12,4.0,3,3,['Apparel' 'Office' 'Stationery'],1,True,,19.03,15,Monday,1171
T0002472,9570830.2056062702.1730617609,9570830.2056062702,2024-11-03 07:10:59.752270,2024-11-03,desktop,United States,google,organic,(organic),Organic Search,76.1,76.1,3.0,3,2,['Accessories' 'Apparel'],1,True,,25.37,7,Sunday,1172
T0003291,8162300.7633005776.1732060420,8162300.7633005776,2024-11-19 23:57:12.854376,2024-11-19,mobile,United States,(direct),(none),(direct),Direct,76.1,76.1,2.0,2,2,['Apparel' 'Stationery'],1,True,,38.05,23,Tuesday,1172
T0002375,1004297.9591546790.1730477103,1004297.9591546790,2024-11-01 16:04:59.971293,2024-11-01,tablet,United States,(direct),(none),(direct),Direct,76.08,76.08,3.0,3,2,['Accessories' 'Office'],1,True,,25.36,16,Friday,1173
T0002294,5499815.5467838438.1730326406,5499815.5467838438,2024-10-30 22:13:10.680366,2024-10-30,mobile,Australia,(direct),(none),(direct),Direct,76.07,76.07,3.0,2,2,['Lifestyle' 'Office'],1,True,,25.36,22,Wednesday,1174
T0001342,4589698.7466844248.1728560674,4589698.7466844248,2024-10-10 11:54:30.351489,2024-10-10,desktop,India,google,cpc,brand_search,Paid,76.04,76.04,2.0,2,2,['Apparel' 'Lifestyle'],1,True,,38.02,11,Thursday,1175
T0002965,6934643.9687076042.1731467182,6934643.9687076042,2024-11-13 03:01:36.269701,2024-11-13,desktop,India,google,cpc,shopping_feed,Paid,75.98,75.98,2.0,2,2,['Bags' 'Lifestyle'],1,True,,37.99,3,Wednesday,1176
T0003262,9869401.3088567744.1732029853,9869401.3088567744,2024-11-19 15:25:46.381829,2024-11-19,desktop,Australia,google,cpc,shopping_feed,Paid,75.95,75.95,3.0,2,2,['Accessories' 'Apparel'],1,True,,25.32,15,Tuesday,1177
T0000719,7196312.1182519471.1727196859,7196312.1182519471,2024-09-24 17:02:26.882671,2024-09-24,mobile,United States,google,organic,(organic),Organic Search,75.95,75.95,3.0,2,2,['Accessories' 'Apparel'],1,True,,25.32,17,Tuesday,1177
T0000377,4803936.6183807359.1726432452,4803936.6183807359,2024-09-15 20:33:22.157704,2024-09-15,desktop,Brazil,(direct),(none),(direct),Direct,75.95,75.95,3.0,2,2,['Accessories' 'Apparel'],1,True,,25.32,20,Sunday,1177
T0002082,5694204.1540335869.1729961239,5694204.1540335869,2024-10-26 17:02:09.924720,2024-10-26,desktop,India,facebook,paid_social,prospecting_broad,Paid,75.81,75.81,3.0,3,2,['Accessories' 'Apparel'],1,True,,25.27,17,Saturday,1178
T0003835,6606865.8120331151.1732665266,6606865.8120331151,2024-11-27 00:04:27.277340,2024-11-27,mobile,United States,google,cpc,brand_search,Paid,75.81,75.81,3.0,3,2,['Accessories' 'Apparel'],1,True,,25.27,0,Wednesday,1178
T0003207,3786850.8563217564.1731933871,3786850.8563217564,2024-11-18 12:44:58.083826,2024-11-18,desktop,United States,google,organic,(organic),Organic Search,75.81,75.81,3.0,3,2,['Accessories' 'Apparel'],1,True,,25.27,12,Monday,1178
T0002231,9052432.5486165853.1730216740,9052432.5486165853,2024-10-29 15:46:49.097950,2024-10-29,desktop,Germany,google,organic,(organic),Organic Search,75.71,75.71,2.0,2,2,['Accessories' 'Apparel'],1,True,,37.85,15,Tuesday,1179
T0004040,1839220.5045036483.1732793811,1839220.5045036483,2024-11-28 11:36:27.064236,2024-11-28,desktop,India,(direct),(none),(direct),Direct,75.67,75.67,3.0,2,2,['Accessories' 'Apparel'],1,True,,25.22,11,Thursday,1180
T0002010,7037080.2316282316.1729816312,7037080.2316282316,2024-10-25 00:28:43.463334,2024-10-25,desktop,United States,google,cpc,shopping_feed,Paid,75.67,75.67,3.0,2,2,['Accessories' 'Apparel'],1,True,,25.22,0,Friday,1180
T0000455,7828278.7320992181.1726595084,7828278.7320992181,2024-09-17 17:50:19.639552,2024-09-17,desktop,Australia,google,organic,(organic),Organic Search,75.61,75.61,3.0,3,2,['Accessories' 'Apparel'],1,True,,25.2,17,Tuesday,1181
T0000862,8207219.1545611231.1727492162,8207219.1545611231,2024-09-28 02:58:36.143402,2024-09-28,desktop,United States,google,organic,(organic),Organic Search,75.59,75.59,3.0,3,2,['Accessories' 'Office'],1,True,,25.2,2,Saturday,1182
T0003387,6999828.3292686647.1732226329,6999828.3292686647,2024-11-21 22:01:08.150300,2024-11-21,tablet,United States,(direct),(none),(direct),Direct,75.55,75.55,2.0,2,1,['Apparel'],1,True,,37.78,22,Thursday,1183
T0000868,9117148.4151256064.1727508917,9117148.4151256064,2024-09-28 07:45:38.082793,2024-09-28,mobile,United States,(direct),(none),(direct),Direct,75.49,75.49,3.0,3,2,['Apparel' 'Drinkware'],1,True,,25.16,7,Saturday,1184
T0002399,6675600.1355990696.1730496635,6675600.1355990696,2024-11-01 21:45:37.438927,2024-11-01,mobile,Mexico,google,organic,(organic),Organic Search,75.48,75.48,2.0,2,2,['Bags' 'Headgear'],1,True,,37.74,21,Friday,1185
T0003189,9955975.8108602935.1731884816,9955975.8108602935,2024-11-17 23:07:51.396958,2024-11-17,desktop,Japan,google,cpc,brand_search,Paid,75.24,75.24,2.0,2,2,['Bags' 'Office'],2,False,7,37.62,23,Sunday,1186
T0000115,8168720.4242749698.1725700740,8168720.4242749698,2024-09-07 09:09:46.825061,2024-09-07,desktop,United Kingdom,newsletter,email,weekly_drop,Email,75.22,75.22,1.0,1,1,['Bags'],1,True,,75.22,9,Saturday,1187
T0003181,4191937.4880607923.1731876663,4191937.4880607923,2024-11-17 21:00:47.460270,2024-11-17,desktop,United States,google,cpc,shopping_feed,Paid,75.22,75.22,1.0,1,1,['Bags'],1,True,,75.22,21,Sunday,1187
T0004194,5897414.4740495120.1732854125,5897414.4740495120,2024-11-29 04:24:02.228239,2024-11-29,mobile,Canada,facebook,paid_social,prospecting_broad,Paid,75.17,75.17,2.0,2,2,['Apparel' 'Stationery'],1,True,,37.59,4,Friday,1188
T0002712,4985907.3479600634.1731030900,4985907.3479600634,2024-11-08 02:00:55.900530,2024-11-08,desktop,United States,google,cpc,brand_search,Paid,75.17,75.17,2.0,2,2,['Apparel' 'Stationery'],1,True,,37.59,2,Friday,1188
T0000464,1985065.2143412631.1726616551,1985065.2143412631,2024-09-17 23:39:42.053683,2024-09-17,mobile,United States,google,organic,(organic),Organic Search,75.14,75.14,3.0,3,3,['Accessories' 'Office' 'Stationery'],1,True,,25.05,23,Tuesday,1189
T0000221,3630940.6680657250.1726020221,3630940.6680657250,2024-09-11 01:58:12.091977,2024-09-11,desktop,United States,google,cpc,shopping_feed,Paid,75.03,75.03,2.0,2,2,['Accessories' 'Lifestyle'],1,True,,37.52,1,Wednesday,1190
T0001392,1368115.2820102673.1728671942,1368115.2820102673,2024-10-11 18:49:32.377628,2024-10-11,mobile,Germany,(direct),(none),(direct),Direct,75.0,75.0,2.0,2,2,['Apparel' 'Office'],1,True,,37.5,18,Friday,1191
T0003869,2959826.9639003488.1732696568,2959826.9639003488,2024-11-27 08:39:53.115444,2024-11-27,desktop,Brazil,(direct),(none),(direct),Direct,74.94,74.94,4.0,3,3,['Apparel' 'Drinkware' 'Stationery'],2,False,24,18.74,8,Wednesday,1192
T0001557,4082360.3730955374.1729004062,4082360.3730955374,2024-10-15 14:57:01.160477,2024-10-15,desktop,United States,google,organic,(organic),Organic Search,74.88,74.88,2.0,2,2,['Bags' 'Headgear'],1,True,,37.44,14,Tuesday,1193
T0003816,3514162.3021119298.1732660203,3514162.3021119298,2024-11-26 22:42:20.499307,2024-11-26,mobile,Singapore,newsletter,email,weekly_drop,Email,74.8,74.8,3.0,2,2,['Accessories' 'Lifestyle'],1,True,,24.93,22,Tuesday,1194
T0004412,6824670.8454942589.1732972947,6824670.8454942589,2024-11-30 13:36:21.060373,2024-11-30,mobile,Germany,newsletter,email,weekly_drop,Email,74.73,74.73,3.0,2,1,['Apparel'],2,False,2,24.91,13,Saturday,1195
T0001708,6253535.2106776193.1729271817,6253535.2106776193,2024-10-18 17:09:02.035536,2024-10-18,desktop,United States,(direct),(none),(direct),Direct,74.69,74.69,3.0,3,3,['Accessories' 'Headgear' 'Lifestyle'],1,True,,24.9,17,Friday,1196
T0000477,3290228.9663171677.1726670362,3290228.9663171677,2024-09-18 14:48:52.651483,2024-09-18,desktop,United States,(direct),(none),(direct),Direct,74.64,74.64,3.0,2,2,['Accessories' 'Apparel'],1,True,,24.88,14,Wednesday,1197
T0001876,5700457.5376278657.1729611466,5700457.5376278657,2024-10-22 15:47:34.435535,2024-10-22,desktop,Canada,google,organic,(organic),Organic Search,74.6,74.6,3.0,2,2,['Accessories' 'Electronics'],2,False,5,24.87,15,Tuesday,1198
T0000286,7745906.8926492165.1726194459,7745906.8926492165,2024-09-13 02:35:08.073665,2024-09-13,mobile,Canada,google,cpc,shopping_feed,Paid,74.52,74.52,3.0,2,2,['Accessories' 'Lifestyle'],1,True,,24.84,2,Friday,1199
T0000220,2458532.2549019171.1726011162,2458532.2549019171,2024-09-10 23:46:39.403847,2024-09-10,desktop,United States,google,cpc,shopping_feed,Paid,74.52,74.52,3.0,2,2,['Accessories' 'Lifestyle'],1,True,,24.84,23,Tuesday,1199
T0000474,7474104.3149382205.1726662600,7474104.3149382205,2024-09-18 12:43:39.728510,2024-09-18,desktop,Japan,google,cpc,brand_search,Paid,74.48,74.48,4.0,1,1,['Lifestyle'],2,False,7,18.62,12,Wednesday,1200
T0000278,6433578.1791872023.1726168217,6433578.1791872023,2024-09-12 19:17:27.200216,2024-09-12,desktop,United States,youtube.com,referral,(referral),Referral,74.39,74.39,1.0,1,1,['Electronics'],1,True,,74.39,19,Thursday,1201
T0000536,1549189.9911910064.1726788671,1549189.9911910064,2024-09-19 23:41:46.519115,2024-09-19,mobile,Japan,google,cpc,shopping_feed,Paid,74.39,74.39,1.0,1,1,['Electronics'],1,True,,74.39,23,Thursday,1201
T0000375,3106082.3800056958.1726426125,3106082.3800056958,2024-09-15 19:12:45.075633,2024-09-15,tablet,Brazil,(direct),(none),(direct),Direct,74.39,74.39,1.0,1,1,['Electronics'],1,True,,74.39,19,Sunday,1201
T0001357,3781540.6359432826.1728590162,3781540.6359432826,2024-10-10 19:49:52.720335,2024-10-10,mobile,Germany,(direct),(none),(direct),Direct,74.39,74.39,1.0,1,1,['Electronics'],1,True,,74.39,19,Thursday,1201
T0003846,4726843.5175019525.1732675339,4726843.5175019525,2024-11-27 02:53:45.492163,2024-11-27,mobile,Japan,google,cpc,shopping_feed,Paid,74.37,74.37,3.0,3,2,['Accessories' 'Drinkware'],1,True,,24.79,2,Wednesday,1202
T0001368,3085985.6404123225.1728633580,3085985.6404123225,2024-10-11 07:54:31.875383,2024-10-11,desktop,United States,google,cpc,brand_search,Paid,74.34,74.34,3.0,3,3,['Apparel' 'Drinkware' 'Lifestyle'],2,False,3,24.78,7,Friday,1203
T0001768,5265404.2406422191.1729375214,5265404.2406422191,2024-10-19 22:01:29.014923,2024-10-19,desktop,Mexico,youtube.com,referral,(referral),Referral,74.34,74.34,3.0,2,2,['Accessories' 'Drinkware'],1,True,,24.78,22,Saturday,1203
T0002955,1887012.7381026326.1731453924,1887012.7381026326,2024-11-12 23:28:19.507367,2024-11-12,desktop,India,google,organic,(organic),Organic Search,74.29,74.29,2.0,2,2,['Bags' 'Headgear'],1,True,,37.15,23,Tuesday,1204
T0002998,8744767.6429392807.1731531815,8744767.6429392807,2024-11-13 21:11:32.330345,2024-11-13,tablet,United States,google,cpc,shopping_feed,Paid,74.25,74.25,3.0,2,2,['Apparel' 'Office'],1,True,,24.75,21,Wednesday,1205
T0001283,1494715.8948134979.1728425081,1494715.8948134979,2024-10-08 22:01:30.514298,2024-10-08,desktop,Japan,google,cpc,brand_search,Paid,74.18,74.18,3.0,3,3,['Accessories' 'Apparel' 'Drinkware'],1,True,,24.73,22,Tuesday,1206
T0000680,3082341.7428409029.1727116729,3082341.7428409029,2024-09-23 18:53:25.887048,2024-09-23,mobile,United States,newsletter,email,weekly_drop,Email,74.16,74.16,2.0,2,2,['Apparel' 'Lifestyle'],1,True,,37.08,18,Monday,1207
T0003893,6266228.8247256508.1732712081,6266228.8247256508,2024-11-27 13:03:18.437505,2024-11-27,tablet,Singapore,(direct),(none),(direct),Direct,74.04,74.04,3.0,3,2,['Accessories' 'Apparel'],1,True,,24.68,13,Wednesday,1208
T0001787,2877455.6905142362.1729430196,2877455.6905142362,2024-10-20 13:13:46.152075,2024-10-20,desktop,India,google,organic,(organic),Organic Search,74.02,74.02,2.0,2,2,['Apparel' 'Office'],1,True,,37.01,13,Sunday,1209
T0001591,6368052.1145185117.1729079084,6368052.1145185117,2024-10-16 11:53:36.148510,2024-10-16,desktop,Canada,google,cpc,brand_search,Paid,73.93,73.93,2.0,2,2,['Bags' 'Drinkware'],1,True,,36.97,11,Wednesday,1210
T0000975,8417071.3966214597.1727732556,8417071.3966214597,2024-09-30 21:47:21.355585,2024-09-30,mobile,Japan,google,organic,(organic),Organic Search,73.93,73.93,2.0,2,2,['Accessories' 'Office'],1,True,,36.97,21,Monday,1210
T0001958,1206232.5832475038.1729724182,1206232.5832475038,2024-10-23 23:08:49.998612,2024-10-23,mobile,Japan,google,organic,(organic),Organic Search,73.87,73.87,3.0,3,2,['Apparel' 'Drinkware'],1,True,,24.62,23,Wednesday,1211
T0000835,2477001.7394839357.1727445890,2477001.7394839357,2024-09-27 14:07:16.198835,2024-09-27,mobile,France,(direct),(none),(direct),Direct,73.84,73.84,2.0,1,1,['Apparel'],1,True,,36.92,14,Friday,1212
T0001401,5357671.2007245050.1728683931,5357671.2007245050,2024-10-11 21:59:11.369267,2024-10-11,desktop,Japan,google,cpc,shopping_feed,Paid,73.84,73.84,2.0,1,1,['Apparel'],1,True,,36.92,21,Friday,1212
T0003997,3104318.6969805970.1732764502,3104318.6969805970,2024-11-28 03:37:31.890379,2024-11-28,desktop,United States,(direct),(none),(direct),Direct,73.84,73.84,2.0,1,1,['Apparel'],1,True,,36.92,3,Thursday,1212
T0002046,6563169.5363415559.1729889461,6563169.5363415559,2024-10-25 20:49:20.503878,2024-10-25,mobile,India,google,organic,(organic),Organic Search,73.76,73.76,2.0,2,1,['Apparel'],1,True,,36.88,20,Friday,1213
T0000982,7198577.7890015955.1727750596,7198577.7890015955,2024-10-01 02:45:41.179345,2024-10-01,desktop,Australia,(direct),(none),(direct),Direct,73.76,73.76,2.0,2,1,['Apparel'],1,True,,36.88,2,Tuesday,1213
T0001686,9422613.7972356139.1729226387,9422613.7972356139,2024-10-18 04:51:46.312081,2024-10-18,mobile,United States,(direct),(none),(direct),Direct,73.72,73.72,3.0,2,2,['Accessories' 'Headgear'],1,True,,24.57,4,Friday,1214
T0001269,5581791.7464449923.1728408031,5581791.7464449923,2024-10-08 17:34:37.446570,2024-10-08,mobile,Singapore,google,cpc,shopping_feed,Paid,73.64,73.64,3.0,2,2,['Apparel' 'Headgear'],1,True,,24.55,17,Tuesday,1215
T0000760,1917517.6410521430.1727273892,1917517.6410521430,2024-09-25 14:22:19.959514,2024-09-25,tablet,Mexico,google,cpc,shopping_feed,Paid,73.62,73.62,3.0,3,3,['Accessories' 'Apparel' 'Headgear'],1,True,,24.54,14,Wednesday,1216
T0003196,6459139.4129968136.1731907509,6459139.4129968136,2024-11-18 05:46:04.608377,2024-11-18,desktop,United States,google,cpc,brand_search,Paid,73.56,73.56,1.0,1,1,['Apparel'],1,True,,73.56,5,Monday,1217
T0001282,3153870.9612710052.1728423580,3153870.9612710052,2024-10-08 21:47:56.797119,2024-10-08,mobile,United States,facebook,paid_social,prospecting_broad,Paid,73.56,73.56,1.0,1,1,['Apparel'],1,True,,73.56,21,Tuesday,1217
T0000889,6947784.8495576068.1727548000,6947784.8495576068,2024-09-28 18:37:12.044479,2024-09-28,mobile,United Kingdom,youtube.com,referral,(referral),Referral,73.56,73.56,1.0,1,1,['Apparel'],1,True,,73.56,18,Saturday,1217
T0001940,7117808.6348771442.1729701568,7117808.6348771442,2024-10-23 16:52:47.945944,2024-10-23,desktop,United States,youtube.com,referral,(referral),Referral,73.56,73.56,1.0,1,1,['Apparel'],1,True,,73.56,16,Wednesday,1217
T0001407,1309613.8394907214.1728686678,1309613.8394907214,2024-10-11 22:42:37.581068,2024-10-11,mobile,Canada,google,organic,(organic),Organic Search,73.56,73.56,1.0,1,1,['Apparel'],1,True,,73.56,22,Friday,1217
T0001720,5262525.5168070545.1729284682,5262525.5168070545,2024-10-18 20:53:08.983372,2024-10-18,tablet,United States,(direct),(none),(direct),Direct,73.56,73.56,1.0,1,1,['Apparel'],1,True,,73.56,20,Friday,1217
T0003947,3033576.6417301681.1732736995,3033576.6417301681,2024-11-27 20:00:47.020944,2024-11-27,desktop,United States,facebook,paid_social,prospecting_broad,Paid,73.56,73.56,1.0,1,1,['Apparel'],1,True,,73.56,20,Wednesday,1217
T0003929,5460736.2311953601.1732730591,5460736.2311953601,2024-11-27 18:00:10.395528,2024-11-27,mobile,Germany,(direct),(none),(direct),Direct,73.56,73.56,3.0,3,1,['Accessories'],1,True,,24.52,18,Wednesday,1217
T0003839,2790205.6866216432.1732667317,2790205.6866216432,2024-11-27 00:36:26.043755,2024-11-27,mobile,Canada,(direct),(none),(direct),Direct,73.56,73.56,1.0,1,1,['Apparel'],1,True,,73.56,0,Wednesday,1217
T0002587,2501674.9109469253.1730815491,2501674.9109469253,2024-11-05 14:07:58.782217,2024-11-05,desktop,United Kingdom,newsletter,email,weekly_drop,Email,73.56,73.56,1.0,1,1,['Apparel'],2,False,37,73.56,14,Tuesday,1217
T0000358,1958350.3194063152.1726396448,1958350.3194063152,2024-09-15 10:41:12.577538,2024-09-15,mobile,United States,google,organic,(organic),Organic Search,73.56,73.56,1.0,1,1,['Apparel'],1,True,,73.56,10,Sunday,1217
T0003861,3628319.8386234874.1732686774,3628319.8386234874,2024-11-27 06:07:03.977643,2024-11-27,desktop,India,google,organic,(organic),Organic Search,73.56,73.56,1.0,1,1,['Apparel'],1,True,,73.56,6,Wednesday,1217
T0002066,8899603.8139384904.1729937325,8899603.8139384904,2024-10-26 10:12:57.817197,2024-10-26,mobile,United States,google,cpc,shopping_feed,Paid,73.56,73.56,1.0,1,1,['Apparel'],1,True,,73.56,10,Saturday,1217
T0003878,4081774.1898143837.1732704108,4081774.1898143837,2024-11-27 10:37:30.463483,2024-11-27,tablet,United States,newsletter,email,weekly_drop,Email,73.42,73.42,3.0,2,1,['Accessories'],1,True,,24.47,10,Wednesday,1218
T0003462,7978786.2288878814.1732367645,7978786.2288878814,2024-11-23 13:04:24.210038,2024-11-23,desktop,Australia,(direct),(none),(direct),Direct,73.27,73.27,1.0,1,1,['Apparel'],1,True,,73.27,13,Saturday,1219
T0001848,2316566.6626305620.1729562116,2316566.6626305620,2024-10-22 02:09:21.123934,2024-10-22,mobile,Canada,google,cpc,brand_search,Paid,73.27,73.27,1.0,1,1,['Apparel'],1,True,,73.27,2,Tuesday,1219
T0001525,7253426.7943906030.1728939263,7253426.7943906030,2024-10-14 20:50:05.360151,2024-10-14,desktop,United Kingdom,(direct),(none),(direct),Direct,73.27,73.27,1.0,1,1,['Apparel'],1,True,,73.27,20,Monday,1219
T0003546,8673435.3304453509.1732497120,8673435.3304453509,2024-11-25 01:08:24.176667,2024-11-25,desktop,United States,google,cpc,shopping_feed,Paid,73.27,73.27,1.0,1,1,['Apparel'],2,False,24,73.27,1,Monday,1219
T0003852,7927986.6743144842.1732682043,7927986.6743144842,2024-11-27 04:34:30.466123,2024-11-27,desktop,Brazil,newsletter,email,weekly_drop,Email,73.27,73.27,1.0,1,1,['Apparel'],1,True,,73.27,4,Wednesday,1219
T0001360,5052624.7976041929.1728590945,5052624.7976041929,2024-10-10 20:38:23.351965,2024-10-10,desktop,United States,(direct),(none),(direct),Direct,73.27,73.27,1.0,1,1,['Apparel'],1,True,,73.27,20,Thursday,1219
T0004323,6748441.8748034112.1732915393,6748441.8748034112,2024-11-29 21:23:13.928113,2024-11-29,desktop,Australia,google,organic,(organic),Organic Search,73.27,73.27,1.0,1,1,['Apparel'],1,True,,73.27,21,Friday,1219
T0003029,9786543.4287115447.1731599206,9786543.4287115447,2024-11-14 15:37:20.578431,2024-11-14,desktop,India,newsletter,email,weekly_drop,Email,73.2,73.2,2.0,2,2,['Bags' 'Stationery'],1,True,,36.6,15,Thursday,1220
T0002883,9660179.8240267165.1731324867,9660179.8240267165,2024-11-11 11:31:03.204313,2024-11-11,desktop,United States,google,cpc,shopping_feed,Paid,73.2,73.2,2.0,2,2,['Bags' 'Stationery'],1,True,,36.6,11,Monday,1220
T0000197,7757291.8431893596.1725964403,7757291.8431893596,2024-09-10 10:37:15.577405,2024-09-10,desktop,Japan,(direct),(none),(direct),Direct,73.2,73.2,2.0,2,2,['Bags' 'Stationery'],1,True,,36.6,10,Tuesday,1220
T0000042,8397040.6178551038.1725397912,8397040.6178551038,2024-09-03 21:08:38.637456,2024-09-03,tablet,United States,google,organic,(organic),Organic Search,73.17,73.17,3.0,3,2,['Accessories' 'Stationery'],1,True,,24.39,21,Tuesday,1221
T0002730,7817627.4941424013.1731072454,7817627.4941424013,2024-11-08 13:33:04.505573,2024-11-08,desktop,Canada,(direct),(none),(direct),Direct,73.04,73.04,3.0,2,2,['Apparel' 'Office'],1,True,,24.35,13,Friday,1222
T0004046,3715491.5255963076.1732795860,3715491.5255963076,2024-11-28 12:13:14.230134,2024-11-28,desktop,Canada,google,cpc,shopping_feed,Paid,73.04,73.04,3.0,3,3,['Apparel' 'Office' 'Stationery'],1,True,,24.35,12,Thursday,1222
T0001182,7135537.4190298674.1728218500,7135537.4190298674,2024-10-06 12:43:30.853845,2024-10-06,mobile,Germany,google,cpc,brand_search,Paid,72.95,72.95,2.0,2,1,['Apparel'],1,True,,36.48,12,Sunday,1223
T0004434,8547445.3102134924.1732985018,8547445.3102134924,2024-11-30 16:41:52.596610,2024-11-30,desktop,United States,google,organic,(organic),Organic Search,72.95,72.95,2.0,2,1,['Apparel'],1,True,,36.48,16,Saturday,1223
T0000565,2394980.6446439726.1726856475,2394980.6446439726,2024-09-20 18:33:33.849945,2024-09-20,desktop,India,(direct),(none),(direct),Direct,72.91,72.91,2.0,2,2,['Accessories' 'Apparel'],1,True,,36.46,18,Friday,1224
T0002803,7480318.2268611981.1731175181,7480318.2268611981,2024-11-09 18:11:47.793062,2024-11-09,mobile,United States,google,organic,(organic),Organic Search,72.72,72.72,3.0,2,1,['Accessories'],1,True,,24.24,18,Saturday,1225
T0002787,4968788.4771795258.1731160839,4968788.4771795258,2024-11-09 13:56:44.980563,2024-11-09,desktop,United States,(direct),(none),(direct),Direct,72.72,72.72,3.0,2,1,['Accessories'],2,False,4,24.24,13,Saturday,1225
T0002810,7826868.2691621233.1731187322,7826868.2691621233,2024-11-09 21:22:16.678490,2024-11-09,desktop,Canada,google,organic,(organic),Organic Search,72.71,72.71,3.0,2,2,['Headgear' 'Office'],1,True,,24.24,21,Saturday,1226
T0002806,8707969.1021761004.1731183313,8707969.1021761004,2024-11-09 20:15:48.582020,2024-11-09,desktop,United States,(direct),(none),(direct),Direct,72.69,72.69,4.0,3,3,['Drinkware' 'Office' 'Stationery'],1,True,,18.17,20,Saturday,1227
T0003099,1160035.3143393070.1731737475,1160035.3143393070,2024-11-16 06:16:21.934377,2024-11-16,desktop,Australia,google,cpc,shopping_feed,Paid,72.44,72.44,3.0,2,1,['Accessories'],1,True,,24.15,6,Saturday,1228
T0002628,9089678.5893420819.1730888001,9089678.5893420819,2024-11-06 10:14:13.652253,2024-11-06,mobile,United States,google,cpc,brand_search,Paid,72.42,72.42,3.0,2,2,['Apparel' 'Stationery'],1,True,,24.14,10,Wednesday,1229
T0002235,4381037.3421067417.1730223106,4381037.3421067417,2024-10-29 17:37:24.654205,2024-10-29,desktop,United States,newsletter,email,weekly_drop,Email,72.39,72.39,3.0,2,2,['Apparel' 'Drinkware'],1,True,,24.13,17,Tuesday,1230
T0003161,6686772.9764689977.1731846030,6686772.9764689977,2024-11-17 12:26:17.215279,2024-11-17,desktop,United States,google,cpc,brand_search,Paid,72.39,72.39,3.0,2,2,['Apparel' 'Drinkware'],1,True,,24.13,12,Sunday,1230
T0001959,1047044.6327286739.1729724578,1047044.6327286739,2024-10-23 23:10:36.114174,2024-10-23,desktop,United States,newsletter,email,weekly_drop,Email,72.32,72.32,4.0,2,2,['Accessories' 'Stationery'],1,True,,18.08,23,Wednesday,1231
T0000597,7351995.6053827646.1726936196,7351995.6053827646,2024-09-21 16:27:12.397712,2024-09-21,tablet,Canada,google,cpc,brand_search,Paid,72.32,72.32,3.0,3,3,['Accessories' 'Apparel' 'Headgear'],1,True,,24.11,16,Saturday,1231
T0003156,5894286.1462846405.1731838787,5894286.1462846405,2024-11-17 10:28:03.962289,2024-11-17,desktop,United States,(direct),(none),(direct),Direct,72.23,72.23,2.0,2,2,['Bags' 'Stationery'],1,True,,36.12,10,Sunday,1232
T0000414,2946610.2608543717.1726502771,2946610.2608543717,2024-09-16 16:08:39.343275,2024-09-16,desktop,United Kingdom,(direct),(none),(direct),Direct,71.98,71.98,1.0,1,1,['Bags'],1,True,,71.98,16,Monday,1233
T0004188,1310112.4581741589.1732847215,1310112.4581741589,2024-11-29 02:21:21.600864,2024-11-29,desktop,United States,(direct),(none),(direct),Direct,71.98,71.98,1.0,1,1,['Bags'],1,True,,71.98,2,Friday,1233
T0001783,7475957.1321510665.1729419387,7475957.1321510665,2024-10-20 10:07:42.539530,2024-10-20,mobile,United States,google,organic,(organic),Organic Search,71.98,71.98,1.0,1,1,['Bags'],1,True,,71.98,10,Sunday,1233
T0002074,7148509.5896154901.1729954495,7148509.5896154901,2024-10-26 14:53:09.154274,2024-10-26,desktop,India,(direct),(none),(direct),Direct,71.98,71.98,1.0,1,1,['Bags'],1,True,,71.98,14,Saturday,1233
T0001383,8560846.7353633797.1728659983,8560846.7353633797,2024-10-11 15:35:06.113673,2024-10-11,desktop,United States,google,organic,(organic),Organic Search,71.98,71.98,1.0,1,1,['Bags'],4,False,1,71.98,15,Friday,1233
T0002911,5849266.1829596858.1731361576,5849266.1829596858,2024-11-11 21:46:11.202905,2024-11-11,desktop,United Kingdom,google,organic,(organic),Organic Search,71.98,71.98,1.0,1,1,['Bags'],1,True,,71.98,21,Monday,1233
T0002360,3699690.6564288818.1730449434,3699690.6564288818,2024-11-01 08:20:16.824146,2024-11-01,desktop,Japan,google,organic,(organic),Organic Search,71.98,71.98,1.0,1,1,['Bags'],1,True,,71.98,8,Friday,1233
T0000852,2442912.6726588141.1727472678,2442912.6726588141,2024-09-27 21:37:44.535440,2024-09-27,desktop,Singapore,(direct),(none),(direct),Direct,71.98,71.98,1.0,1,1,['Bags'],2,False,8,71.98,21,Friday,1233
T0001355,6158744.3877362983.1728585674,6158744.3877362983,2024-10-10 18:37:06.997144,2024-10-10,desktop,India,google,cpc,shopping_feed,Paid,71.98,71.98,1.0,1,1,['Bags'],1,True,,71.98,18,Thursday,1233
T0000340,9377325.8026357288.1726340983,9377325.8026357288,2024-09-14 19:09:54.250663,2024-09-14,mobile,India,(direct),(none),(direct),Direct,71.98,71.98,1.0,1,1,['Bags'],1,True,,71.98,19,Saturday,1233
T0002093,2265672.5770033992.1729970913,2265672.5770033992,2024-10-26 19:31:43.540483,2024-10-26,mobile,Australia,google,organic,(organic),Organic Search,71.98,71.98,1.0,1,1,['Bags'],1,True,,71.98,19,Saturday,1233
T0003872,2861776.1783350271.1732698662,2861776.1783350271,2024-11-27 09:17:03.311817,2024-11-27,tablet,United Kingdom,google,cpc,brand_search,Paid,71.98,71.98,1.0,1,1,['Bags'],1,True,,71.98,9,Wednesday,1233
T0000172,7279440.1808110812.1725892013,7279440.1808110812,2024-09-09 14:35:17.435638,2024-09-09,mobile,United States,google,organic,(organic),Organic Search,71.98,71.98,1.0,1,1,['Bags'],1,True,,71.98,14,Monday,1233
T0001576,7421499.2044685661.1729030644,7421499.2044685661,2024-10-15 22:07:16.030566,2024-10-15,desktop,United States,google,cpc,shopping_feed,Paid,71.98,71.98,1.0,1,1,['Bags'],1,True,,71.98,22,Tuesday,1233
T0000773,3913532.7074874910.1727298068,3913532.7074874910,2024-09-25 21:07:15.149214,2024-09-25,desktop,United States,partners,affiliate,coupon_partners,Affiliate,71.98,71.98,1.0,1,1,['Bags'],1,True,,71.98,21,Wednesday,1233
T0001592,3736684.6170561350.1729080575,3736684.6170561350,2024-10-16 12:04:34.019095,2024-10-16,desktop,Netherlands,google,cpc,brand_search,Paid,71.98,71.98,1.0,1,1,['Bags'],1,True,,71.98,12,Wednesday,1233
T0003152,7310247.4070675593.1731835383,7310247.4070675593,2024-11-17 09:15:38.392176,2024-11-17,desktop,Singapore,(direct),(none),(direct),Direct,71.98,71.98,1.0,1,1,['Bags'],2,False,17,71.98,9,Sunday,1233
T0004163,7713228.8121298875.1732832213,7713228.8121298875,2024-11-28 22:27:47.410223,2024-11-28,mobile,France,(direct),(none),(direct),Direct,71.94,71.94,3.0,3,3,['Accessories' 'Apparel' 'Stationery'],1,True,,23.98,22,Thursday,1234
T0000134,7755104.1012393890.1725749157,7755104.1012393890,2024-09-07 22:47:34.893662,2024-09-07,desktop,India,(direct),(none),(direct),Direct,71.8,71.8,2.0,2,2,['Bags' 'Stationery'],1,True,,35.9,22,Saturday,1235
T0000718,1034555.3931896302.1727196313,1034555.3931896302,2024-09-24 16:43:40.456735,2024-09-24,mobile,Japan,(direct),(none),(direct),Direct,71.8,71.8,2.0,2,2,['Bags' 'Stationery'],1,True,,35.9,16,Tuesday,1235
T0001465,9490987.7570517198.1728847677,9490987.7570517198,2024-10-13 19:21:58.875309,2024-10-13,desktop,United States,google,organic,(organic),Organic Search,71.75,71.75,3.0,3,3,['Accessories' 'Electronics' 'Stationery'],1,True,,23.92,19,Sunday,1236
T0003705,9240563.2002202975.1732612321,9240563.2002202975,2024-11-26 09:08:01.048168,2024-11-26,mobile,United States,google,organic,(organic),Organic Search,71.67,71.67,3.0,2,2,['Apparel' 'Office'],1,True,,23.89,9,Tuesday,1237
T0000845,3503268.8638716037.1727462076,3503268.8638716037,2024-09-27 18:30:36.177913,2024-09-27,desktop,United States,google,organic,(organic),Organic Search,71.63,71.63,2.0,2,2,['Accessories' 'Apparel'],1,True,,35.82,18,Friday,1238
T0001722,5012613.1580754526.1729286925,5012613.1580754526,2024-10-18 21:30:24.844171,2024-10-18,mobile,Brazil,google,cpc,shopping_feed,Paid,71.63,71.63,2.0,2,2,['Accessories' 'Apparel'],1,True,,35.82,21,Friday,1238
T0001524,8628558.3005831545.1728938016,8628558.3005831545,2024-10-14 20:40:52.548125,2024-10-14,tablet,Singapore,(direct),(none),(direct),Direct,71.63,71.63,2.0,2,2,['Accessories' 'Apparel'],1,True,,35.82,20,Monday,1238
T0003127,6427356.6599591411.1731786855,6427356.6599591411,2024-11-16 20:00:38.927312,2024-11-16,desktop,Singapore,partners,affiliate,coupon_partners,Affiliate,71.61,71.61,4.0,3,3,['Accessories' 'Apparel' 'Headgear'],1,True,,17.9,20,Saturday,1239
T0003223,7563705.9400134579.1731958578,7563705.9400134579,2024-11-18 19:33:52.222777,2024-11-18,desktop,United States,(direct),(none),(direct),Direct,71.57,71.57,2.0,2,1,['Apparel'],1,True,,35.78,19,Monday,1240
T0001978,1099391.2488353230.1729783903,1099391.2488353230,2024-10-24 15:41:13.706871,2024-10-24,desktop,Germany,google,cpc,shopping_feed,Paid,71.57,71.57,2.0,2,1,['Apparel'],1,True,,35.78,15,Thursday,1240
T0000510,5930676.6777401805.1726750546,5930676.6777401805,2024-09-19 13:00:52.854791,2024-09-19,tablet,United States,google,organic,(organic),Organic Search,71.55,71.55,2.0,2,2,['Apparel' 'Office'],1,True,,35.78,13,Thursday,1241
T0002325,7590183.5902841150.1730389646,7590183.5902841150,2024-10-31 15:43:52.700049,2024-10-31,desktop,Germany,(direct),(none),(direct),Direct,71.5,71.5,4.0,3,3,['Bags' 'Drinkware' 'Office'],1,True,,17.88,15,Thursday,1242
T0002956,3993713.4340256092.1731454675,3993713.4340256092,2024-11-12 23:36:51.542707,2024-11-12,tablet,India,newsletter,email,weekly_drop,Email,71.49,71.49,1.0,1,1,['Lifestyle'],1,True,,71.49,23,Tuesday,1243
T0001851,7350552.8253012224.1729578028,7350552.8253012224,2024-10-22 06:26:15.996520,2024-10-22,desktop,Canada,google,cpc,brand_search,Paid,71.49,71.49,1.0,1,1,['Lifestyle'],1,True,,71.49,6,Tuesday,1243
T0003880,2709120.1092676727.1732704853,2709120.1092676727,2024-11-27 10:56:16.676581,2024-11-27,desktop,India,google,cpc,shopping_feed,Paid,71.49,71.49,2.0,2,2,['Accessories' 'Apparel'],1,True,,35.74,10,Wednesday,1243
T0003361,9469200.5954001072.1732196404,9469200.5954001072,2024-11-21 13:43:33.486431,2024-11-21,desktop,India,facebook,paid_social,prospecting_broad,Paid,71.49,71.49,1.0,1,1,['Lifestyle'],1,True,,71.49,13,Thursday,1243
T0003913,5824952.9216108680.1732721799,5824952.9216108680,2024-11-27 15:43:42.416099,2024-11-27,desktop,Canada,google,cpc,brand_search,Paid,71.49,71.49,2.0,2,2,['Accessories' 'Lifestyle'],1,True,,35.74,15,Wednesday,1243
T0002404,8759768.2618137997.1730502632,8759768.2618137997,2024-11-01 23:13:51.347503,2024-11-01,mobile,United States,(direct),(none),(direct),Direct,71.49,71.49,1.0,1,1,['Lifestyle'],1,True,,71.49,23,Friday,1243
T0003374,9088335.7431324728.1732212479,9088335.7431324728,2024-11-21 18:04:54.392830,2024-11-21,mobile,Germany,newsletter,email,weekly_drop,Email,71.46,71.46,4.0,3,2,['Accessories' 'Drinkware'],1,True,,17.86,18,Thursday,1244
T0001040,8308291.9136309922.1727876900,8308291.9136309922,2024-10-02 13:58:50.839084,2024-10-02,desktop,United States,google,organic,(organic),Organic Search,71.45,71.45,2.0,2,2,['Apparel' 'Drinkware'],1,True,,35.73,13,Wednesday,1245
T0002258,1171875.2206558240.1730279613,1171875.2206558240,2024-10-30 09:11:52.177174,2024-10-30,desktop,India,partners,affiliate,coupon_partners,Affiliate,71.43,71.43,3.0,2,2,['Accessories' 'Headgear'],1,True,,23.81,9,Wednesday,1246
T0000176,7225653.2991544709.1725899169,7225653.2991544709,2024-09-09 16:31:29.759714,2024-09-09,desktop,United Kingdom,(direct),(none),(direct),Direct,71.35,71.35,3.0,2,2,['Accessories' 'Drinkware'],1,True,,23.78,16,Monday,1247
T0000660,8512303.6611288759.1727071099,8512303.6611288759,2024-09-23 05:58:51.434342,2024-09-23,desktop,United States,(direct),(none),(direct),Direct,71.35,71.35,3.0,2,2,['Accessories' 'Drinkware'],1,True,,23.78,5,Monday,1247
T0000993,8093407.7957570086.1727777642,8093407.7957570086,2024-10-01 10:19:04.087038,2024-10-01,desktop,United States,google,organic,(organic),Organic Search,71.24,71.24,3.0,2,2,['Drinkware' 'Lifestyle'],1,True,,23.75,10,Tuesday,1248
T0003541,8002112.8784866611.1732490748,8002112.8784866611,2024-11-24 23:27:07.195659,2024-11-24,mobile,United States,youtube.com,referral,(referral),Referral,71.23,71.23,4.0,3,3,['Apparel' 'Drinkware' 'Headgear'],1,True,,17.81,23,Sunday,1249
T0003457,4347527.1416273175.1732354097,4347527.1416273175,2024-11-23 09:22:41.993814,2024-11-23,mobile,India,newsletter,email,weekly_drop,Email,71.2,71.2,4.0,3,3,['Apparel' 'Office' 'Stationery'],1,True,,17.8,9,Saturday,1250
T0000206,2742143.4428385972.1725990383,2742143.4428385972,2024-09-10 17:51:06.124837,2024-09-10,tablet,United States,(direct),(none),(direct),Direct,71.05,71.05,3.0,2,2,['Accessories' 'Stationery'],1,True,,23.68,17,Tuesday,1251
T0003681,1346897.9351340266.1732582174,1346897.9351340266,2024-11-26 00:53:40.269818,2024-11-26,desktop,United States,google,organic,(organic),Organic Search,71.0,71.0,3.0,2,2,['Accessories' 'Headgear'],1,True,,23.67,0,Tuesday,1252
T0002599,2536125.9851265323.1730833200,2536125.9851265323,2024-11-05 19:08:30.178801,2024-11-05,mobile,United States,google,organic,(organic),Organic Search,70.97,70.97,2.0,2,2,['Apparel' 'Lifestyle'],1,True,,35.49,19,Tuesday,1253
T0000910,2068058.7705184088.1727601225,2068058.7705184088,2024-09-29 09:23:45.401926,2024-09-29,mobile,Japan,google,cpc,shopping_feed,Paid,70.68,70.68,1.0,1,1,['Apparel'],1,True,,70.68,9,Sunday,1254
T0003084,6546705.6634345840.1731702397,6546705.6634345840,2024-11-15 20:55:24.171023,2024-11-15,desktop,United States,newsletter,email,weekly_drop,Email,70.68,70.68,1.0,1,1,['Apparel'],1,True,,70.68,20,Friday,1254
T0001522,8522772.2146485042.1728938058,8522772.2146485042,2024-10-14 20:38:42.186290,2024-10-14,mobile,Germany,google,cpc,shopping_feed,Paid,70.68,70.68,1.0,1,1,['Apparel'],1,True,,70.68,20,Monday,1254
T0003163,6071523.4699086980.1731848970,6071523.4699086980,2024-11-17 13:06:13.934022,2024-11-17,desktop,United States,(direct),(none),(direct),Direct,70.68,70.68,1.0,1,1,['Apparel'],1,True,,70.68,13,Sunday,1254
T0001047,1165548.7751268625.1727895696,1165548.7751268625,2024-10-02 18:53:52.165275,2024-10-02,desktop,Singapore,google,organic,(organic),Organic Search,70.68,70.68,1.0,1,1,['Apparel'],1,True,,70.68,18,Wednesday,1254
T0001738,9109990.1629149610.1729324410,9109990.1629149610,2024-10-19 07:45:45.531322,2024-10-19,mobile,Canada,newsletter,email,weekly_drop,Email,70.68,70.68,1.0,1,1,['Apparel'],1,True,,70.68,7,Saturday,1254
T0003159,2820551.5842642718.1731842511,2820551.5842642718,2024-11-17 11:42:50.855531,2024-11-17,mobile,Canada,newsletter,email,weekly_drop,Email,70.68,70.68,1.0,1,1,['Apparel'],1,True,,70.68,11,Sunday,1254
T0003637,1187124.6850420237.1732562642,1187124.6850420237,2024-11-25 19:17:06.539884,2024-11-25,mobile,United Kingdom,(direct),(none),(direct),Direct,70.68,70.68,1.0,1,1,['Apparel'],1,True,,70.68,19,Monday,1254
T0000746,1947956.2381336758.1727236428,1947956.2381336758,2024-09-25 03:50:55.799842,2024-09-25,desktop,India,(direct),(none),(direct),Direct,70.68,70.68,1.0,1,1,['Apparel'],1,True,,70.68,3,Wednesday,1254
T0003763,2871667.3418073687.1732636441,2871667.3418073687,2024-11-26 16:00:53.250309,2024-11-26,mobile,United States,partners,affiliate,coupon_partners,Affiliate,70.68,70.68,1.0,1,1,['Apparel'],3,False,5,70.68,16,Tuesday,1254
T0001179,6861574.6863751149.1728214035,6861574.6863751149,2024-10-06 11:29:12.130693,2024-10-06,desktop,United States,google,organic,(organic),Organic Search,70.62,70.62,3.0,2,2,['Accessories' 'Stationery'],1,True,,23.54,11,Sunday,1255
T0003975,6542124.8598403790.1732750610,6542124.8598403790,2024-11-27 23:36:25.706409,2024-11-27,mobile,Canada,(direct),(none),(direct),Direct,70.62,70.62,3.0,2,2,['Accessories' 'Stationery'],1,True,,23.54,23,Wednesday,1255
T0002850,3247176.4941089847.1731262826,3247176.4941089847,2024-11-10 18:31:50.045825,2024-11-10,mobile,United States,partners,affiliate,coupon_partners,Affiliate,70.62,70.62,3.0,2,2,['Accessories' 'Stationery'],1,True,,23.54,18,Sunday,1255
T0002044,3130226.6382524821.1729887052,3130226.6382524821,2024-10-25 20:12:26.034010,2024-10-25,desktop,United States,google,cpc,brand_search,Paid,70.55,70.55,3.0,3,2,['Accessories' 'Apparel'],1,True,,23.52,20,Friday,1256
T0001054,1868881.4931762381.1727909969,1868881.4931762381,2024-10-02 22:57:01.452646,2024-10-02,desktop,United States,google,organic,(organic),Organic Search,70.51,70.51,2.0,2,2,['Apparel' 'Drinkware'],1,True,,35.26,22,Wednesday,1257
T0001370,3718010.6545919709.1728638201,3718010.6545919709,2024-10-11 09:26:39.101560,2024-10-11,desktop,United States,google,organic,(organic),Organic Search,70.49,70.49,2.0,2,2,['Apparel' 'Bags'],1,True,,35.24,9,Friday,1258
T0003559,7533267.5312161591.1732508623,7533267.5312161591,2024-11-25 04:30:07.793670,2024-11-25,mobile,United Kingdom,google,cpc,shopping_feed,Paid,70.42,70.42,2.0,2,1,['Office'],1,True,,35.21,4,Monday,1259
T0002568,6461243.7248781613.1730772722,6461243.7248781613,2024-11-05 02:20:20.296223,2024-11-05,desktop,Germany,google,organic,(organic),Organic Search,70.34,70.34,3.0,2,2,['Accessories' 'Stationery'],1,True,,23.45,2,Tuesday,1260
T0002155,9071304.2455383283.1730068475,9071304.2455383283,2024-10-27 22:44:25.469322,2024-10-27,mobile,Mexico,google,cpc,brand_search,Paid,70.34,70.34,3.0,2,2,['Accessories' 'Stationery'],2,False,6,23.45,22,Sunday,1260
T0003334,8323786.5534710885.1732137499,8323786.5534710885,2024-11-20 21:28:23.800106,2024-11-20,mobile,Australia,google,organic,(organic),Organic Search,70.34,70.34,3.0,2,2,['Accessories' 'Stationery'],1,True,,23.45,21,Wednesday,1260
T0001261,1263622.8341676704.1728395318,1263622.8341676704,2024-10-08 13:45:20.812083,2024-10-08,desktop,United Kingdom,(direct),(none),(direct),Direct,70.32,70.32,3.0,2,2,['Bags' 'Office'],1,True,,23.44,13,Tuesday,1261
T0000609,4304503.4530493769.1726947399,4304503.4530493769,2024-09-21 19:40:03.687577,2024-09-21,tablet,United States,google,cpc,shopping_feed,Paid,70.25,70.25,2.0,2,2,['Accessories' 'Apparel'],1,True,,35.13,19,Saturday,1262
T0001810,5332635.9133052323.1729476697,5332635.9133052323,2024-10-21 02:18:50.035061,2024-10-21,desktop,United States,google,organic,(organic),Organic Search,70.2,70.2,2.0,1,1,['Accessories'],1,True,,35.1,2,Monday,1263
T0002379,9983948.4184724930.1730477628,9983948.4184724930,2024-11-01 16:25:26.659729,2024-11-01,desktop,United States,google,organic,(organic),Organic Search,70.2,70.2,2.0,1,1,['Accessories'],1,True,,35.1,16,Friday,1263
T0002837,9766036.5008631278.1731248002,9766036.5008631278,2024-11-10 14:07:07.418686,2024-11-10,desktop,United States,(direct),(none),(direct),Direct,70.18,70.18,3.0,2,2,['Accessories' 'Apparel'],1,True,,23.39,14,Sunday,1264
T0004259,4529539.2337782980.1732887734,4529539.2337782980,2024-11-29 13:56:29.786284,2024-11-29,desktop,Brazil,(direct),(none),(direct),Direct,70.14,70.14,3.0,2,2,['Accessories' 'Drinkware'],1,True,,23.38,13,Friday,1265
T0003080,4056337.8504341220.1731699254,4056337.8504341220,2024-11-15 19:34:03.756926,2024-11-15,desktop,United States,newsletter,email,weekly_drop,Email,70.11,70.11,2.0,2,2,['Accessories' 'Apparel'],1,True,,35.06,19,Friday,1266
T0001309,6174307.6880233466.1728484483,6174307.6880233466,2024-10-09 14:42:29.531116,2024-10-09,mobile,United States,google,organic,(organic),Organic Search,70.11,70.11,2.0,2,2,['Accessories' 'Apparel'],1,True,,35.06,14,Wednesday,1266
T0001857,6645285.9955973239.1729584001,6645285.9955973239,2024-10-22 08:03:48.605710,2024-10-22,mobile,India,(direct),(none),(direct),Direct,70.05,70.05,2.0,2,1,['Apparel'],1,True,,35.03,8,Tuesday,1267
T0003704,1203318.7928847963.1732611488,1203318.7928847963,2024-11-26 08:54:52.568981,2024-11-26,desktop,United States,(direct),(none),(direct),Direct,70.02,70.02,3.0,2,2,['Apparel' 'Lifestyle'],2,False,20,23.34,8,Tuesday,1268
T0002597,5624456.2682179605.1730831697,5624456.2682179605,2024-11-05 18:42:03.258527,2024-11-05,mobile,India,newsletter,email,weekly_drop,Email,69.97,69.97,3.0,2,1,['Apparel'],1,True,,23.32,18,Tuesday,1269
T0004064,2981406.6636992431.1732800595,2981406.6636992431,2024-11-28 13:31:09.829868,2024-11-28,mobile,United States,(direct),(none),(direct),Direct,69.85,69.85,2.0,2,2,['Apparel' 'Drinkware'],1,True,,34.92,13,Thursday,1270
T0002088,8252663.2811582497.1729968445,8252663.2811582497,2024-10-26 18:50:50.181775,2024-10-26,mobile,United Kingdom,newsletter,email,weekly_drop,Email,69.84,69.84,2.0,2,2,['Accessories' 'Apparel'],1,True,,34.92,18,Saturday,1271
T0001108,7267979.9691022281.1728056482,7267979.9691022281,2024-10-04 15:35:14.457320,2024-10-04,desktop,United States,(direct),(none),(direct),Direct,69.73,69.73,3.0,3,3,['Accessories' 'Apparel' 'Headgear'],1,True,,23.24,15,Friday,1272
T0001371,1553579.5946357327.1728639675,1553579.5946357327,2024-10-11 09:39:01.814209,2024-10-11,mobile,United Kingdom,(direct),(none),(direct),Direct,69.64,69.64,3.0,2,2,['Accessories' 'Office'],1,True,,23.21,9,Friday,1273
T0000986,3629355.1938450382.1727761419,3629355.1938450382,2024-10-01 05:41:47.633872,2024-10-01,mobile,United States,google,cpc,shopping_feed,Paid,69.6,69.6,4.0,3,3,['Apparel' 'Office' 'Stationery'],1,True,,17.4,5,Tuesday,1274
T0002213,9209439.9992834984.1730188513,9209439.9992834984,2024-10-29 08:03:48.799727,2024-10-29,mobile,France,partners,affiliate,coupon_partners,Affiliate,69.27,69.27,3.0,2,2,['Accessories' 'Headgear'],1,True,,23.09,8,Tuesday,1275
T0001011,1224746.1071285813.1727801151,1224746.1071285813,2024-10-01 16:46:01.370672,2024-10-01,mobile,United States,google,organic,(organic),Organic Search,69.17,69.17,3.0,2,2,['Accessories' 'Lifestyle'],1,True,,23.06,16,Tuesday,1276
T0002631,9603634.1470668289.1730893120,9603634.1470668289,2024-11-06 11:44:48.423062,2024-11-06,desktop,Netherlands,google,cpc,brand_search,Paid,69.1,69.1,2.0,2,1,['Accessories'],1,True,,34.55,11,Wednesday,1277
T0002200,3640845.3832742956.1730159279,3640845.3832742956,2024-10-28 23:52:02.524548,2024-10-28,desktop,United States,google,organic,(organic),Organic Search,68.9,68.9,3.0,3,3,['Accessories' 'Apparel' 'Office'],1,True,,22.97,23,Monday,1278
T0002595,8945319.3684423594.1730825310,8945319.3684423594,2024-11-05 16:57:23.928842,2024-11-05,desktop,Netherlands,google,organic,(organic),Organic Search,68.88,68.88,2.0,2,2,['Apparel' 'Drinkware'],1,True,,34.44,16,Tuesday,1279
T0002238,7210472.3698376544.1730228521,7210472.3698376544,2024-10-29 19:07:23.680728,2024-10-29,mobile,United States,google,cpc,brand_search,Paid,68.84,68.84,3.0,3,3,['Accessories' 'Drinkware' 'Stationery'],1,True,,22.95,19,Tuesday,1280
T0000956,8172830.5319743803.1727709337,8172830.5319743803,2024-09-30 15:22:44.996607,2024-09-30,mobile,United States,(direct),(none),(direct),Direct,68.83,68.83,3.0,2,2,['Apparel' 'Drinkware'],1,True,,22.94,15,Monday,1281
T0001556,3106599.1073096610.1729002861,3106599.1073096610,2024-10-15 14:45:50.496907,2024-10-15,desktop,United States,(direct),(none),(direct),Direct,68.83,68.83,3.0,2,2,['Apparel' 'Drinkware'],1,True,,22.94,14,Tuesday,1281
T0004378,4676953.5894312012.1732957506,4676953.5894312012,2024-11-30 09:13:35.551817,2024-11-30,desktop,Germany,google,organic,(organic),Organic Search,68.69,68.69,1.0,1,1,['Apparel'],1,True,,68.69,9,Saturday,1282
T0000812,9119889.1414247024.1727399331,9119889.1414247024,2024-09-27 01:03:10.968192,2024-09-27,desktop,United States,youtube.com,referral,(referral),Referral,68.69,68.69,1.0,1,1,['Apparel'],1,True,,68.69,1,Friday,1282
T0002973,1495549.2674574892.1731488386,1495549.2674574892,2024-11-13 09:08:06.572134,2024-11-13,desktop,United States,google,cpc,brand_search,Paid,68.69,68.69,1.0,1,1,['Apparel'],1,True,,68.69,9,Wednesday,1282
T0000768,9261857.1838149172.1727290867,9261857.1838149172,2024-09-25 19:06:45.076282,2024-09-25,desktop,United States,google,cpc,brand_search,Paid,68.69,68.69,1.0,1,1,['Apparel'],1,True,,68.69,19,Wednesday,1282
T0002282,4883857.8727736107.1730317393,4883857.8727736107,2024-10-30 19:34:26.835842,2024-10-30,desktop,United States,partners,affiliate,coupon_partners,Affiliate,68.69,68.69,1.0,1,1,['Apparel'],1,True,,68.69,19,Wednesday,1282
T0001014,1570228.9376798833.1727810027,1570228.9376798833,2024-10-01 19:22:24.483935,2024-10-01,desktop,Netherlands,google,organic,(organic),Organic Search,68.69,68.69,1.0,1,1,['Apparel'],1,True,,68.69,19,Tuesday,1282
T0003354,1062948.2900884586.1732188790,1062948.2900884586,2024-11-21 11:25:12.862930,2024-11-21,desktop,United States,google,organic,(organic),Organic Search,68.69,68.69,1.0,1,1,['Apparel'],1,True,,68.69,11,Thursday,1282
T0001603,6027502.5544044360.1729087055,6027502.5544044360,2024-10-16 14:07:53.207542,2024-10-16,mobile,Germany,youtube.com,referral,(referral),Referral,68.69,68.69,1.0,1,1,['Apparel'],1,True,,68.69,14,Wednesday,1282
T0002257,5323848.4876315184.1730275977,5323848.4876315184,2024-10-30 08:20:00.029739,2024-10-30,mobile,United States,google,cpc,brand_search,Paid,68.69,68.69,1.0,1,1,['Apparel'],1,True,,68.69,8,Wednesday,1282
T0000645,3521041.3707158617.1727032920,3521041.3707158617,2024-09-22 19:26:21.301216,2024-09-22,desktop,Japan,(direct),(none),(direct),Direct,68.69,68.69,1.0,1,1,['Apparel'],1,True,,68.69,19,Sunday,1282
T0001561,3427724.4548514814.1729008233,3427724.4548514814,2024-10-15 16:01:57.452455,2024-10-15,desktop,United States,google,organic,(organic),Organic Search,68.69,68.69,1.0,1,1,['Apparel'],1,True,,68.69,16,Tuesday,1282
T0001262,7777951.7802483152.1728395867,7777951.7802483152,2024-10-08 14:10:51.410062,2024-10-08,mobile,United States,(direct),(none),(direct),Direct,68.69,68.69,1.0,1,1,['Apparel'],1,True,,68.69,14,Tuesday,1282
T0002159,5014041.4520420173.1730076247,5014041.4520420173,2024-10-28 00:53:09.486228,2024-10-28,desktop,United Kingdom,newsletter,email,weekly_drop,Email,68.69,68.69,1.0,1,1,['Apparel'],1,True,,68.69,0,Monday,1282
T0001843,6644973.9233952945.1729551019,6644973.9233952945,2024-10-21 22:49:27.880816,2024-10-21,mobile,United States,facebook,paid_social,prospecting_broad,Paid,68.69,68.69,1.0,1,1,['Apparel'],1,True,,68.69,22,Monday,1282
T0002481,7962809.6938603771.1730630726,7962809.6938603771,2024-11-03 10:54:03.555108,2024-11-03,desktop,India,(direct),(none),(direct),Direct,68.69,68.69,1.0,1,1,['Apparel'],2,False,20,68.69,10,Sunday,1282
T0000334,9205992.8987953989.1726321282,9205992.8987953989,2024-09-14 13:42:12.532117,2024-09-14,desktop,United States,(direct),(none),(direct),Direct,68.69,68.69,1.0,1,1,['Apparel'],1,True,,68.69,13,Saturday,1282
T0000494,9757494.7335137900.1726705177,9757494.7335137900,2024-09-19 00:30:22.220051,2024-09-19,mobile,Japan,(direct),(none),(direct),Direct,68.69,68.69,1.0,1,1,['Apparel'],1,True,,68.69,0,Thursday,1282
T0001694,9619816.3215873192.1729256386,9619816.3215873192,2024-10-18 13:01:41.827704,2024-10-18,desktop,United States,(direct),(none),(direct),Direct,68.69,68.69,1.0,1,1,['Apparel'],1,True,,68.69,13,Friday,1282
T0002249,7890449.2441320771.1730245068,7890449.2441320771,2024-10-29 23:46:01.620122,2024-10-29,tablet,United States,google,cpc,brand_search,Paid,68.69,68.69,1.0,1,1,['Apparel'],1,True,,68.69,23,Tuesday,1282
T0004240,1569834.1354032567.1732879669,1569834.1354032567,2024-11-29 11:31:27.487827,2024-11-29,desktop,India,google,cpc,brand_search,Paid,68.69,68.69,1.0,1,1,['Apparel'],1,True,,68.69,11,Friday,1282
T0001085,9814073.9035766868.1727989704,9814073.9035766868,2024-10-03 20:58:51.490681,2024-10-03,desktop,United States,google,organic,(organic),Organic Search,68.69,68.69,1.0,1,1,['Apparel'],1,True,,68.69,20,Thursday,1282
T0001875,7395294.8339442478.1729611413,7395294.8339442478,2024-10-22 15:46:18.823234,2024-10-22,mobile,United States,google,cpc,brand_search,Paid,68.69,68.69,1.0,1,1,['Apparel'],1,True,,68.69,15,Tuesday,1282
T0000592,8317783.9093697093.1726932137,8317783.9093697093,2024-09-21 15:25:39.906834,2024-09-21,desktop,United States,google,organic,(organic),Organic Search,68.69,68.69,1.0,1,1,['Apparel'],1,True,,68.69,15,Saturday,1282
T0002970,2433222.5197192901.1731485928,2433222.5197192901,2024-11-13 08:26:39.229613,2024-11-13,desktop,United States,(direct),(none),(direct),Direct,68.69,68.69,1.0,1,1,['Apparel'],1,True,,68.69,8,Wednesday,1282
T0002344,3177706.4771455646.1730408031,3177706.4771455646,2024-10-31 20:58:02.603192,2024-10-31,mobile,United States,(direct),(none),(direct),Direct,68.44,68.44,2.0,2,2,['Apparel' 'Drinkware'],1,True,,34.22,20,Thursday,1283
T0003113,5611321.9174344081.1731762231,5611321.9174344081,2024-11-16 13:10:04.226080,2024-11-16,desktop,Japan,newsletter,email,weekly_drop,Email,68.43,68.43,2.0,2,2,['Apparel' 'Stationery'],1,True,,34.22,13,Saturday,1284
T0003453,9576022.6231994476.1732328810,9576022.6231994476,2024-11-23 02:44:28.259968,2024-11-23,desktop,United States,google,organic,(organic),Organic Search,68.43,68.43,2.0,2,2,['Apparel' 'Stationery'],1,True,,34.22,2,Saturday,1284
T0003778,8125669.9053144054.1732645311,8125669.9053144054,2024-11-26 18:25:40.927906,2024-11-26,desktop,Canada,google,cpc,shopping_feed,Paid,68.42,68.42,4.0,2,2,['Apparel' 'Stationery'],1,True,,17.11,18,Tuesday,1285
T0004086,2814366.8172205592.1732807848,2814366.8172205592,2024-11-28 15:34:14.324281,2024-11-28,desktop,United Kingdom,google,cpc,shopping_feed,Paid,68.42,68.42,4.0,2,2,['Apparel' 'Stationery'],1,True,,17.11,15,Thursday,1285
T0001433,7286201.4674314207.1728748841,7286201.4674314207,2024-10-12 16:00:05.376627,2024-10-12,mobile,United States,(direct),(none),(direct),Direct,68.36,68.36,4.0,2,1,['Accessories'],1,True,,17.09,16,Saturday,1286
T0003140,1268310.8931507312.1731800124,1268310.8931507312,2024-11-16 23:37:41.188969,2024-11-16,tablet,Germany,(direct),(none),(direct),Direct,68.26,68.26,2.0,2,2,['Accessories' 'Electronics'],1,True,,34.13,23,Saturday,1287
T0002606,1465494.7515159162.1730840866,1465494.7515159162,2024-11-05 21:11:55.242851,2024-11-05,desktop,Singapore,google,organic,(organic),Organic Search,68.24,68.24,2.0,2,2,['Apparel' 'Office'],1,True,,34.12,21,Tuesday,1288
T0004173,1669337.7284068781.1732837856,1669337.7284068781,2024-11-28 23:50:37.325549,2024-11-28,desktop,United States,(direct),(none),(direct),Direct,68.24,68.24,3.0,3,2,['Accessories' 'Drinkware'],1,True,,22.75,23,Thursday,1288
T0003388,2721010.5774115712.1732229176,2721010.5774115712,2024-11-21 22:46:40.865180,2024-11-21,mobile,Brazil,(direct),(none),(direct),Direct,68.19,68.19,3.0,3,2,['Apparel' 'Drinkware'],1,True,,22.73,22,Thursday,1289
T0004396,8610324.5226094699.1732969386,8610324.5226094699,2024-11-30 12:18:19.914757,2024-11-30,desktop,United States,google,cpc,shopping_feed,Paid,67.8,67.8,3.0,3,2,['Apparel' 'Lifestyle'],1,True,,22.6,12,Saturday,1290
T0003079,7969217.3871921043.1731696870,7969217.3871921043,2024-11-15 18:59:26.850733,2024-11-15,tablet,Australia,google,cpc,shopping_feed,Paid,67.76,67.76,3.0,3,1,['Apparel'],2,False,10,22.59,18,Friday,1291
T0002457,4090813.6632615390.1730590246,4090813.6632615390,2024-11-02 23:35:01.676969,2024-11-02,mobile,United Kingdom,google,cpc,shopping_feed,Paid,67.73,67.73,2.0,2,2,['Lifestyle' 'Stationery'],1,True,,33.87,23,Saturday,1292
T0000591,8639798.7440919351.1726931446,8639798.7440919351,2024-09-21 15:19:24.865629,2024-09-21,mobile,Australia,google,cpc,shopping_feed,Paid,67.71,67.71,3.0,2,2,['Office' 'Stationery'],1,True,,22.57,15,Saturday,1293
T0003355,2626802.7075109859.1732188787,2626802.7075109859,2024-11-21 11:30:17.180214,2024-11-21,mobile,United States,(direct),(none),(direct),Direct,67.63,67.63,3.0,2,2,['Accessories' 'Apparel'],1,True,,22.54,11,Thursday,1294
T0000304,3317626.2427033001.1726237542,3317626.2427033001,2024-09-13 14:23:25.005578,2024-09-13,desktop,United States,google,organic,(organic),Organic Search,67.63,67.63,3.0,2,2,['Accessories' 'Apparel'],1,True,,22.54,14,Friday,1294
T0002356,1041572.3920704312.1730436698,1041572.3920704312,2024-11-01 04:59:09.374885,2024-11-01,mobile,United States,google,cpc,shopping_feed,Paid,67.63,67.63,3.0,2,2,['Accessories' 'Apparel'],1,True,,22.54,4,Friday,1294
T0003190,7870383.1351446247.1731886670,7870383.1351446247,2024-11-17 23:42:33.478126,2024-11-17,desktop,United Kingdom,google,cpc,shopping_feed,Paid,67.63,67.63,3.0,2,2,['Accessories' 'Apparel'],1,True,,22.54,23,Sunday,1294
T0002381,8978087.6308971397.1730482436,8978087.6308971397,2024-11-01 17:40:02.112770,2024-11-01,desktop,United States,google,organic,(organic),Organic Search,67.63,67.63,3.0,2,2,['Accessories' 'Apparel'],1,True,,22.54,17,Friday,1294
T0000327,8211410.7956564695.1726307299,8211410.7956564695,2024-09-14 10:04:41.221301,2024-09-14,desktop,United States,google,cpc,brand_search,Paid,67.63,67.63,3.0,2,2,['Accessories' 'Apparel'],1,True,,22.54,10,Saturday,1294
T0002982,2716480.6180892649.1731507155,2716480.6180892649,2024-11-13 14:12:43.158075,2024-11-13,mobile,Germany,google,cpc,shopping_feed,Paid,67.63,67.63,3.0,2,2,['Accessories' 'Apparel'],1,True,,22.54,14,Wednesday,1294
T0004401,2061036.3245556750.1732970831,2061036.3245556750,2024-11-30 12:42:25.675877,2024-11-30,desktop,United States,(direct),(none),(direct),Direct,67.63,67.63,3.0,2,2,['Accessories' 'Apparel'],1,True,,22.54,12,Saturday,1294
T0003607,3553304.8783765988.1732545525,3553304.8783765988,2024-11-25 14:57:47.628742,2024-11-25,desktop,United Kingdom,google,cpc,shopping_feed,Paid,67.6,67.6,3.0,3,3,['Accessories' 'Apparel' 'Stationery'],1,True,,22.53,14,Monday,1295
T0003425,3753902.6718628727.1732291224,3753902.6718628727,2024-11-22 16:08:14.931556,2024-11-22,mobile,United States,google,organic,(organic),Organic Search,67.49,67.49,3.0,2,2,['Accessories' 'Apparel'],1,True,,22.5,16,Friday,1296
T0001970,9152916.4979920488.1729761832,9152916.4979920488,2024-10-24 09:31:35.961308,2024-10-24,desktop,United States,google,cpc,brand_search,Paid,67.49,67.49,3.0,2,2,['Accessories' 'Apparel'],1,True,,22.5,9,Thursday,1296
T0004318,5476683.8424583398.1732913463,5476683.8424583398,2024-11-29 20:46:34.810504,2024-11-29,mobile,United States,google,cpc,shopping_feed,Paid,67.43,67.43,3.0,2,2,['Office' 'Stationery'],1,True,,22.48,20,Friday,1297
T0003429,3679432.8043997874.1732299134,3679432.8043997874,2024-11-22 18:04:51.428047,2024-11-22,desktop,United States,google,cpc,brand_search,Paid,67.41,67.41,3.0,3,3,['Accessories' 'Apparel' 'Office'],1,True,,22.47,18,Friday,1298
T0003991,7745433.5354207442.1732760657,7745433.5354207442,2024-11-28 02:22:44.357046,2024-11-28,desktop,Japan,google,cpc,brand_search,Paid,67.37,67.37,3.0,3,3,['Drinkware' 'Headgear' 'Stationery'],1,True,,22.46,2,Thursday,1299
T0003693,2732842.3631035992.1732595127,2732842.3631035992,2024-11-26 04:18:42.883729,2024-11-26,mobile,United States,partners,affiliate,coupon_partners,Affiliate,67.34,67.34,5.0,3,3,['Accessories' 'Drinkware' 'Stationery'],1,True,,13.47,4,Tuesday,1300
T0001960,2430891.7986083188.1729725024,2430891.7986083188,2024-10-23 23:14:06.339714,2024-10-23,mobile,United Kingdom,google,cpc,shopping_feed,Paid,67.29,67.29,3.0,3,2,['Accessories' 'Apparel'],1,True,,22.43,23,Wednesday,1301
T0004235,8275945.1429309680.1732878461,8275945.1429309680,2024-11-29 11:09:41.657727,2024-11-29,desktop,Germany,google,organic,(organic),Organic Search,67.02,67.02,3.0,2,1,['Apparel'],2,False,16,22.34,11,Friday,1302
T0004062,3189441.1794422933.1732800476,3189441.1794422933,2024-11-28 13:24:27.710440,2024-11-28,mobile,United States,youtube.com,referral,(referral),Referral,67.0,67.0,2.0,1,1,['Accessories'],1,True,,33.5,13,Thursday,1303
T0000625,9710967.6177726685.1726983056,9710967.6177726685,2024-09-22 05:49:26.032732,2024-09-22,desktop,United States,(direct),(none),(direct),Direct,66.92,66.92,2.0,2,2,['Accessories' 'Office'],1,True,,33.46,5,Sunday,1304
T0000323,8660785.6194334781.1726290730,8660785.6194334781,2024-09-14 05:08:03.718097,2024-09-14,mobile,United States,google,cpc,brand_search,Paid,66.92,66.92,2.0,2,2,['Accessories' 'Office'],1,True,,33.46,5,Saturday,1304
T0002020,2026444.8445217527.1729844710,2026444.8445217527,2024-10-25 08:28:57.244035,2024-10-25,desktop,United States,google,cpc,brand_search,Paid,66.92,66.92,2.0,2,2,['Accessories' 'Office'],1,True,,33.46,8,Friday,1304
T0003838,9257211.8201619779.1732666069,9257211.8201619779,2024-11-27 00:15:12.072773,2024-11-27,desktop,Canada,facebook,paid_social,prospecting_broad,Paid,66.92,66.92,2.0,2,2,['Accessories' 'Office'],1,True,,33.46,0,Wednesday,1304
T0000558,6377410.4618138216.1726845640,6377410.4618138216,2024-09-20 15:27:50.921566,2024-09-20,mobile,India,google,cpc,brand_search,Paid,66.88,66.88,3.0,2,2,['Accessories' 'Apparel'],1,True,,22.29,15,Friday,1305
T0000243,1350334.8755402966.1726079318,1350334.8755402966,2024-09-11 18:30:14.965041,2024-09-11,tablet,Singapore,newsletter,email,weekly_drop,Email,66.78,66.78,2.0,2,2,['Accessories' 'Office'],1,True,,33.39,18,Wednesday,1306
T0000514,2646375.8793199634.1726756369,2646375.8793199634,2024-09-19 14:28:22.143131,2024-09-19,desktop,United States,google,cpc,brand_search,Paid,66.78,66.78,2.0,1,1,['Accessories'],2,False,4,33.39,14,Thursday,1306
T0001985,9913581.8314265174.1729789798,9913581.8314265174,2024-10-24 17:18:44.972896,2024-10-24,mobile,Mexico,google,cpc,brand_search,Paid,66.78,66.78,2.0,1,1,['Accessories'],1,True,,33.39,17,Thursday,1306
T0004461,7611491.3686730219.1732998188,7611491.3686730219,2024-11-30 20:20:35.613345,2024-11-30,mobile,Canada,google,organic,(organic),Organic Search,66.78,66.78,2.0,2,2,['Accessories' 'Office'],1,True,,33.39,20,Saturday,1306
T0003990,3796162.5912093177.1732757947,3796162.5912093177,2024-11-28 01:39:28.275357,2024-11-28,mobile,Canada,(direct),(none),(direct),Direct,66.66,66.66,1.0,1,1,['Apparel'],1,True,,66.66,1,Thursday,1307
T0003646,4223948.5539415020.1732565723,4223948.5539415020,2024-11-25 20:19:33.103361,2024-11-25,mobile,United States,google,cpc,brand_search,Paid,66.66,66.66,1.0,1,1,['Apparel'],1,True,,66.66,20,Monday,1307
T0001790,5319584.4237154421.1729437594,5319584.4237154421,2024-10-20 15:28:33.263491,2024-10-20,mobile,United States,google,organic,(organic),Organic Search,66.66,66.66,1.0,1,1,['Apparel'],1,True,,66.66,15,Sunday,1307
T0003807,5389277.6825580371.1732657880,5389277.6825580371,2024-11-26 22:04:32.224876,2024-11-26,desktop,Canada,google,organic,(organic),Organic Search,66.66,66.66,1.0,1,1,['Apparel'],1,True,,66.66,22,Tuesday,1307
T0001818,2166741.8140624044.1729508361,2166741.8140624044,2024-10-21 11:17:50.403044,2024-10-21,desktop,United States,(direct),(none),(direct),Direct,66.66,66.66,1.0,1,1,['Apparel'],1,True,,66.66,11,Monday,1307
T0001776,2172732.7423875788.1729392598,2172732.7423875788,2024-10-20 02:55:13.112804,2024-10-20,mobile,United Kingdom,google,organic,(organic),Organic Search,66.66,66.66,1.0,1,1,['Apparel'],1,True,,66.66,2,Sunday,1307
T0001743,9681009.8465601878.1729336698,9681009.8465601878,2024-10-19 11:10:25.300323,2024-10-19,desktop,United States,google,organic,(organic),Organic Search,66.66,66.66,1.0,1,1,['Apparel'],1,True,,66.66,11,Saturday,1307
T0000554,4929228.3285294991.1726838377,4929228.3285294991,2024-09-20 13:26:41.452417,2024-09-20,desktop,India,google,cpc,brand_search,Paid,66.66,66.66,1.0,1,1,['Apparel'],1,True,,66.66,13,Friday,1307
T0004165,4404059.6978123248.1732833398,4404059.6978123248,2024-11-28 22:43:44.286825,2024-11-28,mobile,United States,google,organic,(organic),Organic Search,66.66,66.66,1.0,1,1,['Apparel'],1,True,,66.66,22,Thursday,1307
T0002798,7663176.4099349628.1731171395,7663176.4099349628,2024-11-09 17:05:49.102404,2024-11-09,desktop,United States,google,organic,(organic),Organic Search,66.66,66.66,1.0,1,1,['Apparel'],1,True,,66.66,17,Saturday,1307
T0003103,6167697.5716594030.1731748406,6167697.5716594030,2024-11-16 09:17:50.344800,2024-11-16,desktop,Germany,google,cpc,brand_search,Paid,66.66,66.66,1.0,1,1,['Apparel'],1,True,,66.66,9,Saturday,1307
T0002391,7364108.5121680465.1730492026,7364108.5121680465,2024-11-01 20:13:38.480280,2024-11-01,mobile,United States,google,organic,(organic),Organic Search,66.66,66.66,1.0,1,1,['Apparel'],1,True,,66.66,20,Friday,1307
T0001091,3591731.1169534493.1727997434,3591731.1169534493,2024-10-03 23:07:57.501459,2024-10-03,mobile,United States,newsletter,email,weekly_drop,Email,66.66,66.66,1.0,1,1,['Apparel'],1,True,,66.66,23,Thursday,1307
T0003116,5216004.1899473211.1731767690,5216004.1899473211,2024-11-16 14:35:15.209521,2024-11-16,desktop,Netherlands,google,organic,(organic),Organic Search,66.65,66.65,3.0,2,2,['Apparel' 'Lifestyle'],1,True,,22.22,14,Saturday,1308
T0002160,1135717.4996671885.1730079927,1135717.4996671885,2024-10-28 01:44:50.537257,2024-10-28,desktop,United States,google,cpc,brand_search,Paid,66.65,66.65,3.0,2,2,['Apparel' 'Lifestyle'],1,True,,22.22,1,Monday,1308
T0000231,1404063.4343821914.1726052353,1404063.4343821914,2024-09-11 10:58:12.945711,2024-09-11,mobile,Netherlands,google,organic,(organic),Organic Search,66.49,66.49,4.0,2,2,['Lifestyle' 'Stationery'],1,True,,16.62,10,Wednesday,1309
T0002696,1751270.6739000964.1731001844,1751270.6739000964,2024-11-07 17:55:17.825827,2024-11-07,mobile,United Kingdom,newsletter,email,weekly_drop,Email,66.48,66.48,3.0,3,3,['Accessories' 'Apparel' 'Lifestyle'],1,True,,22.16,17,Thursday,1310
T0002087,4785559.3089890642.1729967938,4785559.3089890642,2024-10-26 18:46:28.594844,2024-10-26,desktop,United States,(direct),(none),(direct),Direct,66.41,66.41,3.0,3,3,['Accessories' 'Apparel' 'Drinkware'],1,True,,22.14,18,Saturday,1311
T0001979,1506093.9448649656.1729786142,1506093.9448649656,2024-10-24 16:21:04.824399,2024-10-24,desktop,Singapore,newsletter,email,weekly_drop,Email,66.37,66.37,2.0,2,2,['Drinkware' 'Lifestyle'],1,True,,33.19,16,Thursday,1312
T0003760,9516487.9181022924.1732635834,9516487.9181022924,2024-11-26 15:40:25.946074,2024-11-26,mobile,Canada,facebook,paid_social,prospecting_broad,Paid,66.22,66.22,3.0,3,3,['Accessories' 'Drinkware' 'Headgear'],1,True,,22.07,15,Tuesday,1313
T0003649,2549060.4448997367.1732567830,2549060.4448997367,2024-11-25 20:51:02.592206,2024-11-25,mobile,India,(direct),(none),(direct),Direct,66.16,66.16,3.0,2,2,['Apparel' 'Electronics'],1,True,,22.05,20,Monday,1314
T0001278,7783447.3415819557.1728419914,7783447.3415819557,2024-10-08 20:31:33.411349,2024-10-08,desktop,India,google,organic,(organic),Organic Search,66.0,66.0,3.0,3,3,['Apparel' 'Lifestyle' 'Office'],1,True,,22.0,20,Tuesday,1315
T0003528,6405570.7149984185.1732473674,6405570.7149984185,2024-11-24 18:41:42.827770,2024-11-24,mobile,United States,google,organic,(organic),Organic Search,65.96,65.96,2.0,2,2,['Accessories' 'Apparel'],1,True,,32.98,18,Sunday,1316
T0003240,5085581.1198714081.1731980652,5085581.1198714081,2024-11-19 01:42:01.305699,2024-11-19,desktop,United States,facebook,paid_social,prospecting_broad,Paid,65.85,65.85,3.0,2,2,['Apparel' 'Drinkware'],1,True,,21.95,1,Tuesday,1317
T0001953,8066957.4316912568.1729718789,8066957.4316912568,2024-10-23 21:22:58.016962,2024-10-23,tablet,India,(direct),(none),(direct),Direct,65.83,65.83,2.0,2,2,['Accessories' 'Apparel'],1,True,,32.92,21,Wednesday,1318
T0000251,4292553.2330613219.1726086950,4292553.2330613219,2024-09-11 20:45:31.959713,2024-09-11,mobile,Australia,(direct),(none),(direct),Direct,65.79,65.79,3.0,2,1,['Drinkware'],1,True,,21.93,20,Wednesday,1319
T0001972,3652943.4436647561.1729763097,3652943.4436647561,2024-10-24 10:02:28.023438,2024-10-24,mobile,United States,google,organic,(organic),Organic Search,65.79,65.79,4.0,3,3,['Apparel' 'Office' 'Stationery'],1,True,,16.45,10,Thursday,1319
T0000703,5824351.2346034377.1727175969,5824351.2346034377,2024-09-24 11:06:27.316593,2024-09-24,desktop,United Kingdom,google,organic,(organic),Organic Search,65.54,65.54,3.0,3,3,['Accessories' 'Drinkware' 'Stationery'],1,True,,21.85,11,Tuesday,1320
T0003576,2949914.4135634252.1732524787,2949914.4135634252,2024-11-25 08:49:10.232267,2024-11-25,mobile,United States,newsletter,email,weekly_drop,Email,65.37,65.37,2.0,2,2,['Bags' 'Office'],1,True,,32.69,8,Monday,1321
T0004063,5216710.3404534022.1732800960,5216710.3404534022,2024-11-28 13:27:11.604344,2024-11-28,mobile,United States,google,cpc,brand_search,Paid,65.3,65.3,3.0,3,3,['Accessories' 'Apparel' 'Office'],1,True,,21.77,13,Thursday,1322
T0000799,3414787.3903438012.1727369075,3414787.3903438012,2024-09-26 16:46:23.104606,2024-09-26,desktop,United States,google,cpc,shopping_feed,Paid,65.3,65.3,3.0,3,2,['Apparel' 'Headgear'],1,True,,21.77,16,Thursday,1322
T0001520,7817297.2111857143.1728935895,7817297.2111857143,2024-10-14 20:10:02.175515,2024-10-14,desktop,Brazil,youtube.com,referral,(referral),Referral,65.24,65.24,2.0,2,2,['Accessories' 'Apparel'],1,True,,32.62,20,Monday,1323
T0003656,9962305.1216777837.1732570393,9962305.1216777837,2024-11-25 21:34:43.547406,2024-11-25,mobile,Australia,newsletter,email,weekly_drop,Email,65.19,65.19,4.0,3,3,['Accessories' 'Apparel' 'Stationery'],1,True,,16.3,21,Monday,1324
T0002553,3686977.2854284639.1730747930,3686977.2854284639,2024-11-04 19:15:35.570046,2024-11-04,mobile,United States,google,cpc,shopping_feed,Paid,65.09,65.09,2.0,2,2,['Accessories' 'Apparel'],1,True,,32.55,19,Monday,1325
T0003384,3488944.7454158578.1732223725,3488944.7454158578,2024-11-21 21:18:34.737323,2024-11-21,desktop,United States,(direct),(none),(direct),Direct,65.0,65.0,2.0,1,1,['Lifestyle'],1,True,,32.5,21,Thursday,1326
T0001905,2808738.7618422626.1729641033,2808738.7618422626,2024-10-23 00:03:01.372854,2024-10-23,desktop,United States,google,cpc,shopping_feed,Paid,65.0,65.0,2.0,1,1,['Lifestyle'],1,True,,32.5,0,Wednesday,1326
T0001831,6823114.5422523135.1729535695,6823114.5422523135,2024-10-21 18:39:42.300357,2024-10-21,desktop,Canada,google,cpc,brand_search,Paid,65.0,65.0,2.0,1,1,['Lifestyle'],2,False,12,32.5,18,Monday,1326
T0000575,5308561.3860543994.1726884721,5308561.3860543994,2024-09-21 02:14:32.311760,2024-09-21,mobile,Brazil,google,organic,(organic),Organic Search,64.89,64.89,3.0,2,2,['Accessories' 'Drinkware'],1,True,,21.63,2,Saturday,1327
T0003263,4784929.8589797970.1732030294,4784929.8589797970,2024-11-19 15:36:13.200348,2024-11-19,desktop,Singapore,google,cpc,shopping_feed,Paid,64.87,64.87,2.0,2,2,['Accessories' 'Apparel'],1,True,,32.44,15,Tuesday,1328
T0001647,1847221.4312071810.1729168403,1847221.4312071810,2024-10-17 12:31:43.294891,2024-10-17,desktop,Netherlands,(direct),(none),(direct),Direct,64.85,64.85,3.0,2,2,['Apparel' 'Drinkware'],1,True,,21.62,12,Thursday,1329
T0002214,7461459.5589925006.1730189875,7461459.5589925006,2024-10-29 08:18:20.678928,2024-10-29,desktop,United States,google,cpc,brand_search,Paid,64.83,64.83,1.0,1,1,['Apparel'],1,True,,64.83,8,Tuesday,1330
T0001550,7817243.8904791692.1728988236,7817243.8904791692,2024-10-15 10:34:44.966271,2024-10-15,desktop,Netherlands,google,cpc,shopping_feed,Paid,64.83,64.83,1.0,1,1,['Apparel'],1,True,,64.83,10,Tuesday,1330
T0002762,9759632.3090162056.1731103246,9759632.3090162056,2024-11-08 22:26:34.683905,2024-11-08,desktop,Canada,google,cpc,shopping_feed,Paid,64.78,64.78,2.0,2,2,['Apparel' 'Office'],1,True,,32.39,22,Friday,1331
T0001540,8402865.4811618756.1728948949,8402865.4811618756,2024-10-14 23:48:31.800546,2024-10-14,desktop,Germany,google,organic,(organic),Organic Search,64.63,64.63,2.0,2,2,['Apparel' 'Drinkware'],1,True,,32.32,23,Monday,1332
T0000571,8689879.8069407902.1726863465,8689879.8069407902,2024-09-20 20:24:38.426508,2024-09-20,desktop,United States,google,cpc,shopping_feed,Paid,64.62,64.62,3.0,3,3,['Accessories' 'Office' 'Stationery'],1,True,,21.54,20,Friday,1333
T0004352,6994015.4026688147.1732927647,6994015.4026688147,2024-11-30 00:39:24.575987,2024-11-30,desktop,Mexico,google,organic,(organic),Organic Search,64.61,64.61,3.0,2,2,['Accessories' 'Drinkware'],1,True,,21.54,0,Saturday,1334
T0002854,8177060.7685565972.1731269561,8177060.7685565972,2024-11-10 20:26:16.533666,2024-11-10,mobile,India,(direct),(none),(direct),Direct,64.59,64.59,3.0,3,3,['Apparel' 'Drinkware' 'Headgear'],1,True,,21.53,20,Sunday,1335
T0000893,9587602.3103892059.1727553192,9587602.3103892059,2024-09-28 20:09:08.113345,2024-09-28,mobile,United States,google,cpc,brand_search,Paid,64.58,64.58,2.0,2,2,['Apparel' 'Lifestyle'],1,True,,32.29,20,Saturday,1336
T0000403,4716638.6494127382.1726487282,4716638.6494127382,2024-09-16 11:55:14.010240,2024-09-16,mobile,Japan,(direct),(none),(direct),Direct,64.58,64.58,2.0,2,2,['Apparel' 'Lifestyle'],1,True,,32.29,11,Monday,1336
T0003747,3019149.7973988715.1732628209,3019149.7973988715,2024-11-26 13:38:06.661976,2024-11-26,mobile,India,newsletter,email,weekly_drop,Email,64.54,64.54,1.0,1,1,['Apparel'],1,True,,64.54,13,Tuesday,1337
T0000435,6535766.7636142853.1726550939,6535766.7636142853,2024-09-17 05:19:49.810100,2024-09-17,desktop,United States,google,cpc,shopping_feed,Paid,64.54,64.54,1.0,1,1,['Apparel'],1,True,,64.54,5,Tuesday,1337
T0004059,7107981.9746799513.1732799199,7107981.9746799513,2024-11-28 13:18:26.148396,2024-11-28,desktop,India,(direct),(none),(direct),Direct,64.54,64.54,1.0,1,1,['Apparel'],1,True,,64.54,13,Thursday,1337
T0003739,5455404.6935395200.1732624538,5455404.6935395200,2024-11-26 13:03:25.699648,2024-11-26,mobile,United Kingdom,google,cpc,brand_search,Paid,64.54,64.54,1.0,1,1,['Apparel'],1,True,,64.54,13,Tuesday,1337
T0002559,2476664.3306927834.1730757744,2476664.3306927834,2024-11-04 22:01:40.357108,2024-11-04,desktop,United States,(direct),(none),(direct),Direct,64.43,64.43,2.0,2,2,['Bags' 'Stationery'],1,True,,32.22,22,Monday,1338
T0002645,1903364.5931771341.1730908775,1903364.5931771341,2024-11-06 16:15:44.087798,2024-11-06,tablet,Germany,google,organic,(organic),Organic Search,64.31,64.31,2.0,2,2,['Accessories' 'Apparel'],1,True,,32.16,16,Wednesday,1339
T0003424,8793867.9165070826.1732291704,8793867.9165070826,2024-11-22 16:07:20.812916,2024-11-22,desktop,Canada,newsletter,email,weekly_drop,Email,64.29,64.29,3.0,2,2,['Apparel' 'Office'],1,True,,21.43,16,Friday,1340
T0002788,4823772.7714870048.1731161400,4823772.7714870048,2024-11-09 14:04:53.937153,2024-11-09,mobile,United States,google,organic,(organic),Organic Search,64.27,64.27,3.0,3,3,['Apparel' 'Office' 'Stationery'],1,True,,21.42,14,Saturday,1341
T0004156,5940194.2674584282.1732831881,5940194.2674584282,2024-11-28 22:03:39.151498,2024-11-28,tablet,United Kingdom,google,cpc,brand_search,Paid,64.14,64.14,4.0,2,2,['Accessories' 'Stationery'],1,True,,16.04,22,Thursday,1342
T0001869,9290375.8761571427.1729604650,9290375.8761571427,2024-10-22 13:44:41.848016,2024-10-22,desktop,United States,google,organic,(organic),Organic Search,64.09,64.09,3.0,3,3,['Apparel' 'Drinkware' 'Office'],1,True,,21.36,13,Tuesday,1343
T0000023,3012754.7265406974.1725288908,3012754.7265406974,2024-09-02 14:54:43.613851,2024-09-02,mobile,Canada,google,cpc,shopping_feed,Paid,63.79,63.79,3.0,2,2,['Accessories' 'Apparel'],1,True,,21.26,14,Monday,1344
T0004430,8102415.6347139174.1732980983,8102415.6347139174,2024-11-30 15:43:02.994192,2024-11-30,desktop,United States,google,cpc,brand_search,Paid,63.78,63.78,1.0,1,1,['Lifestyle'],1,True,,63.78,15,Saturday,1345
T0000469,8225547.4256280512.1726655620,8225547.4256280512,2024-09-18 10:39:18.834911,2024-09-18,desktop,France,(direct),(none),(direct),Direct,63.78,63.78,1.0,1,1,['Lifestyle'],1,True,,63.78,10,Wednesday,1345
T0000495,3684296.9619799234.1726713004,3684296.9619799234,2024-09-19 02:23:12.036425,2024-09-19,desktop,United States,(direct),(none),(direct),Direct,63.78,63.78,1.0,1,1,['Lifestyle'],1,True,,63.78,2,Thursday,1345
T0000127,2313364.9298753911.1725736519,2313364.9298753911,2024-09-07 19:22:03.451183,2024-09-07,mobile,Germany,newsletter,email,weekly_drop,Email,63.78,63.78,1.0,1,1,['Lifestyle'],1,True,,63.78,19,Saturday,1345
T0000274,4458896.9659474390.1726147408,4458896.9659474390,2024-09-12 13:24:27.500937,2024-09-12,desktop,United States,(direct),(none),(direct),Direct,63.78,63.78,1.0,1,1,['Lifestyle'],1,True,,63.78,13,Thursday,1345
T0001378,1877498.4990143378.1728651498,1877498.4990143378,2024-10-11 13:01:49.821774,2024-10-11,desktop,Netherlands,(direct),(none),(direct),Direct,63.78,63.78,1.0,1,1,['Lifestyle'],1,True,,63.78,13,Friday,1345
T0003432,5400980.7207532362.1732301056,5400980.7207532362,2024-11-22 18:48:46.718609,2024-11-22,desktop,United States,(direct),(none),(direct),Direct,63.78,63.78,1.0,1,1,['Lifestyle'],2,False,3,63.78,18,Friday,1345
T0002814,6481054.9354811945.1731196980,6481054.9354811945,2024-11-10 00:09:44.349472,2024-11-10,mobile,Japan,youtube.com,referral,(referral),Referral,63.78,63.78,1.0,1,1,['Lifestyle'],1,True,,63.78,0,Sunday,1345
T0001803,8384077.1155548410.1729463568,8384077.1155548410,2024-10-20 22:32:55.351279,2024-10-20,desktop,Canada,(direct),(none),(direct),Direct,63.78,63.78,1.0,1,1,['Lifestyle'],1,True,,63.78,22,Sunday,1345
T0001477,4332112.4228481720.1728869787,4332112.4228481720,2024-10-14 01:56:16.462655,2024-10-14,mobile,Japan,google,organic,(organic),Organic Search,63.78,63.78,1.0,1,1,['Lifestyle'],1,True,,63.78,1,Monday,1345
T0003639,7908243.7468088271.1732562611,7908243.7468088271,2024-11-25 19:28:15.343106,2024-11-25,desktop,India,google,organic,(organic),Organic Search,63.78,63.78,1.0,1,1,['Lifestyle'],1,True,,63.78,19,Monday,1345
T0000143,9592758.9634197589.1725794841,9592758.9634197589,2024-09-08 11:32:33.073409,2024-09-08,desktop,United States,newsletter,email,weekly_drop,Email,63.78,63.78,1.0,1,1,['Lifestyle'],1,True,,63.78,11,Sunday,1345
T0002264,1838776.6429679104.1730294378,1838776.6429679104,2024-10-30 13:32:35.530322,2024-10-30,desktop,India,newsletter,email,weekly_drop,Email,63.78,63.78,1.0,1,1,['Lifestyle'],1,True,,63.78,13,Wednesday,1345
T0001373,4658391.4155698434.1728643559,4658391.4155698434,2024-10-11 10:49:15.309018,2024-10-11,mobile,United States,google,organic,(organic),Organic Search,63.78,63.78,1.0,1,1,['Lifestyle'],1,True,,63.78,10,Friday,1345
T0002882,1197702.2159018403.1731323334,1197702.2159018403,2024-11-11 11:19:34.047599,2024-11-11,mobile,Canada,(direct),(none),(direct),Direct,63.78,63.78,1.0,1,1,['Lifestyle'],1,True,,63.78,11,Monday,1345
T0001811,7286201.4674314207.1729482932,7286201.4674314207,2024-10-21 03:52:47.377830,2024-10-21,mobile,United States,(direct),(none),(direct),Direct,63.78,63.78,1.0,1,1,['Lifestyle'],2,False,9,63.78,3,Monday,1345
T0000404,1011719.1660046674.1726488428,1011719.1660046674,2024-09-16 12:06:31.626847,2024-09-16,mobile,United States,google,organic,(organic),Organic Search,63.78,63.78,1.0,1,1,['Lifestyle'],1,True,,63.78,12,Monday,1345
T0002870,8360405.8758652917.1731295183,8360405.8758652917,2024-11-11 03:13:29.746150,2024-11-11,mobile,United Kingdom,google,organic,(organic),Organic Search,63.78,63.78,1.0,1,1,['Lifestyle'],1,True,,63.78,3,Monday,1345
T0000118,8830218.3708025722.1725715631,8830218.3708025722,2024-09-07 13:42:00.062935,2024-09-07,desktop,Canada,facebook,paid_social,prospecting_broad,Paid,63.78,63.78,1.0,1,1,['Lifestyle'],1,True,,63.78,13,Saturday,1345
T0001073,8417071.3966214597.1727971494,8417071.3966214597,2024-10-03 16:09:35.341459,2024-10-03,mobile,Japan,google,organic,(organic),Organic Search,63.78,63.78,1.0,1,1,['Lifestyle'],2,False,3,63.78,16,Thursday,1345
T0000662,5915650.5034008932.1727074750,5915650.5034008932,2024-09-23 07:10:00.687296,2024-09-23,desktop,Singapore,(direct),(none),(direct),Direct,63.78,63.78,1.0,1,1,['Lifestyle'],1,True,,63.78,7,Monday,1345
T0004255,8269829.7959698686.1732885499,8269829.7959698686,2024-11-29 13:14:29.105987,2024-11-29,desktop,United Kingdom,google,organic,(organic),Organic Search,63.78,63.78,1.0,1,1,['Lifestyle'],1,True,,63.78,13,Friday,1345
T0002483,1958217.2597721509.1730635488,1958217.2597721509,2024-11-03 12:12:22.138498,2024-11-03,desktop,United Kingdom,(direct),(none),(direct),Direct,63.69,63.69,3.0,2,2,['Accessories' 'Office'],1,True,,21.23,12,Sunday,1346
T0003877,2500284.5549503631.1732703429,2500284.5549503631,2024-11-27 10:33:31.324720,2024-11-27,tablet,United States,(direct),(none),(direct),Direct,63.62,63.62,3.0,3,2,['Apparel' 'Stationery'],1,True,,21.21,10,Wednesday,1347
T0002346,2541854.3879549585.1730409859,2541854.3879549585,2024-10-31 21:27:24.055911,2024-10-31,mobile,United States,google,organic,(organic),Organic Search,63.62,63.62,3.0,3,2,['Apparel' 'Stationery'],1,True,,21.21,21,Thursday,1347
T0001464,3492515.7143207041.1728845554,3492515.7143207041,2024-10-13 19:03:44.060491,2024-10-13,desktop,United States,google,organic,(organic),Organic Search,63.62,63.62,3.0,3,2,['Apparel' 'Stationery'],1,True,,21.21,19,Sunday,1347
T0001912,5263140.3633238897.1729656696,5263140.3633238897,2024-10-23 04:15:23.899416,2024-10-23,mobile,United States,google,cpc,shopping_feed,Paid,63.43,63.43,2.0,2,1,['Lifestyle'],1,True,,31.72,4,Wednesday,1348
T0002703,9248401.2785233892.1731008654,9248401.2785233892,2024-11-07 19:53:12.244188,2024-11-07,desktop,United Kingdom,google,organic,(organic),Organic Search,63.43,63.43,2.0,2,1,['Lifestyle'],1,True,,31.72,19,Thursday,1348
T0000945,3638788.6611490748.1727693060,3638788.6611490748,2024-09-30 10:37:59.965453,2024-09-30,mobile,United States,google,cpc,brand_search,Paid,63.43,63.43,2.0,2,1,['Lifestyle'],3,False,2,31.72,10,Monday,1348
T0003112,1562418.1243839764.1731762530,1562418.1243839764,2024-11-16 13:02:23.495824,2024-11-16,mobile,France,google,cpc,shopping_feed,Paid,63.4,63.4,2.0,1,1,['Bags'],1,True,,31.7,13,Saturday,1349
T0000277,4862817.4406481671.1726164912,4862817.4406481671,2024-09-12 18:15:44.419530,2024-09-12,mobile,United States,google,organic,(organic),Organic Search,63.31,63.31,2.0,2,1,['Apparel'],1,True,,31.66,18,Thursday,1350
T0000681,6041740.1491058753.1727118343,6041740.1491058753,2024-09-23 19:10:35.217915,2024-09-23,desktop,United States,newsletter,email,weekly_drop,Email,63.31,63.31,2.0,2,1,['Apparel'],1,True,,31.66,19,Monday,1350
T0000989,5351235.9622305480.1727771113,5351235.9622305480,2024-10-01 08:19:43.169418,2024-10-01,desktop,India,google,organic,(organic),Organic Search,63.31,63.31,2.0,2,1,['Apparel'],1,True,,31.66,8,Tuesday,1350
T0001005,5265553.4548849294.1727795422,5265553.4548849294,2024-10-01 15:08:59.442292,2024-10-01,mobile,United States,(direct),(none),(direct),Direct,63.31,63.31,2.0,2,1,['Apparel'],1,True,,31.66,15,Tuesday,1350
T0000324,7389043.4815151737.1726298911,7389043.4815151737,2024-09-14 07:22:14.852728,2024-09-14,mobile,United States,(direct),(none),(direct),Direct,63.19,63.19,2.0,2,1,['Accessories'],1,True,,31.6,7,Saturday,1351
T0001509,1566241.3434551987.1728920468,1566241.3434551987,2024-10-14 15:39:08.301635,2024-10-14,tablet,Australia,(direct),(none),(direct),Direct,63.19,63.19,2.0,2,1,['Accessories'],1,True,,31.6,15,Monday,1351
T0002488,8148741.2088274634.1730641380,8148741.2088274634,2024-11-03 13:48:22.665867,2024-11-03,desktop,Germany,google,cpc,shopping_feed,Paid,63.19,63.19,2.0,2,1,['Accessories'],1,True,,31.6,13,Sunday,1351
T0000242,1194822.1652133612.1726075165,1194822.1652133612,2024-09-11 17:17:41.026513,2024-09-11,tablet,United Kingdom,newsletter,email,weekly_drop,Email,63.18,63.18,2.0,1,1,['Office'],1,True,,31.59,17,Wednesday,1352
T0003405,7306913.7567783412.1732275735,7306913.7567783412,2024-11-22 11:34:07.070787,2024-11-22,desktop,India,google,organic,(organic),Organic Search,63.18,63.18,2.0,1,1,['Office'],1,True,,31.59,11,Friday,1352
T0001778,4610799.3250319171.1729411435,4610799.3250319171,2024-10-20 08:03:23.274075,2024-10-20,mobile,Australia,(direct),(none),(direct),Direct,63.09,63.09,4.0,2,2,['Apparel' 'Stationery'],1,True,,15.77,8,Sunday,1353
T0002267,1309018.7432674899.1730299394,1309018.7432674899,2024-10-30 14:38:45.182561,2024-10-30,mobile,Australia,newsletter,email,weekly_drop,Email,63.09,63.09,2.0,2,2,['Apparel' 'Office'],1,True,,31.55,14,Wednesday,1353
T0002387,2365371.1146195848.1730488703,2365371.1146195848,2024-11-01 19:07:54.430850,2024-11-01,desktop,United States,google,cpc,shopping_feed,Paid,62.76,62.76,3.0,2,2,['Bags' 'Headgear'],1,True,,20.92,19,Friday,1354
T0003744,2950251.2160730739.1732627812,2950251.2160730739,2024-11-26 13:28:28.817730,2024-11-26,desktop,United States,google,organic,(organic),Organic Search,62.75,62.75,1.0,1,1,['Lifestyle'],1,True,,62.75,13,Tuesday,1355
T0003605,1583895.6290777975.1732546137,1583895.6290777975,2024-11-25 14:46:56.428008,2024-11-25,mobile,United Kingdom,(direct),(none),(direct),Direct,62.73,62.73,3.0,3,3,['Accessories' 'Apparel' 'Stationery'],1,True,,20.91,14,Monday,1356
T0003070,4748184.3826457179.1731686561,4748184.3826457179,2024-11-15 16:10:12.527932,2024-11-15,tablet,United Kingdom,(direct),(none),(direct),Direct,62.55,62.55,3.0,2,2,['Apparel' 'Drinkware'],1,True,,20.85,16,Friday,1357
T0000061,4667414.2807090826.1725470046,4667414.2807090826,2024-09-04 17:15:12.992919,2024-09-04,desktop,United States,(direct),(none),(direct),Direct,62.38,62.38,1.0,1,1,['Apparel'],1,True,,62.38,17,Wednesday,1358
T0000208,9736139.5275254220.1725992940,9736139.5275254220,2024-09-10 18:30:48.313128,2024-09-10,desktop,Brazil,google,cpc,brand_search,Paid,62.38,62.38,1.0,1,1,['Apparel'],1,True,,62.38,18,Tuesday,1358
T0003178,5205050.2726501676.1731870771,5205050.2726501676,2024-11-17 19:12:42.791334,2024-11-17,desktop,United States,(direct),(none),(direct),Direct,62.38,62.38,1.0,1,1,['Apparel'],1,True,,62.38,19,Sunday,1358
T0003677,5141747.5669586344.1732579228,5141747.5669586344,2024-11-26 00:06:13.941230,2024-11-26,desktop,United Kingdom,(direct),(none),(direct),Direct,62.38,62.38,1.0,1,1,['Apparel'],1,True,,62.38,0,Tuesday,1358
T0001092,2671451.6797729741.1727996808,2671451.6797729741,2024-10-03 23:13:44.825465,2024-10-03,mobile,United States,(direct),(none),(direct),Direct,62.38,62.38,1.0,1,1,['Apparel'],1,True,,62.38,23,Thursday,1358
T0000204,4213164.1494419308.1725988969,4213164.1494419308,2024-09-10 17:15:18.978965,2024-09-10,desktop,United States,google,organic,(organic),Organic Search,62.38,62.38,1.0,1,1,['Apparel'],1,True,,62.38,17,Tuesday,1358
T0000876,5377531.2753745080.1727523642,5377531.2753745080,2024-09-28 11:59:07.746179,2024-09-28,desktop,India,(direct),(none),(direct),Direct,62.38,62.38,1.0,1,1,['Apparel'],1,True,,62.38,11,Saturday,1358
T0001466,2607331.5619346945.1728847759,2607331.5619346945,2024-10-13 19:54:26.117202,2024-10-13,desktop,United States,google,cpc,brand_search,Paid,62.38,62.38,1.0,1,1,['Apparel'],2,False,8,62.38,19,Sunday,1358
T0000106,4956835.4333172736.1725650056,4956835.4333172736,2024-09-06 19:25:14.094051,2024-09-06,mobile,Australia,google,organic,(organic),Organic Search,62.38,62.38,1.0,1,1,['Apparel'],1,True,,62.38,19,Friday,1358
T0001962,1571557.2806359494.1729736384,1571557.2806359494,2024-10-24 02:16:23.276628,2024-10-24,desktop,United States,google,cpc,shopping_feed,Paid,62.38,62.38,1.0,1,1,['Apparel'],2,False,2,62.38,2,Thursday,1358
T0003549,7436411.8444196160.1732499073,7436411.8444196160,2024-11-25 01:44:36.927248,2024-11-25,mobile,Germany,google,organic,(organic),Organic Search,62.38,62.38,1.0,1,1,['Apparel'],1,True,,62.38,1,Monday,1358
T0003924,1028900.7668045405.1732726926,1028900.7668045405,2024-11-27 17:02:52.812302,2024-11-27,desktop,Canada,google,organic,(organic),Organic Search,62.38,62.38,1.0,1,1,['Apparel'],1,True,,62.38,17,Wednesday,1358
T0002892,8511749.4554892151.1731342670,8511749.4554892151,2024-11-11 16:30:46.461169,2024-11-11,mobile,United States,(direct),(none),(direct),Direct,62.38,62.38,1.0,1,1,['Apparel'],1,True,,62.38,16,Monday,1358
T0003933,3041565.1308441170.1732731565,3041565.1308441170,2024-11-27 18:18:47.433109,2024-11-27,desktop,United States,partners,affiliate,coupon_partners,Affiliate,62.38,62.38,1.0,1,1,['Apparel'],2,False,23,62.38,18,Wednesday,1358
T0001111,3250823.5782129033.1728062771,3250823.5782129033,2024-10-04 17:32:38.334179,2024-10-04,desktop,United States,newsletter,email,weekly_drop,Email,62.38,62.38,1.0,1,1,['Apparel'],1,True,,62.38,17,Friday,1358
T0001505,6172978.7152994955.1728911571,6172978.7152994955,2024-10-14 13:23:30.688486,2024-10-14,desktop,Japan,facebook,paid_social,prospecting_broad,Paid,62.38,62.38,1.0,1,1,['Apparel'],1,True,,62.38,13,Monday,1358
T0003004,5355889.2398619030.1731535945,5355889.2398619030,2024-11-13 22:17:23.268741,2024-11-13,desktop,Germany,google,organic,(organic),Organic Search,62.38,62.38,1.0,1,1,['Apparel'],1,True,,62.38,22,Wednesday,1358
T0000556,4877582.2186050302.1726842895,4877582.2186050302,2024-09-20 14:35:36.388812,2024-09-20,desktop,United States,newsletter,email,weekly_drop,Email,62.38,62.38,1.0,1,1,['Apparel'],1,True,,62.38,14,Friday,1358
T0000963,3974262.9012616378.1727719420,3974262.9012616378,2024-09-30 17:57:09.236426,2024-09-30,desktop,United Kingdom,google,cpc,shopping_feed,Paid,62.38,62.38,1.0,1,1,['Apparel'],1,True,,62.38,17,Monday,1358
T0001913,5118521.1201683025.1729658171,5118521.1201683025,2024-10-23 04:39:04.701934,2024-10-23,desktop,Japan,(direct),(none),(direct),Direct,62.38,62.38,1.0,1,1,['Apparel'],1,True,,62.38,4,Wednesday,1358
T0003235,9412696.7381316504.1731972669,9412696.7381316504,2024-11-18 23:31:48.023351,2024-11-18,mobile,United States,(direct),(none),(direct),Direct,62.38,62.38,1.0,1,1,['Apparel'],1,True,,62.38,23,Monday,1358
T0000184,3207559.6182564078.1725917376,3207559.6182564078,2024-09-09 21:30:58.528397,2024-09-09,mobile,Australia,google,cpc,shopping_feed,Paid,62.38,62.38,1.0,1,1,['Apparel'],1,True,,62.38,21,Monday,1358
T0000013,8609421.3948430257.1725227535,8609421.3948430257,2024-09-01 22:07:08.489572,2024-09-01,desktop,United States,(direct),(none),(direct),Direct,62.35,62.35,3.0,3,3,['Drinkware' 'Lifestyle' 'Stationery'],1,True,,20.78,22,Sunday,1359
T0000301,1495476.3353231244.1726233776,1495476.3353231244,2024-09-13 13:24:30.868842,2024-09-13,mobile,United States,newsletter,email,weekly_drop,Email,62.32,62.32,4.0,3,2,['Drinkware' 'Stationery'],1,True,,15.58,13,Friday,1360
T0001757,7164790.1829740954.1729364495,7164790.1829740954,2024-10-19 18:53:41.399299,2024-10-19,mobile,United States,google,organic,(organic),Organic Search,62.3,62.3,3.0,2,2,['Accessories' 'Electronics'],1,True,,20.77,18,Saturday,1361
T0001470,3800147.3051316445.1728852607,3800147.3051316445,2024-10-13 20:50:00.824784,2024-10-13,desktop,India,newsletter,email,weekly_drop,Email,62.3,62.3,3.0,3,3,['Accessories' 'Apparel' 'Stationery'],1,True,,20.77,20,Sunday,1361
T0004249,3416242.8315867007.1732883104,3416242.8315867007,2024-11-29 12:21:44.001118,2024-11-29,desktop,Australia,google,cpc,brand_search,Paid,62.3,62.3,3.0,3,3,['Accessories' 'Apparel' 'Stationery'],1,True,,20.77,12,Friday,1361
T0000930,6366509.2145827629.1727648433,6366509.2145827629,2024-09-29 22:19:53.349817,2024-09-29,mobile,Germany,(direct),(none),(direct),Direct,62.28,62.28,3.0,2,2,['Apparel' 'Drinkware'],1,True,,20.76,22,Sunday,1362
T0003766,1098999.6776597726.1732636986,1098999.6776597726,2024-11-26 16:26:57.525766,2024-11-26,desktop,United States,newsletter,email,weekly_drop,Email,62.24,62.24,2.0,1,1,['Headgear'],1,True,,31.12,16,Tuesday,1363
T0001840,5301274.4784813411.1729545328,5301274.4784813411,2024-10-21 21:10:20.582879,2024-10-21,desktop,United States,facebook,paid_social,prospecting_broad,Paid,62.24,62.24,3.0,3,3,['Accessories' 'Headgear' 'Lifestyle'],2,False,18,20.75,21,Monday,1363
T0002272,8194936.4361362100.1730303881,8194936.4361362100,2024-10-30 16:04:25.912503,2024-10-30,mobile,United States,newsletter,email,weekly_drop,Email,62.23,62.23,2.0,2,2,['Apparel' 'Drinkware'],1,True,,31.12,16,Wednesday,1364
T0000002,1292611.5687496097.1725182027,1292611.5687496097,2024-09-01 09:23:15.407372,2024-09-01,desktop,United Kingdom,(direct),(none),(direct),Direct,62.23,62.23,2.0,2,2,['Accessories' 'Office'],1,True,,31.12,9,Sunday,1364
T0002254,1138457.8118743492.1730273891,1138457.8118743492,2024-10-30 07:48:08.368513,2024-10-30,mobile,United States,google,organic,(organic),Organic Search,61.95,61.95,2.0,2,2,['Lifestyle' 'Office'],1,True,,30.98,7,Wednesday,1365
T0000275,2389037.4510099229.1726153045,2389037.4510099229,2024-09-12 14:51:21.271157,2024-09-12,desktop,United States,facebook,paid_social,prospecting_broad,Paid,61.93,61.93,2.0,2,1,['Apparel'],1,True,,30.97,14,Thursday,1366
T0002299,5555212.9161687737.1730335537,5555212.9161687737,2024-10-31 00:40:55.567551,2024-10-31,tablet,India,google,organic,(organic),Organic Search,61.92,61.92,1.0,1,1,['Apparel'],1,True,,61.92,0,Thursday,1367
T0000461,8452632.4979534523.1726612888,8452632.4979534523,2024-09-17 22:47:26.843462,2024-09-17,desktop,United Kingdom,google,cpc,brand_search,Paid,61.92,61.92,1.0,1,1,['Apparel'],1,True,,61.92,22,Tuesday,1367
T0003636,9165776.3347538992.1732561627,9165776.3347538992,2024-11-25 19:16:19.541795,2024-11-25,desktop,Canada,(direct),(none),(direct),Direct,61.92,61.92,1.0,1,1,['Apparel'],1,True,,61.92,19,Monday,1367
T0003540,9093512.2229338008.1732489520,9093512.2229338008,2024-11-24 23:08:54.909987,2024-11-24,mobile,United States,google,cpc,shopping_feed,Paid,61.92,61.92,1.0,1,1,['Apparel'],1,True,,61.92,23,Sunday,1367
T0003750,7722674.6708838595.1732629752,7722674.6708838595,2024-11-26 14:00:33.998593,2024-11-26,mobile,United States,newsletter,email,weekly_drop,Email,61.92,61.92,1.0,1,1,['Apparel'],1,True,,61.92,14,Tuesday,1367
T0002417,5152642.2598003521.1730530845,5152642.2598003521,2024-11-02 07:20:25.355771,2024-11-02,desktop,United States,google,organic,(organic),Organic Search,61.92,61.92,1.0,1,1,['Apparel'],1,True,,61.92,7,Saturday,1367
T0004486,5259708.3449439826.1733007057,5259708.3449439826,2024-11-30 22:55:19.938615,2024-11-30,desktop,United States,(direct),(none),(direct),Direct,61.92,61.92,1.0,1,1,['Apparel'],1,True,,61.92,22,Saturday,1367
T0002121,3485655.6107039832.1730017795,3485655.6107039832,2024-10-27 08:48:36.704099,2024-10-27,mobile,United States,newsletter,email,weekly_drop,Email,61.92,61.92,1.0,1,1,['Apparel'],1,True,,61.92,8,Sunday,1367
T0004143,4957113.7672918008.1732828382,4957113.7672918008,2024-11-28 21:09:41.339832,2024-11-28,desktop,United States,google,organic,(organic),Organic Search,61.92,61.92,1.0,1,1,['Apparel'],1,True,,61.92,21,Thursday,1367
T0000685,7866529.3229674734.1727126051,7866529.3229674734,2024-09-23 21:08:35.502473,2024-09-23,mobile,Netherlands,google,organic,(organic),Organic Search,61.92,61.92,1.0,1,1,['Apparel'],1,True,,61.92,21,Monday,1367
T0001908,1324548.8287432325.1729650756,1324548.8287432325,2024-10-23 02:24:08.428980,2024-10-23,desktop,United States,partners,affiliate,coupon_partners,Affiliate,61.92,61.92,1.0,1,1,['Apparel'],1,True,,61.92,2,Wednesday,1367
T0001457,5373652.7728859793.1728825322,5373652.7728859793,2024-10-13 13:12:08.245282,2024-10-13,mobile,Canada,google,cpc,shopping_feed,Paid,61.92,61.92,1.0,1,1,['Apparel'],1,True,,61.92,13,Sunday,1367
T0002141,8237330.8021137327.1730054161,8237330.8021137327,2024-10-27 18:42:37.872713,2024-10-27,desktop,United States,(direct),(none),(direct),Direct,61.92,61.92,1.0,1,1,['Apparel'],1,True,,61.92,18,Sunday,1367
T0003597,7157444.8262423331.1732536987,7157444.8262423331,2024-11-25 12:36:23.354454,2024-11-25,mobile,Japan,google,cpc,brand_search,Paid,61.92,61.92,1.0,1,1,['Apparel'],1,True,,61.92,12,Monday,1367
T0004030,8449963.9920280564.1732787871,8449963.9920280564,2024-11-28 09:54:09.273256,2024-11-28,mobile,United States,(direct),(none),(direct),Direct,61.92,61.92,1.0,1,1,['Apparel'],1,True,,61.92,9,Thursday,1367
T0003903,4547166.6233489146.1732718147,4547166.6233489146,2024-11-27 14:26:36.720275,2024-11-27,desktop,United States,(direct),(none),(direct),Direct,61.92,61.92,1.0,1,1,['Apparel'],1,True,,61.92,14,Wednesday,1367
T0001462,4524080.5454046737.1728835636,4524080.5454046737,2024-10-13 16:16:09.199675,2024-10-13,desktop,United States,google,organic,(organic),Organic Search,61.92,61.92,1.0,1,1,['Apparel'],1,True,,61.92,16,Sunday,1367
T0003483,2016260.3889723651.1732392413,2016260.3889723651,2024-11-23 20:12:14.431929,2024-11-23,desktop,France,google,organic,(organic),Organic Search,61.92,61.92,1.0,1,1,['Apparel'],3,False,3,61.92,20,Saturday,1367
T0003312,9659022.6523317478.1732113015,9659022.6523317478,2024-11-20 14:33:45.965037,2024-11-20,mobile,United States,(direct),(none),(direct),Direct,61.92,61.92,1.0,1,1,['Apparel'],2,False,3,61.92,14,Wednesday,1367
T0003329,9410895.5613058423.1732133611,9410895.5613058423,2024-11-20 20:16:56.076263,2024-11-20,mobile,Canada,(direct),(none),(direct),Direct,61.92,61.92,1.0,1,1,['Apparel'],1,True,,61.92,20,Wednesday,1367
T0001644,6894816.4721844302.1729165260,6894816.4721844302,2024-10-17 11:41:35.523386,2024-10-17,desktop,Australia,(direct),(none),(direct),Direct,61.92,61.92,1.0,1,1,['Apparel'],1,True,,61.92,11,Thursday,1367
T0002039,9810289.6128824285.1729880411,9810289.6128824285,2024-10-25 18:08:46.298512,2024-10-25,desktop,United Kingdom,(direct),(none),(direct),Direct,61.92,61.92,1.0,1,1,['Apparel'],1,True,,61.92,18,Friday,1367
T0002745,6024461.9620594876.1731084948,6024461.9620594876,2024-11-08 17:15:10.624110,2024-11-08,desktop,Brazil,google,cpc,brand_search,Paid,61.92,61.92,1.0,1,1,['Apparel'],1,True,,61.92,17,Friday,1367
T0001001,9728363.3806948311.1727792074,9728363.3806948311,2024-10-01 14:13:08.277456,2024-10-01,desktop,Germany,google,organic,(organic),Organic Search,61.92,61.92,1.0,1,1,['Apparel'],1,True,,61.92,14,Tuesday,1367
T0002740,5717134.3130007093.1731084999,5717134.3130007093,2024-11-08 17:01:10.200901,2024-11-08,mobile,Germany,google,organic,(organic),Organic Search,61.92,61.92,1.0,1,1,['Apparel'],1,True,,61.92,17,Friday,1367
T0003034,6723005.8921272470.1731611322,6723005.8921272470,2024-11-14 19:15:19.651933,2024-11-14,tablet,India,google,cpc,brand_search,Paid,61.92,61.92,1.0,1,1,['Apparel'],1,True,,61.92,19,Thursday,1367
T0001780,4767344.1021602647.1729414012,4767344.1021602647,2024-10-20 08:49:52.572527,2024-10-20,desktop,Canada,google,organic,(organic),Organic Search,61.92,61.92,1.0,1,1,['Apparel'],1,True,,61.92,8,Sunday,1367
T0002550,4623467.9901947605.1730737155,4623467.9901947605,2024-11-04 16:25:52.283655,2024-11-04,desktop,United States,(direct),(none),(direct),Direct,61.92,61.92,1.0,1,1,['Apparel'],1,True,,61.92,16,Monday,1367
T0003945,6230039.7116654160.1732736777,6230039.7116654160,2024-11-27 19:51:15.759122,2024-11-27,desktop,Germany,google,cpc,shopping_feed,Paid,61.92,61.92,1.0,1,1,['Apparel'],1,True,,61.92,19,Wednesday,1367
T0003891,2918006.1458423050.1732712053,2918006.1458423050,2024-11-27 12:43:29.450414,2024-11-27,mobile,Netherlands,(direct),(none),(direct),Direct,61.92,61.92,1.0,1,1,['Apparel'],1,True,,61.92,12,Wednesday,1367
T0000848,1360932.5009602930.1727463419,1360932.5009602930,2024-09-27 18:58:20.851338,2024-09-27,desktop,United States,google,cpc,brand_search,Paid,61.92,61.92,1.0,1,1,['Apparel'],2,False,16,61.92,18,Friday,1367
T0001458,1843716.6758382407.1728825746,1843716.6758382407,2024-10-13 13:13:44.374457,2024-10-13,desktop,Netherlands,google,cpc,brand_search,Paid,61.92,61.92,1.0,1,1,['Apparel'],1,True,,61.92,13,Sunday,1367
T0002305,5122017.4617700042.1730356731,5122017.4617700042,2024-10-31 06:39:30.018148,2024-10-31,desktop,Brazil,google,cpc,shopping_feed,Paid,61.92,61.92,1.0,1,1,['Apparel'],1,True,,61.92,6,Thursday,1367
T0001609,8812513.2996934332.1729097825,8812513.2996934332,2024-10-16 17:06:45.580525,2024-10-16,desktop,France,google,cpc,shopping_feed,Paid,61.92,61.92,1.0,1,1,['Apparel'],2,False,22,61.92,17,Wednesday,1367
T0001794,2062883.1507287934.1729445221,2062883.1507287934,2024-10-20 17:31:28.814501,2024-10-20,desktop,United States,google,organic,(organic),Organic Search,61.92,61.92,1.0,1,1,['Apparel'],1,True,,61.92,17,Sunday,1367
T0004132,5259645.1492886273.1732823874,5259645.1492886273,2024-11-28 20:07:20.602499,2024-11-28,mobile,United States,(direct),(none),(direct),Direct,61.92,61.92,1.0,1,1,['Apparel'],1,True,,61.92,20,Thursday,1367
T0000099,5303426.4138593439.1725626950,5303426.4138593439,2024-09-06 12:53:49.164326,2024-09-06,desktop,United Kingdom,google,organic,(organic),Organic Search,61.92,61.92,1.0,1,1,['Apparel'],1,True,,61.92,12,Friday,1367
T0004451,1979196.8701613634.1732993567,1979196.8701613634,2024-11-30 18:58:40.105819,2024-11-30,mobile,Brazil,google,organic,(organic),Organic Search,61.92,61.92,1.0,1,1,['Apparel'],1,True,,61.92,18,Saturday,1367
T0002808,9115657.3559672642.1731186225,9115657.3559672642,2024-11-09 21:08:12.917638,2024-11-09,mobile,United States,(direct),(none),(direct),Direct,61.92,61.92,1.0,1,1,['Apparel'],2,False,2,61.92,21,Saturday,1367
T0003287,5118884.7422236506.1732056885,5118884.7422236506,2024-11-19 23:03:30.254535,2024-11-19,mobile,United States,(direct),(none),(direct),Direct,61.92,61.92,1.0,1,1,['Apparel'],1,True,,61.92,23,Tuesday,1367
T0001834,7709849.4053879358.1729538968,7709849.4053879358,2024-10-21 19:32:18.157945,2024-10-21,desktop,United States,youtube.com,referral,(referral),Referral,61.92,61.92,1.0,1,1,['Apparel'],1,True,,61.92,19,Monday,1367
T0001627,4993604.3765922917.1729120049,4993604.3765922917,2024-10-16 23:04:21.925834,2024-10-16,mobile,United States,(direct),(none),(direct),Direct,61.92,61.92,1.0,1,1,['Apparel'],1,True,,61.92,23,Wednesday,1367
T0001947,7520318.1948791258.1729710125,7520318.1948791258,2024-10-23 19:07:35.893296,2024-10-23,mobile,United States,google,organic,(organic),Organic Search,61.92,61.92,1.0,1,1,['Apparel'],1,True,,61.92,19,Wednesday,1367
T0002099,9985677.9174251070.1729979399,9985677.9174251070,2024-10-26 22:01:56.701596,2024-10-26,mobile,United States,(direct),(none),(direct),Direct,61.92,61.92,1.0,1,1,['Apparel'],1,True,,61.92,22,Saturday,1367
T0001545,3809169.2775008303.1728976864,3809169.2775008303,2024-10-15 07:40:00.345759,2024-10-15,desktop,United States,(direct),(none),(direct),Direct,61.92,61.92,1.0,1,1,['Apparel'],1,True,,61.92,7,Tuesday,1367
T0001359,7760588.6530338609.1728590632,7760588.6530338609,2024-10-10 20:11:54.297712,2024-10-10,mobile,United States,google,cpc,brand_search,Paid,61.92,61.92,1.0,1,1,['Apparel'],1,True,,61.92,20,Thursday,1367
T0002274,1892392.8771489591.1730307742,1892392.8771489591,2024-10-30 16:57:01.133042,2024-10-30,desktop,United States,google,organic,(organic),Organic Search,61.92,61.92,1.0,1,1,['Apparel'],1,True,,61.92,16,Wednesday,1367
T0001547,1104369.2922539475.1728983817,1104369.2922539475,2024-10-15 09:11:13.086791,2024-10-15,mobile,United States,google,cpc,brand_search,Paid,61.92,61.92,1.0,1,1,['Apparel'],3,False,11,61.92,9,Tuesday,1367
T0001761,9344458.5239633414.1729369367,9344458.5239633414,2024-10-19 20:21:55.826963,2024-10-19,mobile,United States,google,cpc,brand_search,Paid,61.92,61.92,1.0,1,1,['Apparel'],2,False,11,61.92,20,Saturday,1367
T0001933,9284432.9594105541.1729692987,9284432.9594105541,2024-10-23 14:15:59.865913,2024-10-23,desktop,United States,facebook,paid_social,prospecting_broad,Paid,61.92,61.92,1.0,1,1,['Apparel'],1,True,,61.92,14,Wednesday,1367
T0001253,4715636.2797432860.1728384898,4715636.2797432860,2024-10-08 10:51:52.442533,2024-10-08,desktop,Canada,(direct),(none),(direct),Direct,61.66,61.66,1.0,1,1,['Apparel'],1,True,,61.66,10,Tuesday,1368
T0003132,8426005.3360155799.1731793374,8426005.3360155799,2024-11-16 21:32:49.983980,2024-11-16,desktop,United States,google,organic,(organic),Organic Search,61.66,61.66,1.0,1,1,['Apparel'],1,True,,61.66,21,Saturday,1368
T0003745,7423664.1396862023.1732627730,7423664.1396862023,2024-11-26 13:32:37.617848,2024-11-26,desktop,United States,google,cpc,brand_search,Paid,61.66,61.66,1.0,1,1,['Apparel'],1,True,,61.66,13,Tuesday,1368
T0002560,7530786.8178045883.1730758612,7530786.8178045883,2024-11-04 22:17:34.063308,2024-11-04,mobile,Singapore,(direct),(none),(direct),Direct,61.66,61.66,1.0,1,1,['Apparel'],1,True,,61.66,22,Monday,1368
T0003928,5816662.9292200070.1732729683,5816662.9292200070,2024-11-27 17:52:48.559993,2024-11-27,desktop,Singapore,youtube.com,referral,(referral),Referral,61.66,61.66,1.0,1,1,['Apparel'],1,True,,61.66,17,Wednesday,1368
T0002902,8737980.1653451442.1731351614,8737980.1653451442,2024-11-11 18:57:20.879152,2024-11-11,desktop,Germany,newsletter,email,weekly_drop,Email,61.66,61.66,1.0,1,1,['Apparel'],1,True,,61.66,18,Monday,1368
T0001966,2212745.3160128567.1729741426,2212745.3160128567,2024-10-24 03:46:38.117816,2024-10-24,tablet,Australia,google,organic,(organic),Organic Search,61.66,61.66,2.0,2,1,['Apparel'],1,True,,30.83,3,Thursday,1368
T0000522,5675395.5278391210.1726766422,5675395.5278391210,2024-09-19 17:26:17.659360,2024-09-19,mobile,United States,google,organic,(organic),Organic Search,61.66,61.66,1.0,1,1,['Apparel'],1,True,,61.66,17,Thursday,1368
T0004104,6662342.8127059974.1732814699,6662342.8127059974,2024-11-28 17:35:22.760407,2024-11-28,mobile,United States,(direct),(none),(direct),Direct,61.66,61.66,1.0,1,1,['Apparel'],1,True,,61.66,17,Thursday,1368
T0003465,7533106.2010851638.1732370408,7533106.2010851638,2024-11-23 14:16:00.008344,2024-11-23,desktop,United Kingdom,(direct),(none),(direct),Direct,61.66,61.66,1.0,1,1,['Apparel'],1,True,,61.66,14,Saturday,1368
T0001096,6323823.6688071716.1728019296,6323823.6688071716,2024-10-04 05:25:10.449884,2024-10-04,tablet,United Kingdom,google,organic,(organic),Organic Search,61.59,61.59,2.0,2,1,['Accessories'],1,True,,30.8,5,Friday,1369
T0003250,4096840.5511987163.1732017115,4096840.5511987163,2024-11-19 11:48:43.731161,2024-11-19,desktop,United States,google,organic,(organic),Organic Search,61.54,61.54,3.0,2,2,['Headgear' 'Lifestyle'],1,True,,20.51,11,Tuesday,1370
T0000629,5308231.9750273759.1727004275,5308231.9750273759,2024-09-22 11:33:56.999760,2024-09-22,mobile,United States,newsletter,email,weekly_drop,Email,61.5,61.5,2.0,2,2,['Accessories' 'Headgear'],1,True,,30.75,11,Sunday,1371
T0000024,9672293.4754742509.1725295430,9672293.4754742509,2024-09-02 16:55:42.414466,2024-09-02,mobile,Mexico,google,organic,(organic),Organic Search,61.48,61.48,2.0,2,1,['Accessories'],1,True,,30.74,16,Monday,1372
T0000020,4966247.8258294747.1725269644,4966247.8258294747,2024-09-02 09:30:12.191262,2024-09-02,desktop,Canada,(direct),(none),(direct),Direct,61.45,61.45,3.0,3,2,['Drinkware' 'Stationery'],1,True,,20.48,9,Monday,1373
T0003318,2006532.8212518453.1732119452,2006532.8212518453,2024-11-20 16:15:55.927752,2024-11-20,desktop,United States,google,cpc,brand_search,Paid,61.38,61.38,3.0,2,2,['Lifestyle' 'Stationery'],1,True,,20.46,16,Wednesday,1374
T0001552,2062805.6792583890.1728993523,2062805.6792583890,2024-10-15 12:09:00.847270,2024-10-15,mobile,United States,google,cpc,shopping_feed,Paid,61.26,61.26,3.0,2,2,['Accessories' 'Apparel'],1,True,,20.42,12,Tuesday,1375
T0004189,3409516.1340833444.1732846765,3409516.1340833444,2024-11-29 02:22:09.083032,2024-11-29,tablet,United Kingdom,newsletter,email,weekly_drop,Email,61.25,61.25,3.0,3,3,['Accessories' 'Drinkware' 'Stationery'],1,True,,20.42,2,Friday,1376
T0004268,2563450.4234733673.1732891683,2563450.4234733673,2024-11-29 14:50:20.208257,2024-11-29,mobile,Germany,google,cpc,shopping_feed,Paid,61.17,61.17,3.0,2,1,['Accessories'],1,True,,20.39,14,Friday,1377
T0004308,3952656.8570314975.1732909513,3952656.8570314975,2024-11-29 19:37:21.467938,2024-11-29,desktop,India,google,organic,(organic),Organic Search,61.17,61.17,3.0,3,3,['Drinkware' 'Office' 'Stationery'],1,True,,20.39,19,Friday,1377
T0000798,8479945.7281207307.1727367946,8479945.7281207307,2024-09-26 16:24:40.701941,2024-09-26,desktop,Canada,google,cpc,shopping_feed,Paid,61.13,61.13,3.0,2,2,['Accessories' 'Drinkware'],1,True,,20.38,16,Thursday,1378
T0000103,8602990.6158677493.1725643024,8602990.6158677493,2024-09-06 17:29:49.958738,2024-09-06,tablet,Canada,youtube.com,referral,(referral),Referral,61.13,61.13,2.0,2,2,['Accessories' 'Lifestyle'],1,True,,30.57,17,Friday,1378
T0000981,6517812.2547791101.1727749585,6517812.2547791101,2024-10-01 02:39:01.786963,2024-10-01,mobile,United States,google,cpc,brand_search,Paid,61.13,61.13,3.0,2,2,['Accessories' 'Drinkware'],1,True,,20.38,2,Tuesday,1378
T0000711,8502569.2220240933.1727186733,8502569.2220240933,2024-09-24 14:02:02.309971,2024-09-24,desktop,United States,google,cpc,shopping_feed,Paid,61.1,61.1,3.0,2,1,['Apparel'],1,True,,20.37,14,Tuesday,1379
T0003670,3600641.2281913263.1732577221,3600641.2281913263,2024-11-25 23:21:15.132193,2024-11-25,desktop,United States,google,cpc,shopping_feed,Paid,61.03,61.03,3.0,2,1,['Accessories'],1,True,,20.34,23,Monday,1380
T0000999,4519313.4630023033.1727791439,4519313.4630023033,2024-10-01 13:57:41.110572,2024-10-01,desktop,United States,(direct),(none),(direct),Direct,60.96,60.96,2.0,1,1,['Lifestyle'],1,True,,30.48,13,Tuesday,1381
T0001245,5648227.4198484053.1728353999,5648227.4198484053,2024-10-08 02:17:41.152871,2024-10-08,mobile,United States,facebook,paid_social,prospecting_broad,Paid,60.96,60.96,3.0,2,2,['Drinkware' 'Office'],1,True,,20.32,2,Tuesday,1381
T0004404,3752035.3374659094.1732970376,3752035.3374659094,2024-11-30 12:48:07.111759,2024-11-30,desktop,India,facebook,paid_social,prospecting_broad,Paid,60.95,60.95,3.0,3,2,['Apparel' 'Drinkware'],1,True,,20.32,12,Saturday,1382
T0000758,3594252.8514548774.1727265659,3594252.8514548774,2024-09-25 12:09:25.657449,2024-09-25,desktop,Singapore,google,cpc,brand_search,Paid,60.82,60.82,4.0,3,3,['Accessories' 'Lifestyle' 'Stationery'],1,True,,15.21,12,Wednesday,1383
T0000237,6278063.5054553754.1726069202,6278063.5054553754,2024-09-11 15:43:58.757679,2024-09-11,mobile,Germany,(direct),(none),(direct),Direct,60.78,60.78,2.0,2,2,['Accessories' 'Office'],1,True,,30.39,15,Wednesday,1384
T0001291,9292122.2851045992.1728446047,9292122.2851045992,2024-10-09 03:50:11.003633,2024-10-09,mobile,United States,newsletter,email,weekly_drop,Email,60.73,60.73,1.0,1,1,['Apparel'],1,True,,60.73,3,Wednesday,1385
T0000367,6498034.2884081665.1726412708,6498034.2884081665,2024-09-15 15:01:30.505540,2024-09-15,desktop,United States,google,cpc,brand_search,Paid,60.73,60.73,1.0,1,1,['Apparel'],1,True,,60.73,15,Sunday,1385
T0002221,2319150.5409056448.1730201559,2319150.5409056448,2024-10-29 11:36:44.679897,2024-10-29,desktop,Singapore,google,organic,(organic),Organic Search,60.73,60.73,1.0,1,1,['Apparel'],1,True,,60.73,11,Tuesday,1385
T0002134,2254794.5613278878.1730042737,2254794.5613278878,2024-10-27 15:36:21.990958,2024-10-27,desktop,United States,partners,affiliate,coupon_partners,Affiliate,60.73,60.73,1.0,1,1,['Apparel'],1,True,,60.73,15,Sunday,1385
T0002048,2840783.7859716188.1729892463,2840783.7859716188,2024-10-25 21:37:36.691511,2024-10-25,tablet,Canada,google,cpc,shopping_feed,Paid,60.73,60.73,1.0,1,1,['Apparel'],1,True,,60.73,21,Friday,1385
T0002662,3964099.7118522096.1730926716,3964099.7118522096,2024-11-06 20:56:40.968359,2024-11-06,tablet,United States,newsletter,email,weekly_drop,Email,60.73,60.73,1.0,1,1,['Apparel'],1,True,,60.73,20,Wednesday,1385
T0002008,5928635.3810104635.1729815191,5928635.3810104635,2024-10-25 00:14:43.516907,2024-10-25,desktop,United States,google,organic,(organic),Organic Search,60.73,60.73,1.0,1,1,['Apparel'],1,True,,60.73,0,Friday,1385
T0003485,9379881.9656601294.1732395943,9379881.9656601294,2024-11-23 21:15:39.265138,2024-11-23,desktop,United States,(direct),(none),(direct),Direct,60.73,60.73,1.0,1,1,['Apparel'],2,False,3,60.73,21,Saturday,1385
T0000501,1471536.6798792362.1726727218,1471536.6798792362,2024-09-19 06:24:48.663105,2024-09-19,tablet,Singapore,google,organic,(organic),Organic Search,60.73,60.73,1.0,1,1,['Apparel'],1,True,,60.73,6,Thursday,1385
T0000861,4161372.1931227436.1727489643,4161372.1931227436,2024-09-28 02:15:20.129152,2024-09-28,desktop,United States,google,cpc,brand_search,Paid,60.73,60.73,1.0,1,1,['Apparel'],1,True,,60.73,2,Saturday,1385
T0003687,4076532.3689281520.1732586811,4076532.3689281520,2024-11-26 02:15:31.578637,2024-11-26,mobile,United States,(direct),(none),(direct),Direct,60.73,60.73,1.0,1,1,['Apparel'],1,True,,60.73,2,Tuesday,1385
T0004466,4461480.5938133366.1732998770,4461480.5938133366,2024-11-30 20:43:19.131745,2024-11-30,desktop,Singapore,google,organic,(organic),Organic Search,60.73,60.73,1.0,1,1,['Apparel'],1,True,,60.73,20,Saturday,1385
T0000725,7703261.2826067064.1727206748,7703261.2826067064,2024-09-24 19:40:50.326686,2024-09-24,tablet,United States,(direct),(none),(direct),Direct,60.73,60.73,1.0,1,1,['Apparel'],1,True,,60.73,19,Tuesday,1385
T0002030,2036452.8159938284.1729862863,2036452.8159938284,2024-10-25 13:36:31.289696,2024-10-25,desktop,United States,google,organic,(organic),Organic Search,60.73,60.73,1.0,1,1,['Apparel'],1,True,,60.73,13,Friday,1385
T0001121,2936655.5239090873.1728081150,2936655.5239090873,2024-10-04 22:33:17.497883,2024-10-04,desktop,United States,google,cpc,shopping_feed,Paid,60.73,60.73,1.0,1,1,['Apparel'],1,True,,60.73,22,Friday,1385
T0003652,5500137.2339897718.1732568399,5500137.2339897718,2024-11-25 20:54:03.897343,2024-11-25,desktop,Germany,google,organic,(organic),Organic Search,60.73,60.73,1.0,1,1,['Apparel'],1,True,,60.73,20,Monday,1385
T0000186,8832824.9428859204.1725922843,8832824.9428859204,2024-09-09 22:58:29.232819,2024-09-09,tablet,United States,(direct),(none),(direct),Direct,60.73,60.73,1.0,1,1,['Apparel'],1,True,,60.73,22,Monday,1385
T0003631,6198006.8228500519.1732560522,6198006.8228500519,2024-11-25 18:46:05.388035,2024-11-25,desktop,Canada,google,cpc,brand_search,Paid,60.73,60.73,1.0,1,1,['Apparel'],1,True,,60.73,18,Monday,1385
T0004179,2638067.4542438709.1732841908,2638067.4542438709,2024-11-29 01:05:42.612054,2024-11-29,mobile,United States,newsletter,email,weekly_drop,Email,60.73,60.73,1.0,1,1,['Apparel'],1,True,,60.73,1,Friday,1385
T0003126,5414709.4870175393.1731785450,5414709.4870175393,2024-11-16 19:45:14.244366,2024-11-16,mobile,United States,google,cpc,shopping_feed,Paid,60.73,60.73,1.0,1,1,['Apparel'],1,True,,60.73,19,Saturday,1385
T0004452,5803447.8420619706.1732993100,5803447.8420619706,2024-11-30 18:58:43.997356,2024-11-30,desktop,United States,google,cpc,shopping_feed,Paid,60.73,60.73,1.0,1,1,['Apparel'],1,True,,60.73,18,Saturday,1385
T0001329,6145462.1733573856.1728525824,6145462.1733573856,2024-10-10 02:06:44.513039,2024-10-10,mobile,United States,google,cpc,shopping_feed,Paid,60.73,60.73,1.0,1,1,['Apparel'],1,True,,60.73,2,Thursday,1385
T0001308,4271632.5040602973.1728483058,4271632.5040602973,2024-10-09 14:28:45.881793,2024-10-09,desktop,United States,google,organic,(organic),Organic Search,60.73,60.73,1.0,1,1,['Apparel'],1,True,,60.73,14,Wednesday,1385
T0001752,5573643.1561674480.1729347716,5573643.1561674480,2024-10-19 14:32:34.060728,2024-10-19,mobile,India,facebook,paid_social,prospecting_broad,Paid,60.73,60.73,1.0,1,1,['Apparel'],1,True,,60.73,14,Saturday,1385
T0002169,2144292.7486302570.1730112199,2144292.7486302570,2024-10-28 10:55:11.768876,2024-10-28,desktop,United States,facebook,paid_social,prospecting_broad,Paid,60.73,60.73,1.0,1,1,['Apparel'],1,True,,60.73,10,Monday,1385
T0003221,6416298.7116796651.1731955145,6416298.7116796651,2024-11-18 18:46:28.401610,2024-11-18,mobile,Netherlands,google,organic,(organic),Organic Search,60.73,60.73,1.0,1,1,['Apparel'],1,True,,60.73,18,Monday,1385
T0000503,7174693.1223806635.1726727935,7174693.1223806635,2024-09-19 06:47:44.880274,2024-09-19,desktop,India,google,cpc,shopping_feed,Paid,60.73,60.73,1.0,1,1,['Apparel'],1,True,,60.73,6,Thursday,1385
T0003499,3196037.8305026318.1732425902,3196037.8305026318,2024-11-24 05:19:29.525528,2024-11-24,mobile,India,(direct),(none),(direct),Direct,60.68,60.68,2.0,2,2,['Drinkware' 'Lifestyle'],1,True,,30.34,5,Sunday,1386
T0000898,8236451.1144777980.1727562320,8236451.1144777980,2024-09-28 22:20:16.572000,2024-09-28,tablet,India,facebook,paid_social,prospecting_broad,Paid,60.64,60.64,3.0,3,2,['Apparel' 'Drinkware'],1,True,,20.21,22,Saturday,1387
T0002133,9941324.5408805228.1730042545,9941324.5408805228,2024-10-27 15:23:34.377369,2024-10-27,desktop,United Kingdom,(direct),(none),(direct),Direct,60.59,60.59,2.0,2,2,['Electronics' 'Office'],1,True,,30.3,15,Sunday,1388
T0000934,4188953.5371456787.1727653694,4188953.5371456787,2024-09-29 23:58:49.843556,2024-09-29,mobile,Netherlands,google,cpc,brand_search,Paid,60.51,60.51,2.0,2,2,['Apparel' 'Lifestyle'],1,True,,30.26,23,Sunday,1389
T0001476,7736046.1769993454.1728865559,7736046.1769993454,2024-10-14 00:55:43.352298,2024-10-14,tablet,Brazil,newsletter,email,weekly_drop,Email,60.47,60.47,2.0,2,2,['Apparel' 'Lifestyle'],1,True,,30.24,0,Monday,1390
T0003897,2589425.7451117921.1732714473,2589425.7451117921,2024-11-27 13:34:11.814263,2024-11-27,desktop,Australia,google,cpc,shopping_feed,Paid,60.45,60.45,2.0,2,2,['Accessories' 'Lifestyle'],1,True,,30.23,13,Wednesday,1391
T0002552,6081417.2199751940.1730742861,6081417.2199751940,2024-11-04 18:13:59.664933,2024-11-04,mobile,Brazil,google,cpc,brand_search,Paid,60.45,60.45,2.0,2,2,['Accessories' 'Lifestyle'],1,True,,30.23,18,Monday,1391
T0000287,2549417.7843804482.1726210389,2549417.7843804482,2024-09-13 06:56:10.799001,2024-09-13,desktop,United States,newsletter,email,weekly_drop,Email,60.45,60.45,2.0,2,2,['Accessories' 'Lifestyle'],1,True,,30.23,6,Friday,1391
T0003712,3736571.5152006693.1732617531,3736571.5152006693,2024-11-26 10:32:14.206173,2024-11-26,desktop,France,google,organic,(organic),Organic Search,60.37,60.37,3.0,2,2,['Accessories' 'Headgear'],1,True,,20.12,10,Tuesday,1392
T0003790,3952382.7734230262.1732653804,3952382.7734230262,2024-11-26 20:39:04.039798,2024-11-26,tablet,United Kingdom,youtube.com,referral,(referral),Referral,60.25,60.25,3.0,3,2,['Apparel' 'Drinkware'],1,True,,20.08,20,Tuesday,1393
T0000374,4626622.7773662704.1726423208,4626622.7773662704,2024-09-15 18:03:19.508356,2024-09-15,desktop,United States,google,organic,(organic),Organic Search,60.14,60.14,3.0,2,2,['Accessories' 'Apparel'],1,True,,20.05,18,Sunday,1394
T0002652,1864433.3356364156.1730915816,1864433.3356364156,2024-11-06 17:58:57.294069,2024-11-06,desktop,United Kingdom,google,organic,(organic),Organic Search,59.95,59.95,1.0,1,1,['Bags'],1,True,,59.95,17,Wednesday,1395
T0003524,2260388.1234512868.1732468302,2260388.1234512868,2024-11-24 17:08:01.962757,2024-11-24,mobile,United States,newsletter,email,weekly_drop,Email,59.95,59.95,1.0,1,1,['Bags'],1,True,,59.95,17,Sunday,1395
T0003726,2809372.6847254685.1732621973,2809372.6847254685,2024-11-26 12:01:12.095969,2024-11-26,desktop,Brazil,google,organic,(organic),Organic Search,59.95,59.95,1.0,1,1,['Bags'],1,True,,59.95,12,Tuesday,1395
T0000965,8168720.4242749698.1727721223,8168720.4242749698,2024-09-30 18:25:42.048228,2024-09-30,desktop,United Kingdom,newsletter,email,weekly_drop,Email,59.95,59.95,1.0,1,1,['Bags'],2,False,23,59.95,18,Monday,1395
T0000078,4301343.7041479661.1725567606,4301343.7041479661,2024-09-05 20:10:04.073370,2024-09-05,desktop,United Kingdom,google,organic,(organic),Organic Search,59.86,59.86,4.0,2,2,['Accessories' 'Stationery'],1,True,,14.97,20,Thursday,1396
T0002497,6178456.5071629649.1730656657,6178456.5071629649,2024-11-03 18:01:04.756121,2024-11-03,desktop,United Kingdom,facebook,paid_social,prospecting_broad,Paid,59.7,59.7,3.0,2,2,['Drinkware' 'Stationery'],1,True,,19.9,18,Sunday,1397
T0000813,2606761.8024039899.1727407833,2606761.8024039899,2024-09-27 03:28:09.725010,2024-09-27,desktop,United States,youtube.com,referral,(referral),Referral,59.68,59.68,2.0,2,2,['Accessories' 'Office'],1,True,,29.84,3,Friday,1398
T0003999,3013831.5606121176.1732765635,3013831.5606121176,2024-11-28 03:53:05.464032,2024-11-28,mobile,United States,google,organic,(organic),Organic Search,59.68,59.68,2.0,2,2,['Accessories' 'Office'],1,True,,29.84,3,Thursday,1398
T0001084,4870501.5273833421.1727988556,4870501.5273833421,2024-10-03 20:51:23.582806,2024-10-03,desktop,United States,(direct),(none),(direct),Direct,59.66,59.66,3.0,3,2,['Accessories' 'Drinkware'],1,True,,19.89,20,Thursday,1399
T0001389,9694432.1125142304.1728668933,9694432.1125142304,2024-10-11 17:45:28.745567,2024-10-11,desktop,United Kingdom,(direct),(none),(direct),Direct,59.55,59.55,4.0,2,1,['Accessories'],1,True,,14.89,17,Friday,1400
T0001157,3904393.8170015903.1728166062,3904393.8170015903,2024-10-05 22:13:50.625986,2024-10-05,desktop,Canada,google,organic,(organic),Organic Search,59.48,59.48,2.0,2,2,['Electronics' 'Lifestyle'],1,True,,29.74,22,Saturday,1401
T0003024,3737215.6665797111.1731588672,3737215.6665797111,2024-11-14 13:02:53.426904,2024-11-14,mobile,Germany,google,cpc,shopping_feed,Paid,59.34,59.34,3.0,2,2,['Drinkware' 'Electronics'],1,True,,19.78,13,Thursday,1402
T0003706,2043393.4781404874.1732612660,2043393.4781404874,2024-11-26 09:19:44.936297,2024-11-26,desktop,United States,(direct),(none),(direct),Direct,59.33,59.33,2.0,2,2,['Apparel' 'Office'],1,True,,29.67,9,Tuesday,1403
T0004251,6906594.9145528330.1732883592,6906594.9145528330,2024-11-29 12:34:24.739280,2024-11-29,desktop,United States,(direct),(none),(direct),Direct,59.31,59.31,3.0,1,1,['Apparel'],1,True,,19.77,12,Friday,1404
T0002183,2993830.4401566375.1730136828,2993830.4401566375,2024-10-28 17:33:23.085158,2024-10-28,desktop,United States,google,organic,(organic),Organic Search,59.31,59.31,3.0,1,1,['Apparel'],1,True,,19.77,17,Monday,1404
T0003218,7590813.8091737744.1731952030,7590813.8091737744,2024-11-18 17:51:08.343644,2024-11-18,desktop,India,google,organic,(organic),Organic Search,59.31,59.31,3.0,1,1,['Apparel'],1,True,,19.77,17,Monday,1404
T0000346,2116687.2038716293.1726349926,2116687.2038716293,2024-09-14 21:35:30.304458,2024-09-14,desktop,United Kingdom,google,cpc,brand_search,Paid,59.31,59.31,3.0,1,1,['Apparel'],1,True,,19.77,21,Saturday,1404
T0003980,3246225.8660407901.1732752307,3246225.8660407901,2024-11-28 00:08:24.651499,2024-11-28,desktop,United States,newsletter,email,weekly_drop,Email,59.31,59.31,3.0,1,1,['Apparel'],1,True,,19.77,0,Thursday,1404
T0004111,3747412.7129334913.1732817811,3747412.7129334913,2024-11-28 18:17:53.691253,2024-11-28,desktop,United States,(direct),(none),(direct),Direct,59.31,59.31,3.0,1,1,['Apparel'],1,True,,19.77,18,Thursday,1404
T0002564,5506549.6383781338.1730762466,5506549.6383781338,2024-11-04 23:27:58.967512,2024-11-04,mobile,Germany,google,organic,(organic),Organic Search,59.31,59.31,3.0,1,1,['Apparel'],1,True,,19.77,23,Monday,1404
T0002306,3419797.7776952852.1730362263,3419797.7776952852,2024-10-31 08:18:03.143884,2024-10-31,desktop,India,google,cpc,brand_search,Paid,59.31,59.31,3.0,1,1,['Apparel'],2,False,27,19.77,8,Thursday,1404
T0003519,7935309.1345525218.1732461980,7935309.1345525218,2024-11-24 15:34:57.014829,2024-11-24,mobile,India,newsletter,email,weekly_drop,Email,59.31,59.31,3.0,1,1,['Apparel'],1,True,,19.77,15,Sunday,1404
T0003459,3642845.2714768868.1732358937,3642845.2714768868,2024-11-23 11:01:54.353515,2024-11-23,desktop,United States,google,organic,(organic),Organic Search,59.31,59.31,3.0,1,1,['Apparel'],1,True,,19.77,11,Saturday,1404
T0003564,8497965.7724677706.1732512638,8497965.7724677706,2024-11-25 05:40:41.993207,2024-11-25,desktop,United States,google,cpc,shopping_feed,Paid,59.31,59.31,3.0,1,1,['Apparel'],1,True,,19.77,5,Monday,1404
T0003214,3328053.6624391177.1731943418,3328053.6624391177,2024-11-18 15:27:34.541722,2024-11-18,mobile,Brazil,google,organic,(organic),Organic Search,59.23,59.23,3.0,3,3,['Apparel' 'Office' 'Stationery'],1,True,,19.74,15,Monday,1405
T0001667,2919709.3985677743.1729194189,2919709.3985677743,2024-10-17 19:44:09.743885,2024-10-17,tablet,Japan,google,cpc,shopping_feed,Paid,59.15,59.15,3.0,2,2,['Accessories' 'Headgear'],1,True,,19.72,19,Thursday,1406
T0000046,5970496.6625987304.1725426436,5970496.6625987304,2024-09-04 05:19:31.818475,2024-09-04,desktop,Canada,(direct),(none),(direct),Direct,59.05,59.05,3.0,3,3,['Accessories' 'Drinkware' 'Stationery'],1,True,,19.68,5,Wednesday,1407
T0000916,3702835.9066362450.1727622868,3702835.9066362450,2024-09-29 15:15:08.310137,2024-09-29,desktop,Germany,newsletter,email,weekly_drop,Email,59.01,59.01,3.0,2,2,['Accessories' 'Headgear'],1,True,,19.67,15,Sunday,1408
T0003447,7084353.9848193126.1732318649,7084353.9848193126,2024-11-22 23:38:54.622870,2024-11-22,desktop,United States,(direct),(none),(direct),Direct,58.86,58.86,3.0,3,2,['Apparel' 'Headgear'],2,False,11,19.62,23,Friday,1409
T0002431,5131941.7311719850.1730551604,5131941.7311719850,2024-11-02 12:51:53.768627,2024-11-02,desktop,India,google,cpc,shopping_feed,Paid,58.82,58.82,2.0,1,1,['Apparel'],1,True,,29.41,12,Saturday,1410
T0002191,6929187.4706147628.1730148016,6929187.4706147628,2024-10-28 20:55:07.533426,2024-10-28,desktop,United States,newsletter,email,weekly_drop,Email,58.82,58.82,2.0,1,1,['Apparel'],1,True,,29.41,20,Monday,1410
T0001041,7595171.7517182386.1727877699,7595171.7517182386,2024-10-02 14:01:59.177844,2024-10-02,mobile,United States,youtube.com,referral,(referral),Referral,58.82,58.82,2.0,1,1,['Apparel'],1,True,,29.41,14,Wednesday,1410
T0003025,8712726.9003807360.1731590032,8712726.9003807360,2024-11-14 13:10:34.084731,2024-11-14,mobile,United Kingdom,google,organic,(organic),Organic Search,58.82,58.82,2.0,1,1,['Apparel'],1,True,,29.41,13,Thursday,1410
T0001725,7110962.9145056379.1729287851,7110962.9145056379,2024-10-18 21:55:03.604130,2024-10-18,mobile,Australia,google,organic,(organic),Organic Search,58.82,58.82,2.0,1,1,['Apparel'],1,True,,29.41,21,Friday,1410
T0002173,1538929.2358757479.1730121666,1538929.2358757479,2024-10-28 13:37:57.875739,2024-10-28,mobile,United States,google,cpc,shopping_feed,Paid,58.82,58.82,2.0,1,1,['Apparel'],1,True,,29.41,13,Monday,1410
T0003814,1035556.6744777058.1732660090,1035556.6744777058,2024-11-26 22:34:28.429063,2024-11-26,mobile,United States,google,cpc,brand_search,Paid,58.82,58.82,2.0,1,1,['Apparel'],1,True,,29.41,22,Tuesday,1410
T0001391,8563036.8709554016.1728669374,8563036.8709554016,2024-10-11 18:02:16.729569,2024-10-11,desktop,Singapore,google,organic,(organic),Organic Search,58.82,58.82,2.0,1,1,['Apparel'],1,True,,29.41,18,Friday,1410
T0000923,9373998.7703369219.1727641647,9373998.7703369219,2024-09-29 20:25:07.611429,2024-09-29,mobile,United States,facebook,paid_social,prospecting_broad,Paid,58.82,58.82,2.0,1,1,['Apparel'],1,True,,29.41,20,Sunday,1410
T0002721,7435712.5958937947.1731055032,7435712.5958937947,2024-11-08 08:33:06.100613,2024-11-08,desktop,Brazil,partners,affiliate,coupon_partners,Affiliate,58.82,58.82,2.0,1,1,['Apparel'],1,True,,29.41,8,Friday,1410
T0002277,8790456.7283228906.1730311726,8790456.7283228906,2024-10-30 18:16:39.016946,2024-10-30,mobile,India,(direct),(none),(direct),Direct,58.82,58.82,2.0,1,1,['Apparel'],1,True,,29.41,18,Wednesday,1410
T0004340,2669928.6964791029.1732920091,2669928.6964791029,2024-11-29 22:43:29.354756,2024-11-29,desktop,Canada,google,cpc,brand_search,Paid,58.82,58.82,2.0,1,1,['Apparel'],1,True,,29.41,22,Friday,1410
T0000452,4058993.7810076997.1726589730,4058993.7810076997,2024-09-17 16:21:33.786094,2024-09-17,desktop,India,google,organic,(organic),Organic Search,58.82,58.82,2.0,1,1,['Apparel'],1,True,,29.41,16,Tuesday,1410
T0003803,2618803.8740778712.1732656638,2618803.8740778712,2024-11-26 21:48:30.258866,2024-11-26,tablet,United States,newsletter,email,weekly_drop,Email,58.81,58.81,2.0,2,2,['Drinkware' 'Lifestyle'],1,True,,29.41,21,Tuesday,1411
T0002706,6105806.7360802313.1731014863,6105806.7360802313,2024-11-07 21:36:06.511591,2024-11-07,desktop,India,(direct),(none),(direct),Direct,58.76,58.76,1.0,1,1,['Bags'],1,True,,58.76,21,Thursday,1412
T0001482,6985182.2955284054.1728881364,6985182.2955284054,2024-10-14 04:51:40.686185,2024-10-14,desktop,United Kingdom,google,cpc,shopping_feed,Paid,58.76,58.76,1.0,1,1,['Bags'],2,False,5,58.76,4,Monday,1412
T0000535,4688879.4858152390.1726787768,4688879.4858152390,2024-09-19 23:06:06.769659,2024-09-19,desktop,United States,(direct),(none),(direct),Direct,58.76,58.76,1.0,1,1,['Bags'],1,True,,58.76,23,Thursday,1412
T0001911,8239271.4553495637.1729653023,8239271.4553495637,2024-10-23 03:19:09.226023,2024-10-23,mobile,United States,google,organic,(organic),Organic Search,58.76,58.76,1.0,1,1,['Bags'],1,True,,58.76,3,Wednesday,1412
T0002935,2492923.4850122853.1731413727,2492923.4850122853,2024-11-12 12:20:50.830780,2024-11-12,desktop,United States,(direct),(none),(direct),Direct,58.76,58.76,1.0,1,1,['Bags'],1,True,,58.76,12,Tuesday,1412
T0004399,8586969.7832895801.1732969815,8586969.7832895801,2024-11-30 12:33:51.881328,2024-11-30,mobile,United States,(direct),(none),(direct),Direct,58.76,58.76,1.0,1,1,['Bags'],1,True,,58.76,12,Saturday,1412
T0001937,5967552.1733099459.1729697105,5967552.1733099459,2024-10-23 15:25:07.011411,2024-10-23,mobile,United States,facebook,paid_social,prospecting_broad,Paid,58.76,58.76,1.0,1,1,['Bags'],1,True,,58.76,15,Wednesday,1412
T0003236,4022687.5611218796.1731972349,4022687.5611218796,2024-11-18 23:33:41.238182,2024-11-18,desktop,United States,google,organic,(organic),Organic Search,58.76,58.76,1.0,1,1,['Bags'],1,True,,58.76,23,Monday,1412
T0000359,2210448.4706607911.1726397152,2210448.4706607911,2024-09-15 11:02:23.291625,2024-09-15,tablet,United States,newsletter,email,weekly_drop,Email,58.76,58.76,1.0,1,1,['Bags'],1,True,,58.76,11,Sunday,1412
T0001020,9246893.8220855905.1727815885,9246893.8220855905,2024-10-01 20:59:04.884179,2024-10-01,mobile,Canada,youtube.com,referral,(referral),Referral,58.76,58.76,1.0,1,1,['Bags'],1,True,,58.76,20,Tuesday,1412
T0001858,7398731.9126126885.1729585867,7398731.9126126885,2024-10-22 08:34:02.419448,2024-10-22,mobile,United States,google,cpc,brand_search,Paid,58.76,58.76,1.0,1,1,['Bags'],1,True,,58.76,8,Tuesday,1412
T0000646,9288184.6421924242.1727040199,9288184.6421924242,2024-09-22 21:24:39.224983,2024-09-22,desktop,United Kingdom,google,cpc,shopping_feed,Paid,58.76,58.76,1.0,1,1,['Bags'],1,True,,58.76,21,Sunday,1412
T0000295,4107689.8755152724.1726227836,4107689.8755152724,2024-09-13 11:45:35.008342,2024-09-13,desktop,United States,(direct),(none),(direct),Direct,58.76,58.76,1.0,1,1,['Bags'],1,True,,58.76,11,Friday,1412
T0001180,3176626.4426397438.1728214287,3176626.4426397438,2024-10-06 11:31:12.121303,2024-10-06,mobile,India,(direct),(none),(direct),Direct,58.76,58.76,1.0,1,1,['Bags'],1,True,,58.76,11,Sunday,1412
T0003068,6011081.4214027739.1731681229,6011081.4214027739,2024-11-15 14:41:49.086834,2024-11-15,desktop,Mexico,(direct),(none),(direct),Direct,58.76,58.76,1.0,1,1,['Bags'],1,True,,58.76,14,Friday,1412
T0001900,9079454.1902236450.1729636834,9079454.1902236450,2024-10-22 22:53:35.301404,2024-10-22,desktop,United States,google,organic,(organic),Organic Search,58.76,58.76,1.0,1,1,['Bags'],1,True,,58.76,22,Tuesday,1412
T0001030,9857571.4386557292.1727848394,9857571.4386557292,2024-10-02 05:45:52.247505,2024-10-02,mobile,Australia,partners,affiliate,coupon_partners,Affiliate,58.76,58.76,1.0,1,1,['Bags'],1,True,,58.76,5,Wednesday,1412
T0002330,7168575.2625118379.1730395787,7168575.2625118379,2024-10-31 17:40:52.645963,2024-10-31,mobile,India,(direct),(none),(direct),Direct,58.76,58.76,1.0,1,1,['Bags'],1,True,,58.76,17,Thursday,1412
T0001461,6747712.3774205928.1728833143,6747712.3774205928,2024-10-13 15:38:45.754480,2024-10-13,desktop,Australia,google,cpc,brand_search,Paid,58.76,58.76,1.0,1,1,['Bags'],1,True,,58.76,15,Sunday,1412
T0003819,1377884.8058833639.1732661365,1377884.8058833639,2024-11-26 22:49:16.065443,2024-11-26,desktop,United States,youtube.com,referral,(referral),Referral,58.76,58.76,1.0,1,1,['Bags'],1,True,,58.76,22,Tuesday,1412
T0001294,1967021.9222824101.1728455488,1967021.9222824101,2024-10-09 06:36:23.944031,2024-10-09,mobile,United States,(direct),(none),(direct),Direct,58.76,58.76,1.0,1,1,['Bags'],1,True,,58.76,6,Wednesday,1412
T0001969,2818354.1615296952.1729756978,2818354.1615296952,2024-10-24 07:59:25.102491,2024-10-24,mobile,India,(direct),(none),(direct),Direct,58.76,58.76,1.0,1,1,['Bags'],1,True,,58.76,7,Thursday,1412
T0000360,7205669.3596986062.1726398313,7205669.3596986062,2024-09-15 11:10:48.834421,2024-09-15,tablet,United States,google,organic,(organic),Organic Search,58.76,58.76,1.0,1,1,['Bags'],1,True,,58.76,11,Sunday,1412
T0000205,7605489.7272252737.1725988719,7605489.7272252737,2024-09-10 17:23:45.039467,2024-09-10,desktop,United States,(direct),(none),(direct),Direct,58.76,58.76,1.0,1,1,['Bags'],1,True,,58.76,17,Tuesday,1412
T0003772,2575972.9041387382.1732642401,2575972.9041387382,2024-11-26 17:35:59.689251,2024-11-26,desktop,United States,google,organic,(organic),Organic Search,58.76,58.76,1.0,1,1,['Bags'],1,True,,58.76,17,Tuesday,1412
T0001754,8234899.8479987497.1729351700,8234899.8479987497,2024-10-19 15:33:10.039406,2024-10-19,mobile,United States,(direct),(none),(direct),Direct,58.7,58.7,3.0,3,3,['Accessories' 'Apparel' 'Electronics'],1,True,,19.57,15,Saturday,1413
T0000289,5371666.7233771454.1726215572,5371666.7233771454,2024-09-13 08:20:08.134146,2024-09-13,desktop,United States,(direct),(none),(direct),Direct,58.63,58.63,2.0,2,2,['Apparel' 'Electronics'],1,True,,29.32,8,Friday,1414
T0000740,6819759.3985525212.1727222807,6819759.3985525212,2024-09-25 00:06:45.852954,2024-09-25,mobile,Australia,google,cpc,shopping_feed,Paid,58.6,58.6,2.0,2,2,['Apparel' 'Office'],1,True,,29.3,0,Wednesday,1415
T0000478,1009305.6448083790.1726676801,1009305.6448083790,2024-09-18 16:20:11.534872,2024-09-18,desktop,Germany,newsletter,email,weekly_drop,Email,58.6,58.6,2.0,2,2,['Apparel' 'Office'],1,True,,29.3,16,Wednesday,1415
T0001855,4212111.3804717744.1729583471,4212111.3804717744,2024-10-22 07:45:42.023968,2024-10-22,desktop,Netherlands,youtube.com,referral,(referral),Referral,58.6,58.6,2.0,2,2,['Apparel' 'Office'],1,True,,29.3,7,Tuesday,1415
T0001599,7621911.6772718584.1729085471,7621911.6772718584,2024-10-16 13:41:44.429461,2024-10-16,tablet,United States,youtube.com,referral,(referral),Referral,58.6,58.6,2.0,2,2,['Apparel' 'Office'],1,True,,29.3,13,Wednesday,1415
T0003056,4008999.5001531006.1731666751,4008999.5001531006,2024-11-15 10:26:25.791057,2024-11-15,mobile,Japan,(direct),(none),(direct),Direct,58.6,58.6,2.0,2,2,['Apparel' 'Office'],1,True,,29.3,10,Friday,1415
T0000211,3727327.3759091356.1725997788,3727327.3759091356,2024-09-10 20:04:39.401799,2024-09-10,desktop,United States,newsletter,email,weekly_drop,Email,58.59,58.59,2.0,2,1,['Accessories'],1,True,,29.3,20,Tuesday,1416
T0002698,8509685.3702270130.1731004238,8509685.3702270130,2024-11-07 18:29:35.284119,2024-11-07,desktop,United States,google,organic,(organic),Organic Search,58.58,58.58,3.0,3,3,['Accessories' 'Apparel' 'Drinkware'],1,True,,19.53,18,Thursday,1417
T0000365,4078137.6160055943.1726404235,4078137.6160055943,2024-09-15 12:44:00.484420,2024-09-15,mobile,United States,(direct),(none),(direct),Direct,58.58,58.58,2.0,1,1,['Drinkware'],1,True,,29.29,12,Sunday,1417
T0003406,7711766.2594866184.1732275486,7711766.2594866184,2024-11-22 11:41:26.329110,2024-11-22,desktop,Brazil,google,organic,(organic),Organic Search,58.58,58.58,2.0,1,1,['Drinkware'],1,True,,29.29,11,Friday,1417
T0002830,3363027.5164329324.1731238128,3363027.5164329324,2024-11-10 11:37:00.945817,2024-11-10,desktop,United States,(direct),(none),(direct),Direct,58.58,58.58,2.0,1,1,['Drinkware'],1,True,,29.29,11,Sunday,1417
T0000744,3866877.9634409531.1727234091,3866877.9634409531,2024-09-25 03:25:49.002859,2024-09-25,mobile,Germany,(direct),(none),(direct),Direct,58.58,58.58,2.0,1,1,['Drinkware'],1,True,,29.29,3,Wednesday,1417
T0003904,7368484.1805164921.1732719578,7368484.1805164921,2024-11-27 14:58:42.993862,2024-11-27,mobile,United States,(direct),(none),(direct),Direct,58.58,58.58,2.0,1,1,['Drinkware'],1,True,,29.29,14,Wednesday,1417
T0002790,7511436.2275855955.1731163531,7511436.2275855955,2024-11-09 14:42:40.767101,2024-11-09,mobile,United States,(direct),(none),(direct),Direct,58.58,58.58,3.0,3,3,['Accessories' 'Apparel' 'Drinkware'],2,False,6,19.53,14,Saturday,1417
T0003347,7979293.1836750830.1732173097,7979293.1836750830,2024-11-21 07:15:54.575377,2024-11-21,mobile,United States,google,cpc,brand_search,Paid,58.49,58.49,3.0,3,3,['Accessories' 'Apparel' 'Lifestyle'],1,True,,19.5,7,Thursday,1418
T0001553,6143975.1078188088.1728996982,6143975.1078188088,2024-10-15 13:09:34.989040,2024-10-15,desktop,Canada,google,organic,(organic),Organic Search,58.44,58.44,2.0,1,1,['Electronics'],1,True,,29.22,13,Tuesday,1419
T0002554,9625926.8453451199.1730747834,9625926.8453451199,2024-11-04 19:25:55.346818,2024-11-04,mobile,United Kingdom,newsletter,email,weekly_drop,Email,58.43,58.43,2.0,2,2,['Accessories' 'Lifestyle'],1,True,,29.22,19,Monday,1420
T0000937,9479577.2459835324.1727672527,9479577.2459835324,2024-09-30 05:15:13.105414,2024-09-30,mobile,Germany,(direct),(none),(direct),Direct,58.41,58.41,2.0,2,2,['Apparel' 'Electronics'],1,True,,29.21,5,Monday,1421
T0002021,3803723.8240093573.1729847467,3803723.8240093573,2024-10-25 09:14:19.024508,2024-10-25,desktop,United States,google,cpc,brand_search,Paid,58.41,58.41,2.0,2,2,['Apparel' 'Electronics'],2,False,9,29.21,9,Friday,1421
T0004325,5517418.2814310742.1732915760,5517418.2814310742,2024-11-29 21:43:12.104909,2024-11-29,desktop,France,google,organic,(organic),Organic Search,58.3,58.3,3.0,3,2,['Accessories' 'Headgear'],1,True,,19.43,21,Friday,1422
T0002625,9142190.5266367540.1730882566,9142190.5266367540,2024-11-06 08:49:54.215591,2024-11-06,tablet,United Kingdom,google,organic,(organic),Organic Search,58.29,58.29,3.0,2,2,['Accessories' 'Drinkware'],1,True,,19.43,8,Wednesday,1423
T0003143,6637650.1914843391.1731812366,6637650.1914843391,2024-11-17 02:56:46.766690,2024-11-17,desktop,United States,google,organic,(organic),Organic Search,58.29,58.29,3.0,2,2,['Apparel' 'Stationery'],1,True,,19.43,2,Sunday,1423
T0001435,2668273.2188346226.1728756231,2668273.2188346226,2024-10-12 18:07:56.384543,2024-10-12,desktop,United Kingdom,google,organic,(organic),Organic Search,58.27,58.27,2.0,2,2,['Accessories' 'Lifestyle'],1,True,,29.14,18,Saturday,1424
T0002566,1181536.5162562544.1730765170,1181536.5162562544,2024-11-05 00:15:14.803676,2024-11-05,tablet,Singapore,google,cpc,shopping_feed,Paid,58.16,58.16,3.0,2,2,['Apparel' 'Lifestyle'],1,True,,19.39,0,Tuesday,1425
T0002858,2904957.5503008650.1731272674,2904957.5503008650,2024-11-10 21:08:01.759845,2024-11-10,desktop,United States,google,cpc,shopping_feed,Paid,58.11,58.11,2.0,2,2,['Accessories' 'Drinkware'],1,True,,29.06,21,Sunday,1426
T0001682,1249644.5851416727.1729209360,1249644.5851416727,2024-10-17 23:56:27.957330,2024-10-17,desktop,United States,google,cpc,shopping_feed,Paid,58.1,58.1,3.0,2,2,['Electronics' 'Stationery'],1,True,,19.37,23,Thursday,1427
T0001068,4011370.6782700707.1727959130,4011370.6782700707,2024-10-03 12:46:00.450474,2024-10-03,desktop,France,google,organic,(organic),Organic Search,58.09,58.09,2.0,2,2,['Apparel' 'Stationery'],1,True,,29.05,12,Thursday,1428
T0002486,7963134.2245733661.1730637974,7963134.2245733661,2024-11-03 12:53:47.092281,2024-11-03,desktop,Japan,(direct),(none),(direct),Direct,58.0,58.0,2.0,1,1,['Electronics'],1,True,,29.0,12,Sunday,1429
T0003505,2247757.1034221308.1732451654,2247757.1034221308,2024-11-24 12:37:14.852865,2024-11-24,mobile,United States,facebook,paid_social,prospecting_broad,Paid,57.9,57.9,2.0,2,2,['Drinkware' 'Office'],1,True,,28.95,12,Sunday,1430
T0001104,2183404.6864258688.1728047778,2183404.6864258688,2024-10-04 13:21:44.975416,2024-10-04,desktop,Germany,(direct),(none),(direct),Direct,57.85,57.85,2.0,2,2,['Accessories' 'Headgear'],1,True,,28.93,13,Friday,1431
T0003940,4716239.5203979752.1732736079,4716239.5203979752,2024-11-27 19:34:00.010425,2024-11-27,mobile,United Kingdom,google,organic,(organic),Organic Search,57.76,57.76,4.0,1,1,['Stationery'],1,True,,14.44,19,Wednesday,1432
T0000407,1889150.1606447353.1726493376,1889150.1606447353,2024-09-16 13:19:17.457649,2024-09-16,desktop,United States,(direct),(none),(direct),Direct,57.59,57.59,3.0,2,2,['Accessories' 'Headgear'],1,True,,19.2,13,Monday,1433
T0000888,8324600.6739977846.1727546960,8324600.6739977846,2024-09-28 18:18:19.913423,2024-09-28,tablet,United States,google,organic,(organic),Organic Search,57.5,57.5,2.0,2,2,['Accessories' 'Apparel'],1,True,,28.75,18,Saturday,1434
T0002341,3431976.5346097907.1730405403,3431976.5346097907,2024-10-31 20:12:06.899498,2024-10-31,mobile,United States,(direct),(none),(direct),Direct,57.5,57.5,2.0,2,2,['Accessories' 'Apparel'],1,True,,28.75,20,Thursday,1434
T0001815,7553697.8597943783.1729499294,7553697.8597943783,2024-10-21 08:36:14.900979,2024-10-21,desktop,United Kingdom,(direct),(none),(direct),Direct,57.5,57.5,2.0,2,2,['Accessories' 'Apparel'],1,True,,28.75,8,Monday,1434
T0000770,3135663.3837479530.1727295304,3135663.3837479530,2024-09-25 20:08:20.831999,2024-09-25,mobile,France,google,organic,(organic),Organic Search,57.5,57.5,2.0,2,2,['Accessories' 'Apparel'],1,True,,28.75,20,Wednesday,1434
T0003920,8042838.3415060588.1732725025,8042838.3415060588,2024-11-27 16:26:04.569955,2024-11-27,desktop,United Kingdom,newsletter,email,weekly_drop,Email,57.5,57.5,2.0,2,2,['Accessories' 'Apparel'],1,True,,28.75,16,Wednesday,1434
T0003734,1448885.6168519449.1732624221,1448885.6168519449,2024-11-26 12:39:16.839723,2024-11-26,desktop,Japan,google,organic,(organic),Organic Search,57.5,57.5,2.0,2,2,['Accessories' 'Apparel'],1,True,,28.75,12,Tuesday,1434
T0000772,7007588.3635343156.1727296870,7007588.3635343156,2024-09-25 20:31:52.262771,2024-09-25,mobile,United States,google,cpc,shopping_feed,Paid,57.5,57.5,2.0,2,2,['Accessories' 'Apparel'],1,True,,28.75,20,Wednesday,1434
T0002190,4474158.2178558398.1730145532,4474158.2178558398,2024-10-28 20:03:56.614649,2024-10-28,mobile,Canada,google,cpc,brand_search,Paid,57.45,57.45,2.0,2,2,['Lifestyle' 'Office'],1,True,,28.73,20,Monday,1435
T0001964,4546667.8013022951.1729739610,4546667.8013022951,2024-10-24 03:10:23.446846,2024-10-24,desktop,United States,newsletter,email,weekly_drop,Email,57.45,57.45,2.0,2,2,['Lifestyle' 'Office'],1,True,,28.73,3,Thursday,1435
T0001902,2016463.2825521689.1729638263,2016463.2825521689,2024-10-22 23:05:27.845392,2024-10-22,desktop,Canada,(direct),(none),(direct),Direct,57.4,57.4,2.0,2,2,['Accessories' 'Office'],1,True,,28.7,23,Tuesday,1436
T0002846,6553919.6266259930.1731259111,6553919.6266259930,2024-11-10 17:16:41.248333,2024-11-10,mobile,United States,youtube.com,referral,(referral),Referral,57.38,57.38,2.0,2,2,['Accessories' 'Drinkware'],1,True,,28.69,17,Sunday,1437
T0002499,4851361.2964154602.1730660605,4851361.2964154602,2024-11-03 19:00:13.517766,2024-11-03,desktop,Canada,google,organic,(organic),Organic Search,57.38,57.38,2.0,2,2,['Accessories' 'Drinkware'],1,True,,28.69,19,Sunday,1437
T0003251,9665768.1523856643.1732016283,9665768.1523856643,2024-11-19 11:48:57.611283,2024-11-19,desktop,United States,google,cpc,shopping_feed,Paid,57.38,57.38,2.0,2,2,['Accessories' 'Drinkware'],1,True,,28.69,11,Tuesday,1437
T0000589,7302691.3747106062.1726923998,7302691.3747106062,2024-09-21 13:14:50.895527,2024-09-21,desktop,Japan,google,organic,(organic),Organic Search,57.36,57.36,1.0,1,1,['Bags'],1,True,,57.36,13,Saturday,1438
T0002992,3961168.6510885842.1731522122,3961168.6510885842,2024-11-13 18:31:49.125142,2024-11-13,desktop,United Kingdom,(direct),(none),(direct),Direct,57.36,57.36,1.0,1,1,['Bags'],2,False,3,57.36,18,Wednesday,1438
T0003675,4716778.7466498334.1732578349,4716778.7466498334,2024-11-25 23:56:39.097417,2024-11-25,mobile,United States,(direct),(none),(direct),Direct,57.36,57.36,1.0,1,1,['Bags'],1,True,,57.36,23,Monday,1438
T0001424,4033616.9199640623.1728733538,4033616.9199640623,2024-10-12 11:43:57.547599,2024-10-12,desktop,United Kingdom,(direct),(none),(direct),Direct,57.36,57.36,2.0,2,2,['Accessories' 'Apparel'],1,True,,28.68,11,Saturday,1438
T0003038,6647031.8243970883.1731617284,6647031.8243970883,2024-11-14 20:53:36.878356,2024-11-14,desktop,Germany,(direct),(none),(direct),Direct,57.36,57.36,2.0,2,2,['Accessories' 'Apparel'],1,True,,28.68,20,Thursday,1438
T0003422,6153752.3913677366.1732289442,6153752.3913677366,2024-11-22 15:40:10.265818,2024-11-22,mobile,United States,google,cpc,brand_search,Paid,57.36,57.36,2.0,2,2,['Accessories' 'Apparel'],1,True,,28.68,15,Friday,1438
T0002562,2051785.3925403023.1730760759,2051785.3925403023,2024-11-04 22:41:19.819848,2024-11-04,tablet,United States,google,organic,(organic),Organic Search,57.36,57.36,2.0,2,2,['Accessories' 'Apparel'],1,True,,28.68,22,Monday,1438
T0003062,5559992.6459072366.1731675344,5559992.6459072366,2024-11-15 12:45:29.243870,2024-11-15,desktop,Netherlands,google,cpc,brand_search,Paid,57.36,57.36,1.0,1,1,['Bags'],2,False,8,57.36,12,Friday,1438
T0000031,9876479.9095323339.1725335831,9876479.9095323339,2024-09-03 04:14:19.604972,2024-09-03,desktop,United States,google,cpc,shopping_feed,Paid,57.36,57.36,1.0,1,1,['Bags'],1,True,,57.36,4,Tuesday,1438
T0002865,4294577.4136582972.1731278288,4294577.4136582972,2024-11-10 22:58:18.188369,2024-11-10,tablet,United States,google,organic,(organic),Organic Search,57.36,57.36,2.0,2,2,['Accessories' 'Apparel'],1,True,,28.68,22,Sunday,1438
T0003517,2299157.9466528914.1732461580,2299157.9466528914,2024-11-24 15:17:02.772766,2024-11-24,desktop,Brazil,(direct),(none),(direct),Direct,57.36,57.36,1.0,1,1,['Bags'],2,False,3,57.36,15,Sunday,1438
T0003679,6694821.5721559632.1732580373,6694821.5721559632,2024-11-26 00:27:02.104180,2024-11-26,desktop,United States,newsletter,email,weekly_drop,Email,57.36,57.36,1.0,1,1,['Bags'],1,True,,57.36,0,Tuesday,1438
T0002494,7376471.7942260505.1730649995,7376471.7942260505,2024-11-03 16:12:31.091015,2024-11-03,desktop,India,(direct),(none),(direct),Direct,57.36,57.36,1.0,1,1,['Bags'],1,True,,57.36,16,Sunday,1438
T0002613,6609755.3321419344.1730847637,6609755.3321419344,2024-11-05 22:53:05.219131,2024-11-05,mobile,Germany,(direct),(none),(direct),Direct,57.36,57.36,2.0,2,2,['Accessories' 'Apparel'],1,True,,28.68,22,Tuesday,1438
T0000977,8477347.1470136364.1727737094,8477347.1470136364,2024-09-30 23:07:20.660984,2024-09-30,mobile,Brazil,newsletter,email,weekly_drop,Email,57.36,57.36,2.0,2,2,['Accessories' 'Apparel'],2,False,3,28.68,23,Monday,1438
T0000405,5511801.3514785072.1726489843,5511801.3514785072,2024-09-16 12:38:24.720916,2024-09-16,desktop,Singapore,google,cpc,shopping_feed,Paid,57.36,57.36,1.0,1,1,['Bags'],1,True,,57.36,12,Monday,1438
T0004332,7807345.9486207440.1732917238,7807345.9486207440,2024-11-29 22:02:26.497254,2024-11-29,desktop,Canada,google,cpc,shopping_feed,Paid,57.36,57.36,1.0,1,1,['Bags'],1,True,,57.36,22,Friday,1438
T0002589,2697279.8018973948.1730817439,2697279.8018973948,2024-11-05 14:43:34.049378,2024-11-05,desktop,Mexico,(direct),(none),(direct),Direct,57.16,57.16,2.0,2,2,['Drinkware' 'Office'],1,True,,28.58,14,Tuesday,1439
T0004144,5748175.2570123594.1732828260,5748175.2570123594,2024-11-28 21:10:18.519251,2024-11-28,desktop,India,google,organic,(organic),Organic Search,57.14,57.14,1.0,1,1,['Apparel'],1,True,,57.14,21,Thursday,1440
T0003400,8476551.9931067489.1732269347,8476551.9931067489,2024-11-22 10:01:07.529269,2024-11-22,desktop,United States,(direct),(none),(direct),Direct,57.14,57.14,1.0,1,1,['Apparel'],1,True,,57.14,10,Friday,1440
T0000951,5208307.7820506266.1727698004,5208307.7820506266,2024-09-30 12:10:56.157080,2024-09-30,mobile,United States,google,organic,(organic),Organic Search,57.14,57.14,1.0,1,1,['Apparel'],1,True,,57.14,12,Monday,1440
T0004383,9174188.2834726218.1732959594,9174188.2834726218,2024-11-30 09:41:04.900787,2024-11-30,mobile,France,(direct),(none),(direct),Direct,57.14,57.14,1.0,1,1,['Apparel'],1,True,,57.14,9,Saturday,1440
T0001528,4292384.8946127209.1728940119,4292384.8946127209,2024-10-14 21:11:46.045078,2024-10-14,mobile,United States,partners,affiliate,coupon_partners,Affiliate,57.14,57.14,1.0,1,1,['Apparel'],1,True,,57.14,21,Monday,1440
T0003273,4418020.3229351310.1732041805,4418020.3229351310,2024-11-19 18:54:05.414536,2024-11-19,mobile,India,google,organic,(organic),Organic Search,57.14,57.14,1.0,1,1,['Apparel'],1,True,,57.14,18,Tuesday,1440
T0004416,2150176.5459083488.1732975992,2150176.5459083488,2024-11-30 14:07:53.398175,2024-11-30,desktop,United States,(direct),(none),(direct),Direct,57.09,57.09,2.0,2,2,['Accessories' 'Electronics'],1,True,,28.55,14,Saturday,1441
T0000045,4983367.2918477295.1725404421,4983367.2918477295,2024-09-03 23:04:22.995588,2024-09-03,mobile,United States,(direct),(none),(direct),Direct,56.98,56.98,3.0,2,2,['Apparel' 'Office'],1,True,,18.99,23,Tuesday,1442
T0000617,5241201.8733113630.1726967358,5241201.8733113630,2024-09-22 01:04:33.429483,2024-09-22,desktop,United States,google,cpc,shopping_feed,Paid,56.97,56.97,3.0,2,2,['Accessories' 'Stationery'],1,True,,18.99,1,Sunday,1443
T0002089,1817402.3664561141.1729968638,1817402.3664561141,2024-10-26 18:54:59.356827,2024-10-26,desktop,Canada,google,cpc,shopping_feed,Paid,56.97,56.97,3.0,2,2,['Accessories' 'Stationery'],2,False,4,18.99,18,Saturday,1443
T0003051,6422892.9024783624.1731659687,6422892.9024783624,2024-11-15 08:40:34.080758,2024-11-15,mobile,United States,google,organic,(organic),Organic Search,56.97,56.97,3.0,2,2,['Accessories' 'Stationery'],1,True,,18.99,8,Friday,1443
T0000317,7462992.3103761928.1726272439,7462992.3103761928,2024-09-14 00:08:11.535715,2024-09-14,mobile,Germany,newsletter,email,weekly_drop,Email,56.97,56.97,3.0,2,2,['Accessories' 'Stationery'],1,True,,18.99,0,Saturday,1443
T0000734,2725967.3037048757.1727215768,2725967.3037048757,2024-09-24 22:15:10.266295,2024-09-24,mobile,France,(direct),(none),(direct),Direct,56.97,56.97,3.0,2,2,['Accessories' 'Stationery'],1,True,,18.99,22,Tuesday,1443
T0003067,5779256.3167006877.1731681601,5779256.3167006877,2024-11-15 14:35:25.027963,2024-11-15,desktop,United States,(direct),(none),(direct),Direct,56.97,56.97,3.0,2,2,['Accessories' 'Stationery'],1,True,,18.99,14,Friday,1443
T0000700,7272011.1765946357.1727173949,7272011.1765946357,2024-09-24 10:30:53.027374,2024-09-24,desktop,India,newsletter,email,weekly_drop,Email,56.92,56.92,2.0,1,1,['Office'],2,False,4,28.46,10,Tuesday,1444
T0000423,2210448.4706607911.1726516823,2210448.4706607911,2024-09-16 20:04:35.933360,2024-09-16,tablet,United States,newsletter,email,weekly_drop,Email,56.89,56.89,2.0,2,1,['Apparel'],2,False,1,28.45,20,Monday,1445
T0000082,8240786.5505873661.1725569823,8240786.5505873661,2024-09-05 20:51:35.894656,2024-09-05,desktop,Canada,google,organic,(organic),Organic Search,56.83,56.83,3.0,2,2,['Accessories' 'Stationery'],1,True,,18.94,20,Thursday,1446
T0000585,8774440.6078902456.1726919739,8774440.6078902456,2024-09-21 11:50:00.694993,2024-09-21,desktop,Netherlands,(direct),(none),(direct),Direct,56.68,56.68,2.0,2,2,['Accessories' 'Office'],1,True,,28.34,11,Saturday,1447
T0003182,1395761.1734297865.1731877722,1395761.1734297865,2024-11-17 21:08:14.764009,2024-11-17,desktop,France,google,cpc,shopping_feed,Paid,56.65,56.65,3.0,2,1,['Drinkware'],2,False,9,18.88,21,Sunday,1448
T0000128,8162723.1337275397.1725739873,8162723.1337275397,2024-09-07 20:15:30.675696,2024-09-07,desktop,United States,(direct),(none),(direct),Direct,56.6,56.6,2.0,2,2,['Apparel' 'Stationery'],1,True,,28.3,20,Saturday,1449
T0002287,2159912.8208934220.1730319458,2159912.8208934220,2024-10-30 20:34:41.864181,2024-10-30,desktop,United States,newsletter,email,weekly_drop,Email,56.6,56.6,2.0,2,2,['Apparel' 'Stationery'],1,True,,28.3,20,Wednesday,1449
T0000130,1777831.9019020820.1725741435,1777831.9019020820,2024-09-07 20:34:41.154014,2024-09-07,desktop,United States,google,cpc,brand_search,Paid,56.39,56.39,3.0,2,2,['Accessories' 'Office'],1,True,,18.8,20,Saturday,1450
T0002526,1064618.9479695848.1730706332,1064618.9479695848,2024-11-04 07:48:29.685065,2024-11-04,mobile,United States,(direct),(none),(direct),Direct,56.37,56.37,3.0,2,2,['Drinkware' 'Headgear'],1,True,,18.79,7,Monday,1451
T0002285,1083589.3427401589.1730318813,1083589.3427401589,2024-10-30 20:06:04.805868,2024-10-30,desktop,Brazil,facebook,paid_social,prospecting_broad,Paid,56.33,56.33,2.0,2,2,['Apparel' 'Stationery'],1,True,,28.17,20,Wednesday,1452
T0004431,2375530.4853925935.1732981016,2375530.4853925935,2024-11-30 15:56:29.429616,2024-11-30,mobile,Germany,google,organic,(organic),Organic Search,56.33,56.33,2.0,2,2,['Apparel' 'Stationery'],1,True,,28.17,15,Saturday,1452
T0004013,6928990.8901765047.1732776875,6928990.8901765047,2024-11-28 06:49:22.105571,2024-11-28,desktop,Netherlands,google,cpc,brand_search,Paid,56.3,56.3,1.0,1,1,['Apparel'],1,True,,56.3,6,Thursday,1453
T0003775,2420549.7316213644.1732644681,2420549.7316213644,2024-11-26 18:03:33.276773,2024-11-26,tablet,United States,google,cpc,brand_search,Paid,56.18,56.18,2.0,1,1,['Accessories'],1,True,,28.09,18,Tuesday,1454
T0002711,7426598.6394265278.1731030477,7426598.6394265278,2024-11-08 01:51:14.683144,2024-11-08,tablet,United States,youtube.com,referral,(referral),Referral,56.18,56.18,2.0,1,1,['Accessories'],1,True,,28.09,1,Friday,1454
T0003529,9799258.3815368621.1732474642,9799258.3815368621,2024-11-24 19:03:31.268132,2024-11-24,desktop,France,(direct),(none),(direct),Direct,56.18,56.18,2.0,1,1,['Accessories'],1,True,,28.09,19,Sunday,1454
T0001799,9598110.6229772521.1729455643,9598110.6229772521,2024-10-20 20:19:43.863654,2024-10-20,desktop,Japan,(direct),(none),(direct),Direct,56.18,56.18,2.0,1,1,['Accessories'],1,True,,28.09,20,Sunday,1454
T0001004,7826956.9208587800.1727794192,7826956.9208587800,2024-10-01 14:49:30.522886,2024-10-01,mobile,India,google,organic,(organic),Organic Search,56.18,56.18,2.0,1,1,['Accessories'],1,True,,28.09,14,Tuesday,1454
T0001868,9750823.1602252929.1729602281,9750823.1602252929,2024-10-22 13:01:36.280623,2024-10-22,tablet,United States,google,organic,(organic),Organic Search,56.18,56.18,2.0,1,1,['Accessories'],1,True,,28.09,13,Tuesday,1454
T0002672,6432229.2484546824.1730952018,6432229.2484546824,2024-11-07 04:02:15.430934,2024-11-07,desktop,United Kingdom,newsletter,email,weekly_drop,Email,56.18,56.18,2.0,1,1,['Accessories'],1,True,,28.09,4,Thursday,1454
T0002291,9591050.9400481251.1730324578,9591050.9400481251,2024-10-30 21:41:55.253585,2024-10-30,desktop,Canada,(direct),(none),(direct),Direct,56.18,56.18,2.0,1,1,['Accessories'],1,True,,28.09,21,Wednesday,1454
T0000950,5618315.1854794658.1727698482,5618315.1854794658,2024-09-30 12:04:20.049136,2024-09-30,desktop,United States,(direct),(none),(direct),Direct,56.18,56.18,2.0,1,1,['Accessories'],2,False,22,28.09,12,Monday,1454
T0001260,1551861.6804479250.1728393959,1551861.6804479250,2024-10-08 13:21:55.466792,2024-10-08,desktop,Australia,google,organic,(organic),Organic Search,56.18,56.18,2.0,1,1,['Accessories'],1,True,,28.09,13,Tuesday,1454
T0001065,9271033.7683847734.1727951361,9271033.7683847734,2024-10-03 10:30:15.025637,2024-10-03,desktop,India,partners,affiliate,coupon_partners,Affiliate,56.18,56.18,2.0,1,1,['Accessories'],1,True,,28.09,10,Thursday,1454
T0001731,1580906.9830259605.1729295998,1580906.9830259605,2024-10-19 00:00:38.053866,2024-10-19,desktop,Brazil,google,cpc,brand_search,Paid,56.18,56.18,2.0,1,1,['Accessories'],1,True,,28.09,0,Saturday,1454
T0002326,9897087.8129692699.1730391745,9897087.8129692699,2024-10-31 16:15:41.716616,2024-10-31,desktop,United States,google,organic,(organic),Organic Search,56.18,56.18,2.0,1,1,['Accessories'],1,True,,28.09,16,Thursday,1454
T0003177,3882813.4946932409.1731868427,3882813.4946932409,2024-11-17 18:38:00.471048,2024-11-17,desktop,United States,(direct),(none),(direct),Direct,56.18,56.18,2.0,1,1,['Accessories'],1,True,,28.09,18,Sunday,1454
T0002095,5026745.5524597385.1729974068,5026745.5524597385,2024-10-26 20:24:05.376900,2024-10-26,mobile,United States,(direct),(none),(direct),Direct,56.18,56.18,2.0,1,1,['Accessories'],2,False,3,28.09,20,Saturday,1454
T0003988,7453810.8653283627.1732757445,7453810.8653283627,2024-11-28 01:30:48.174062,2024-11-28,mobile,Singapore,newsletter,email,weekly_drop,Email,56.18,56.18,2.0,1,1,['Accessories'],1,True,,28.09,1,Thursday,1454
T0000594,2501737.7797546750.1726933616,2501737.7797546750,2024-09-21 15:43:37.764324,2024-09-21,desktop,India,google,cpc,brand_search,Paid,56.18,56.18,2.0,1,1,['Accessories'],1,True,,28.09,15,Saturday,1454
T0000311,5531815.9493362315.1726250023,5531815.9493362315,2024-09-13 17:49:04.399458,2024-09-13,desktop,United States,google,organic,(organic),Organic Search,56.18,56.18,2.0,1,1,['Accessories'],1,True,,28.09,17,Friday,1454
T0001334,7401131.2421317675.1728544138,7401131.2421317675,2024-10-10 07:08:59.503444,2024-10-10,desktop,United States,google,cpc,brand_search,Paid,56.18,56.18,2.0,1,1,['Accessories'],1,True,,28.09,7,Thursday,1454
T0001760,8288028.9475867233.1729367841,8288028.9475867233,2024-10-19 20:06:26.726733,2024-10-19,desktop,United States,google,cpc,brand_search,Paid,56.18,56.18,2.0,1,1,['Accessories'],1,True,,28.09,20,Saturday,1454
T0000635,5729125.4747236795.1727015161,5729125.4747236795,2024-09-22 14:34:19.211005,2024-09-22,desktop,United States,google,organic,(organic),Organic Search,56.18,56.18,2.0,1,1,['Accessories'],1,True,,28.09,14,Sunday,1454
T0000262,1800279.7667797819.1726124351,1800279.7667797819,2024-09-12 06:56:21.700583,2024-09-12,desktop,France,newsletter,email,weekly_drop,Email,56.18,56.18,2.0,1,1,['Accessories'],1,True,,28.09,6,Thursday,1454
T0002345,1650028.5840268654.1730408842,1650028.5840268654,2024-10-31 21:02:38.407203,2024-10-31,desktop,Netherlands,google,cpc,shopping_feed,Paid,56.18,56.18,2.0,1,1,['Accessories'],1,True,,28.09,21,Thursday,1454
T0004020,4431270.6271622524.1732780444,4431270.6271622524,2024-11-28 07:51:56.180860,2024-11-28,desktop,United Kingdom,google,cpc,shopping_feed,Paid,56.18,56.18,2.0,1,1,['Accessories'],2,False,3,28.09,7,Thursday,1454
T0002025,9316895.7186270661.1729855451,9316895.7186270661,2024-10-25 11:22:32.698535,2024-10-25,desktop,Japan,google,organic,(organic),Organic Search,56.18,56.18,2.0,1,1,['Accessories'],1,True,,28.09,11,Friday,1454
T0003434,8151827.8918090044.1732302916,8151827.8918090044,2024-11-22 19:21:21.431819,2024-11-22,mobile,India,google,cpc,brand_search,Paid,56.18,56.18,2.0,1,1,['Accessories'],1,True,,28.09,19,Friday,1454
T0002058,4706836.8797902586.1729930015,4706836.8797902586,2024-10-26 08:12:13.640965,2024-10-26,desktop,United States,google,organic,(organic),Organic Search,56.18,56.18,2.0,1,1,['Accessories'],1,True,,28.09,8,Saturday,1454
T0003868,8865713.5294641884.1732696110,8865713.5294641884,2024-11-27 08:34:50.330404,2024-11-27,mobile,United States,facebook,paid_social,prospecting_broad,Paid,56.18,56.18,2.0,1,1,['Accessories'],1,True,,28.09,8,Wednesday,1454
T0002765,5004834.2859192587.1731106870,5004834.2859192587,2024-11-08 23:04:06.527131,2024-11-08,mobile,Canada,google,cpc,shopping_feed,Paid,56.18,56.18,2.0,1,1,['Accessories'],1,True,,28.09,23,Friday,1454
T0003002,8281490.8564113767.1731534757,8281490.8564113767,2024-11-13 21:50:35.740465,2024-11-13,desktop,United States,google,cpc,shopping_feed,Paid,56.18,56.18,2.0,1,1,['Accessories'],1,True,,28.09,21,Wednesday,1454
T0001526,1745701.9594171221.1728939358,1745701.9594171221,2024-10-14 20:54:16.745830,2024-10-14,desktop,Brazil,google,cpc,shopping_feed,Paid,56.18,56.18,2.0,1,1,['Accessories'],1,True,,28.09,20,Monday,1454
T0002573,9287808.3950679979.1730798972,9287808.3950679979,2024-11-05 09:26:02.622995,2024-11-05,desktop,United States,google,organic,(organic),Organic Search,56.18,56.18,2.0,1,1,['Accessories'],1,True,,28.09,9,Tuesday,1454
T0000418,2876177.8180650868.1726509681,2876177.8180650868,2024-09-16 18:00:49.381549,2024-09-16,desktop,United States,(direct),(none),(direct),Direct,56.18,56.18,2.0,1,1,['Accessories'],1,True,,28.09,18,Monday,1454
T0004400,4647206.8767957144.1732970251,4647206.8767957144,2024-11-30 12:39:42.795017,2024-11-30,mobile,United States,partners,affiliate,coupon_partners,Affiliate,56.18,56.18,2.0,1,1,['Accessories'],1,True,,28.09,12,Saturday,1454
T0001888,4118505.8893181540.1729623320,4118505.8893181540,2024-10-22 18:54:59.598588,2024-10-22,desktop,United States,(direct),(none),(direct),Direct,56.18,56.18,2.0,1,1,['Accessories'],1,True,,28.09,18,Tuesday,1454
T0000144,7481482.4279018001.1725798106,7481482.4279018001,2024-09-08 12:23:30.017224,2024-09-08,mobile,Germany,(direct),(none),(direct),Direct,56.18,56.18,2.0,1,1,['Accessories'],1,True,,28.09,12,Sunday,1454
T0003779,4781096.8308519915.1732645512,4781096.8308519915,2024-11-26 18:30:12.454724,2024-11-26,tablet,India,(direct),(none),(direct),Direct,56.18,56.18,2.0,1,1,['Accessories'],1,True,,28.09,18,Tuesday,1454
T0003539,4069148.8377175124.1732488784,4069148.8377175124,2024-11-24 23:01:18.245257,2024-11-24,desktop,United States,google,cpc,shopping_feed,Paid,56.18,56.18,2.0,1,1,['Accessories'],1,True,,28.09,23,Sunday,1454
T0002469,7225963.6146827598.1730613813,7225963.6146827598,2024-11-03 06:05:20.234620,2024-11-03,mobile,United States,youtube.com,referral,(referral),Referral,56.18,56.18,2.0,1,1,['Accessories'],1,True,,28.09,6,Sunday,1454
T0002906,7084353.9848193126.1731357393,7084353.9848193126,2024-11-11 20:39:05.718390,2024-11-11,desktop,United States,(direct),(none),(direct),Direct,56.18,56.18,2.0,1,1,['Accessories'],1,True,,28.09,20,Monday,1454
T0002546,8662061.6988831982.1730733216,8662061.6988831982,2024-11-04 15:16:24.899609,2024-11-04,desktop,Canada,google,organic,(organic),Organic Search,56.18,56.18,2.0,1,1,['Accessories'],2,False,3,28.09,15,Monday,1454
T0003117,7765153.3623579420.1731767482,7765153.3623579420,2024-11-16 14:38:09.512128,2024-11-16,mobile,India,newsletter,email,weekly_drop,Email,56.18,56.18,2.0,1,1,['Accessories'],1,True,,28.09,14,Saturday,1454
T0003879,4480387.4925147281.1732704319,4480387.4925147281,2024-11-27 10:48:48.398476,2024-11-27,mobile,Netherlands,(direct),(none),(direct),Direct,56.18,56.18,2.0,1,1,['Accessories'],1,True,,28.09,10,Wednesday,1454
T0002975,7621550.2736144137.1731495445,7621550.2736144137,2024-11-13 11:01:34.115618,2024-11-13,mobile,United States,(direct),(none),(direct),Direct,56.18,56.18,2.0,1,1,['Accessories'],1,True,,28.09,11,Wednesday,1454
T0002478,4123885.6734170513.1730628972,4123885.6734170513,2024-11-03 10:21:38.205737,2024-11-03,desktop,United States,(direct),(none),(direct),Direct,56.18,56.18,2.0,1,1,['Accessories'],2,False,10,28.09,10,Sunday,1454
T0001033,8170379.4826312296.1727859618,8170379.4826312296,2024-10-02 08:50:07.079323,2024-10-02,desktop,India,facebook,paid_social,prospecting_broad,Paid,56.18,56.18,2.0,1,1,['Accessories'],1,True,,28.09,8,Wednesday,1454
T0003139,3699072.3538678266.1731799645,3699072.3538678266,2024-11-16 23:27:24.700328,2024-11-16,desktop,United States,google,organic,(organic),Organic Search,56.18,56.18,2.0,1,1,['Accessories'],1,True,,28.09,23,Saturday,1454
T0003037,1617060.7797776600.1731614469,1617060.7797776600,2024-11-14 20:04:51.597542,2024-11-14,desktop,Japan,(direct),(none),(direct),Direct,56.18,56.18,2.0,1,1,['Accessories'],1,True,,28.09,20,Thursday,1454
T0001344,8845029.4111107481.1728562378,8845029.4111107481,2024-10-10 12:20:01.781019,2024-10-10,desktop,Brazil,google,cpc,brand_search,Paid,56.18,56.18,2.0,1,1,['Accessories'],2,False,8,28.09,12,Thursday,1454
T0001734,7335209.9956848806.1729315727,7335209.9956848806,2024-10-19 05:35:11.689342,2024-10-19,desktop,Singapore,youtube.com,referral,(referral),Referral,56.18,56.18,2.0,1,1,['Accessories'],1,True,,28.09,5,Saturday,1454
T0000335,1701486.8148101000.1726325474,1701486.8148101000,2024-09-14 14:50:34.390422,2024-09-14,mobile,United States,(direct),(none),(direct),Direct,56.18,56.18,2.0,1,1,['Accessories'],1,True,,28.09,14,Saturday,1454
T0001356,5328373.9331817579.1728586889,5328373.9331817579,2024-10-10 19:00:56.848456,2024-10-10,mobile,United States,google,cpc,brand_search,Paid,56.18,56.18,2.0,1,1,['Accessories'],1,True,,28.09,19,Thursday,1454
T0003725,8258508.1254213255.1732622489,8258508.1254213255,2024-11-26 11:59:50.600111,2024-11-26,desktop,Japan,(direct),(none),(direct),Direct,56.18,56.18,2.0,1,1,['Accessories'],1,True,,28.09,11,Tuesday,1454
T0002779,5773355.3584177321.1731154099,5773355.3584177321,2024-11-09 12:13:21.197991,2024-11-09,tablet,Canada,(direct),(none),(direct),Direct,56.18,56.18,2.0,1,1,['Accessories'],3,False,2,28.09,12,Saturday,1454
T0003954,4007344.2417267854.1732741877,4007344.2417267854,2024-11-27 21:10:50.880722,2024-11-27,desktop,Germany,(direct),(none),(direct),Direct,56.18,56.18,2.0,1,1,['Accessories'],1,True,,28.09,21,Wednesday,1454
T0002396,1093985.3037150762.1730495925,1093985.3037150762,2024-11-01 21:19:38.852617,2024-11-01,tablet,United States,(direct),(none),(direct),Direct,56.18,56.18,2.0,1,1,['Accessories'],1,True,,28.09,21,Friday,1454
T0000748,6251673.6981356843.1727245988,6251673.6981356843,2024-09-25 06:29:39.617956,2024-09-25,desktop,United States,(direct),(none),(direct),Direct,56.18,56.18,2.0,1,1,['Accessories'],2,False,5,28.09,6,Wednesday,1454
T0004220,7934041.2728387919.1732872811,7934041.2728387919,2024-11-29 09:33:12.569680,2024-11-29,desktop,Canada,(direct),(none),(direct),Direct,56.18,56.18,2.0,1,1,['Accessories'],1,True,,28.09,9,Friday,1454
T0000628,2739079.9304600658.1726999054,2739079.9304600658,2024-09-22 10:20:07.845741,2024-09-22,mobile,United States,google,organic,(organic),Organic Search,56.18,56.18,2.0,1,1,['Accessories'],1,True,,28.09,10,Sunday,1454
T0000573,9671585.5683956276.1726871472,9671585.5683956276,2024-09-20 22:38:46.195575,2024-09-20,desktop,United States,google,cpc,shopping_feed,Paid,56.18,56.18,2.0,1,1,['Accessories'],1,True,,28.09,22,Friday,1454
T0003310,5686360.7769690756.1732109017,5686360.7769690756,2024-11-20 13:22:29.972515,2024-11-20,desktop,Germany,google,organic,(organic),Organic Search,56.12,56.12,3.0,3,3,['Accessories' 'Lifestyle' 'Stationery'],1,True,,18.71,13,Wednesday,1455
T0002393,9155755.6261690479.1730492400,9155755.6261690479,2024-11-01 20:20:55.672791,2024-11-01,desktop,United States,google,cpc,shopping_feed,Paid,56.08,56.08,3.0,2,2,['Accessories' 'Apparel'],1,True,,18.69,20,Friday,1456
T0002226,6183778.2124608939.1730207098,6183778.2124608939,2024-10-29 13:02:30.943145,2024-10-29,desktop,United States,(direct),(none),(direct),Direct,56.08,56.08,3.0,2,2,['Accessories' 'Apparel'],1,True,,18.69,13,Tuesday,1456
T0003494,3942213.1007919919.1732410263,3942213.1007919919,2024-11-24 01:19:04.746545,2024-11-24,mobile,United States,(direct),(none),(direct),Direct,56.06,56.06,2.0,2,2,['Apparel' 'Headgear'],1,True,,28.03,1,Sunday,1457
T0002312,5580199.4464931864.1730371126,5580199.4464931864,2024-10-31 10:37:39.056131,2024-10-31,mobile,France,google,cpc,brand_search,Paid,56.04,56.04,2.0,2,1,['Accessories'],1,True,,28.02,10,Thursday,1458
T0000303,9683323.1295207199.1726237029,9683323.1295207199,2024-09-13 14:21:29.348049,2024-09-13,desktop,United States,google,cpc,brand_search,Paid,56.04,56.04,2.0,2,1,['Accessories'],1,True,,28.02,14,Friday,1458
T0000083,1863939.3524834231.1725569609,1863939.3524834231,2024-09-05 21:06:03.238180,2024-09-05,desktop,France,google,organic,(organic),Organic Search,56.04,56.04,2.0,2,1,['Accessories'],1,True,,28.02,21,Thursday,1458
T0000158,8185784.9415949985.1725835877,8185784.9415949985,2024-09-08 22:55:59.238555,2024-09-08,desktop,Australia,newsletter,email,weekly_drop,Email,56.04,56.04,2.0,2,1,['Accessories'],1,True,,28.02,22,Sunday,1458
T0002785,8289206.3125293901.1731158455,8289206.3125293901,2024-11-09 13:26:22.531794,2024-11-09,mobile,United Kingdom,google,organic,(organic),Organic Search,56.04,56.04,2.0,2,1,['Accessories'],1,True,,28.02,13,Saturday,1458
T0003737,8253916.6693324457.1732625748,8253916.6693324457,2024-11-26 12:54:41.444032,2024-11-26,mobile,Singapore,(direct),(none),(direct),Direct,56.04,56.04,2.0,2,1,['Accessories'],1,True,,28.02,12,Tuesday,1458
T0002861,6752564.9652625951.1731275717,6752564.9652625951,2024-11-10 21:47:59.056587,2024-11-10,desktop,United States,google,organic,(organic),Organic Search,56.04,56.04,2.0,2,1,['Accessories'],1,True,,28.02,21,Sunday,1458
T0001035,8845029.4111107481.1727867330,8845029.4111107481,2024-10-02 11:13:28.003703,2024-10-02,desktop,Brazil,google,cpc,brand_search,Paid,56.04,56.04,2.0,2,1,['Accessories'],1,True,,28.02,11,Wednesday,1458
T0002273,1060834.2819277444.1730302463,1060834.2819277444,2024-10-30 16:05:53.509839,2024-10-30,desktop,United States,(direct),(none),(direct),Direct,56.04,56.04,2.0,2,1,['Accessories'],1,True,,28.02,16,Wednesday,1458
T0002185,5932744.3235173280.1730139756,5932744.3235173280,2024-10-28 18:24:47.208817,2024-10-28,desktop,Germany,google,organic,(organic),Organic Search,55.9,55.9,2.0,1,1,['Accessories'],2,False,26,27.95,18,Monday,1459
T0000806,8089755.3550424834.1727383725,8089755.3550424834,2024-09-26 20:51:33.142367,2024-09-26,mobile,Japan,(direct),(none),(direct),Direct,55.9,55.9,2.0,1,1,['Accessories'],1,True,,27.95,20,Thursday,1459
T0001265,7893384.7285496226.1728403725,7893384.7285496226,2024-10-08 16:15:02.104401,2024-10-08,desktop,United States,partners,affiliate,coupon_partners,Affiliate,55.9,55.9,2.0,1,1,['Accessories'],1,True,,27.95,16,Tuesday,1459
T0001003,6794073.8617442614.1727793774,6794073.8617442614,2024-10-01 14:45:49.497774,2024-10-01,desktop,United States,(direct),(none),(direct),Direct,55.9,55.9,2.0,1,1,['Accessories'],1,True,,27.95,14,Tuesday,1459
T0001460,2583906.5385246728.1728827736,2583906.5385246728,2024-10-13 14:23:13.433409,2024-10-13,mobile,United States,google,cpc,brand_search,Paid,55.9,55.9,2.0,1,1,['Accessories'],1,True,,27.95,14,Sunday,1459
T0003469,4926377.7780126727.1732374971,4926377.7780126727,2024-11-23 15:20:17.676427,2024-11-23,tablet,Japan,(direct),(none),(direct),Direct,55.9,55.9,2.0,1,1,['Accessories'],1,True,,27.95,15,Saturday,1459
T0001664,7378487.3695793922.1729190382,7378487.3695793922,2024-10-17 18:44:09.608364,2024-10-17,tablet,United States,(direct),(none),(direct),Direct,55.9,55.9,2.0,1,1,['Accessories'],1,True,,27.95,18,Thursday,1459
T0002181,9961431.9020241827.1730136296,9961431.9020241827,2024-10-28 17:24:26.027165,2024-10-28,desktop,United States,newsletter,email,weekly_drop,Email,55.9,55.9,2.0,1,1,['Accessories'],1,True,,27.95,17,Monday,1459
T0003801,3992704.2292229684.1732656379,3992704.2292229684,2024-11-26 21:34:13.989473,2024-11-26,mobile,United States,google,cpc,shopping_feed,Paid,55.9,55.9,2.0,1,1,['Accessories'],1,True,,27.95,21,Tuesday,1459
T0003398,9733332.5443503088.1732262314,9733332.5443503088,2024-11-22 07:58:14.441391,2024-11-22,desktop,United States,google,cpc,brand_search,Paid,55.9,55.9,2.0,1,1,['Accessories'],1,True,,27.95,7,Friday,1459
T0000391,7696045.8257406113.1726441948,7696045.8257406113,2024-09-15 23:16:19.098764,2024-09-15,mobile,United States,google,cpc,shopping_feed,Paid,55.9,55.9,2.0,1,1,['Accessories'],1,True,,27.95,23,Sunday,1459
T0000440,4900695.1348408397.1726558210,4900695.1348408397,2024-09-17 07:33:58.719136,2024-09-17,mobile,United States,google,organic,(organic),Organic Search,55.9,55.9,2.0,1,1,['Accessories'],1,True,,27.95,7,Tuesday,1459
T0000541,8261055.5735480481.1726793438,8261055.5735480481,2024-09-20 00:46:50.387617,2024-09-20,mobile,United States,newsletter,email,weekly_drop,Email,55.9,55.9,2.0,1,1,['Accessories'],1,True,,27.95,0,Friday,1459
T0001272,2476496.9672155084.1728412604,2476496.9672155084,2024-10-08 18:35:02.854847,2024-10-08,desktop,United States,(direct),(none),(direct),Direct,55.9,55.9,2.0,1,1,['Accessories'],1,True,,27.95,18,Tuesday,1459
T0001142,7339141.5108409215.1728141170,7339141.5108409215,2024-10-05 15:22:37.029027,2024-10-05,mobile,Japan,google,organic,(organic),Organic Search,55.9,55.9,2.0,1,1,['Accessories'],1,True,,27.95,15,Saturday,1459
T0003105,8272749.5357401744.1731748948,8272749.5357401744,2024-11-16 09:29:24.689036,2024-11-16,desktop,United States,google,cpc,brand_search,Paid,55.9,55.9,2.0,1,1,['Accessories'],1,True,,27.95,9,Saturday,1459
T0003518,9582495.7044688712.1732461408,9582495.7044688712,2024-11-24 15:19:40.367523,2024-11-24,desktop,United States,google,organic,(organic),Organic Search,55.9,55.9,2.0,1,1,['Accessories'],1,True,,27.95,15,Sunday,1459
T0001205,5894894.4621488084.1728268762,5894894.4621488084,2024-10-07 02:41:41.415491,2024-10-07,desktop,Mexico,google,cpc,brand_search,Paid,55.9,55.9,2.0,1,1,['Accessories'],1,True,,27.95,2,Monday,1459
T0001578,9934893.3083250971.1729030162,9934893.3083250971,2024-10-15 22:16:08.901012,2024-10-15,mobile,United States,partners,affiliate,coupon_partners,Affiliate,55.9,55.9,2.0,1,1,['Accessories'],1,True,,27.95,22,Tuesday,1459
T0001830,7385315.1951230586.1729532516,7385315.1951230586,2024-10-21 17:57:11.842847,2024-10-21,mobile,Canada,google,cpc,brand_search,Paid,55.9,55.9,2.0,1,1,['Accessories'],1,True,,27.95,17,Monday,1459
T0001656,4788811.3076958433.1729181094,4788811.3076958433,2024-10-17 16:05:16.677451,2024-10-17,desktop,India,google,cpc,brand_search,Paid,55.9,55.9,2.0,1,1,['Accessories'],1,True,,27.95,16,Thursday,1459
T0002584,5305917.3047502807.1730812453,5305917.3047502807,2024-11-05 13:15:05.972369,2024-11-05,desktop,United States,newsletter,email,weekly_drop,Email,55.9,55.9,2.0,1,1,['Accessories'],1,True,,27.95,13,Tuesday,1459
T0001188,3991638.7018884077.1728226574,3991638.7018884077,2024-10-06 15:02:12.401731,2024-10-06,desktop,United States,google,cpc,shopping_feed,Paid,55.82,55.82,3.0,2,2,['Apparel' 'Lifestyle'],1,True,,18.61,15,Sunday,1460
T0000640,9545549.6731518896.1727024251,9545549.6731518896,2024-09-22 16:57:45.162522,2024-09-22,mobile,Canada,google,cpc,shopping_feed,Paid,55.77,55.77,3.0,3,2,['Apparel' 'Stationery'],1,True,,18.59,16,Sunday,1461
T0000722,8413139.6515807813.1727198456,8413139.6515807813,2024-09-24 17:31:28.793342,2024-09-24,mobile,Mexico,(direct),(none),(direct),Direct,55.72,55.72,2.0,2,2,['Apparel' 'Drinkware'],1,True,,27.86,17,Tuesday,1462
T0001296,5517875.5305916970.1728457906,5517875.5305916970,2024-10-09 07:12:47.832995,2024-10-09,mobile,Canada,newsletter,email,weekly_drop,Email,55.72,55.72,2.0,2,2,['Apparel' 'Drinkware'],1,True,,27.86,7,Wednesday,1462
T0000797,5798897.3090766528.1727367465,5798897.3090766528,2024-09-26 16:23:47.606905,2024-09-26,desktop,United Kingdom,(direct),(none),(direct),Direct,55.72,55.72,2.0,2,2,['Apparel' 'Drinkware'],1,True,,27.86,16,Thursday,1462
T0000491,1027191.3347601913.1726696238,1027191.3347601913,2024-09-18 21:57:27.274029,2024-09-18,mobile,Japan,newsletter,email,weekly_drop,Email,55.71,55.71,2.0,2,2,['Apparel' 'Drinkware'],2,False,10,27.86,21,Wednesday,1463
T0000966,9422377.7759001972.1727721627,9422377.7759001972,2024-09-30 18:33:20.701538,2024-09-30,desktop,India,google,organic,(organic),Organic Search,55.61,55.61,2.0,2,1,['Drinkware'],1,True,,27.81,18,Monday,1464
T0002170,3640999.3534766462.1730117827,3640999.3534766462,2024-10-28 12:08:57.602658,2024-10-28,tablet,United States,google,organic,(organic),Organic Search,55.57,55.57,2.0,2,2,['Accessories' 'Apparel'],1,True,,27.79,12,Monday,1465
T0003064,4865926.3437668121.1731677137,4865926.3437668121,2024-11-15 13:28:56.882650,2024-11-15,mobile,United States,google,cpc,shopping_feed,Paid,55.5,55.5,2.0,2,1,['Apparel'],1,True,,27.75,13,Friday,1466
T0001106,7535066.2890708820.1728052752,7535066.2890708820,2024-10-04 14:37:32.450831,2024-10-04,desktop,United States,google,cpc,shopping_feed,Paid,55.43,55.43,3.0,3,2,['Accessories' 'Drinkware'],1,True,,18.48,14,Friday,1467
T0004413,4433240.9457376740.1732974015,4433240.9457376740,2024-11-30 13:44:12.976807,2024-11-30,tablet,United States,(direct),(none),(direct),Direct,55.37,55.37,2.0,2,2,['Accessories' 'Office'],1,True,,27.69,13,Saturday,1468
T0003431,4733434.9075960278.1732299677,4733434.9075960278,2024-11-22 18:25:34.245860,2024-11-22,desktop,India,google,cpc,shopping_feed,Paid,55.15,55.15,2.0,2,2,['Lifestyle' 'Office'],1,True,,27.58,18,Friday,1469
T0002372,1987751.6849638284.1730468244,1987751.6849638284,2024-11-01 13:33:23.349853,2024-11-01,tablet,United States,google,organic,(organic),Organic Search,55.15,55.15,2.0,2,2,['Lifestyle' 'Office'],1,True,,27.58,13,Friday,1469
T0004152,8530040.3681329199.1732829572,8530040.3681329199,2024-11-28 21:34:54.665428,2024-11-28,desktop,India,google,organic,(organic),Organic Search,55.13,55.13,2.0,2,2,['Headgear' 'Office'],1,True,,27.57,21,Thursday,1470
T0004448,9917670.6272090618.1732990864,9917670.6272090618,2024-11-30 18:20:20.238500,2024-11-30,mobile,Netherlands,(direct),(none),(direct),Direct,55.01,55.01,3.0,3,3,['Accessories' 'Apparel' 'Drinkware'],1,True,,18.34,18,Saturday,1471
T0004309,1790411.4099314750.1732909161,1790411.4099314750,2024-11-29 19:41:56.783056,2024-11-29,desktop,Brazil,google,organic,(organic),Organic Search,54.96,54.96,3.0,2,2,['Accessories' 'Apparel'],1,True,,18.32,19,Friday,1472
T0002516,5416030.5435507630.1730679401,5416030.5435507630,2024-11-04 00:30:29.312778,2024-11-04,mobile,United States,newsletter,email,weekly_drop,Email,54.95,54.95,2.0,2,2,['Headgear' 'Office'],2,False,2,27.48,0,Monday,1473
T0000420,1280203.7520545879.1726512747,1280203.7520545879,2024-09-16 18:47:31.895365,2024-09-16,desktop,Germany,newsletter,email,weekly_drop,Email,54.9,54.9,3.0,3,3,['Apparel' 'Drinkware' 'Stationery'],1,True,,18.3,18,Monday,1474
T0002011,5674884.2674402913.1729820033,5674884.2674402913,2024-10-25 01:27:55.577173,2024-10-25,desktop,United States,google,cpc,brand_search,Paid,54.87,54.87,2.0,2,2,['Accessories' 'Apparel'],1,True,,27.44,1,Friday,1475
T0003992,9758901.6282933108.1732760680,9758901.6282933108,2024-11-28 02:25:20.952431,2024-11-28,desktop,Japan,facebook,paid_social,prospecting_broad,Paid,54.87,54.87,2.0,2,2,['Accessories' 'Apparel'],1,True,,27.44,2,Thursday,1475
T0000761,4050888.4271778331.1727274962,4050888.4271778331,2024-09-25 14:34:06.117377,2024-09-25,mobile,United States,(direct),(none),(direct),Direct,54.87,54.87,2.0,2,2,['Accessories' 'Apparel'],1,True,,27.44,14,Wednesday,1475
T0002484,8291805.9188199025.1730636042,8291805.9188199025,2024-11-03 12:15:12.770967,2024-11-03,tablet,Japan,partners,affiliate,coupon_partners,Affiliate,54.85,54.85,4.0,3,3,['Accessories' 'Office' 'Stationery'],1,True,,13.71,12,Sunday,1476
T0002555,7562839.8156321838.1730748735,7562839.8156321838,2024-11-04 19:42:53.695772,2024-11-04,mobile,United States,(direct),(none),(direct),Direct,54.74,54.74,3.0,3,2,['Headgear' 'Lifestyle'],1,True,,18.25,19,Monday,1477
T0001538,9083263.1325120255.1728948608,9083263.1325120255,2024-10-14 23:21:20.481066,2024-10-14,desktop,United States,(direct),(none),(direct),Direct,54.71,54.71,3.0,2,2,['Apparel' 'Drinkware'],1,True,,18.24,23,Monday,1478
T0000582,4119479.6684830170.1726909420,4119479.6684830170,2024-09-21 09:08:56.662925,2024-09-21,desktop,France,partners,affiliate,coupon_partners,Affiliate,54.57,54.57,4.0,3,3,['Accessories' 'Apparel' 'Stationery'],1,True,,13.64,9,Saturday,1479
T0002702,7673315.1794611405.1731006602,7673315.1794611405,2024-11-07 19:29:24.395313,2024-11-07,mobile,Netherlands,google,organic,(organic),Organic Search,54.51,54.51,3.0,3,2,['Apparel' 'Office'],1,True,,18.17,19,Thursday,1480
T0002063,8500547.9665189900.1729935443,8500547.9665189900,2024-10-26 09:42:30.447300,2024-10-26,desktop,France,(direct),(none),(direct),Direct,54.4,54.4,2.0,2,2,['Accessories' 'Drinkware'],1,True,,27.2,9,Saturday,1481
T0001852,3635979.3566137505.1729579096,3635979.3566137505,2024-10-22 06:35:43.357415,2024-10-22,mobile,United States,(direct),(none),(direct),Direct,54.4,54.4,2.0,2,2,['Apparel' 'Drinkware'],1,True,,27.2,6,Tuesday,1481
T0002455,5986987.7775172154.1730583014,5986987.7775172154,2024-11-02 21:27:12.076082,2024-11-02,desktop,Australia,(direct),(none),(direct),Direct,54.4,54.4,2.0,2,2,['Accessories' 'Drinkware'],1,True,,27.2,21,Saturday,1481
T0002633,8585984.5667488281.1730897295,8585984.5667488281,2024-11-06 12:57:21.242218,2024-11-06,desktop,United States,google,cpc,brand_search,Paid,54.4,54.4,2.0,2,2,['Apparel' 'Drinkware'],1,True,,27.2,12,Wednesday,1481
T0001562,3192574.6023180179.1729010051,3192574.6023180179,2024-10-15 16:42:43.718724,2024-10-15,desktop,Canada,(direct),(none),(direct),Direct,54.4,54.4,2.0,2,2,['Accessories' 'Drinkware'],1,True,,27.2,16,Tuesday,1481
T0004258,6179807.3978317642.1732888291,6179807.3978317642,2024-11-29 13:51:46.420589,2024-11-29,mobile,United States,(direct),(none),(direct),Direct,54.4,54.4,2.0,2,2,['Accessories' 'Drinkware'],1,True,,27.2,13,Friday,1481
T0002315,8227305.1986273785.1730376099,8227305.1986273785,2024-10-31 12:14:12.435263,2024-10-31,desktop,United Kingdom,google,cpc,shopping_feed,Paid,54.4,54.4,2.0,2,2,['Accessories' 'Drinkware'],2,False,8,27.2,12,Thursday,1481
T0000147,3697484.6432023942.1725804133,3697484.6432023942,2024-09-08 14:03:39.089804,2024-09-08,desktop,United States,google,cpc,brand_search,Paid,54.39,54.39,1.0,1,1,['Lifestyle'],1,True,,54.39,14,Sunday,1482
T0002782,5970344.2634492037.1731156167,5970344.2634492037,2024-11-09 12:52:04.592173,2024-11-09,mobile,United States,(direct),(none),(direct),Direct,54.39,54.39,1.0,1,1,['Lifestyle'],1,True,,54.39,12,Saturday,1482
T0003092,6148048.7748701059.1731710806,6148048.7748701059,2024-11-15 22:43:03.699256,2024-11-15,desktop,Canada,newsletter,email,weekly_drop,Email,54.39,54.39,1.0,1,1,['Lifestyle'],1,True,,54.39,22,Friday,1482
T0004212,9965224.3685724188.1732867828,9965224.3685724188,2024-11-29 08:14:12.600683,2024-11-29,desktop,United States,google,cpc,shopping_feed,Paid,54.36,54.36,3.0,2,2,['Apparel' 'Headgear'],1,True,,18.12,8,Friday,1483
T0002971,2622448.8267336893.1731487293,2622448.8267336893,2024-11-13 08:51:13.546232,2024-11-13,desktop,Brazil,(direct),(none),(direct),Direct,54.26,54.26,2.0,2,2,['Accessories' 'Drinkware'],1,True,,27.13,8,Wednesday,1484
T0004390,7699594.5567828605.1732965698,7699594.5567828605,2024-11-30 11:21:39.491302,2024-11-30,desktop,Brazil,google,organic,(organic),Organic Search,54.26,54.26,2.0,2,2,['Accessories' 'Drinkware'],1,True,,27.13,11,Saturday,1484
T0003507,8232683.3872378599.1732452653,8232683.3872378599,2024-11-24 12:54:59.005799,2024-11-24,desktop,Singapore,newsletter,email,weekly_drop,Email,54.26,54.26,2.0,2,2,['Accessories' 'Drinkware'],2,False,19,27.13,12,Sunday,1484
T0000991,1950724.7457370892.1727773669,1950724.7457370892,2024-10-01 09:10:52.542143,2024-10-01,desktop,United Kingdom,google,cpc,brand_search,Paid,54.22,54.22,3.0,2,2,['Drinkware' 'Lifestyle'],1,True,,18.07,9,Tuesday,1485
T0003110,5795210.4515159169.1731760796,5795210.4515159169,2024-11-16 12:45:52.625726,2024-11-16,mobile,Germany,google,organic,(organic),Organic Search,54.19,54.19,3.0,2,2,['Drinkware' 'Stationery'],1,True,,18.06,12,Saturday,1486
T0000137,1226849.2480322119.1725752753,1226849.2480322119,2024-09-07 23:51:17.135210,2024-09-07,mobile,United States,(direct),(none),(direct),Direct,54.04,54.04,2.0,2,2,['Apparel' 'Lifestyle'],1,True,,27.02,23,Saturday,1487
T0004114,8738117.6580193341.1732818465,8738117.6580193341,2024-11-28 18:33:00.787198,2024-11-28,mobile,United States,google,organic,(organic),Organic Search,54.0,54.0,2.0,2,2,['Drinkware' 'Office'],1,True,,27.0,18,Thursday,1488
T0003946,5144640.6766372134.1732737671,5144640.6766372134,2024-11-27 19:54:12.676259,2024-11-27,desktop,United States,(direct),(none),(direct),Direct,54.0,54.0,3.0,3,3,['Accessories' 'Drinkware' 'Office'],1,True,,18.0,19,Wednesday,1488
T0001514,8052090.8592329838.1728924856,8052090.8592329838,2024-10-14 16:57:52.517148,2024-10-14,mobile,United States,(direct),(none),(direct),Direct,53.99,53.99,1.0,1,1,['Apparel'],1,True,,53.99,16,Monday,1489
T0004302,6616009.5306857932.1732906634,6616009.5306857932,2024-11-29 19:02:14.913938,2024-11-29,mobile,United States,youtube.com,referral,(referral),Referral,53.99,53.99,1.0,1,1,['Apparel'],1,True,,53.99,19,Friday,1489
T0000792,2351000.5867931950.1727356265,2351000.5867931950,2024-09-26 13:15:59.507111,2024-09-26,mobile,United States,google,cpc,shopping_feed,Paid,53.99,53.99,1.0,1,1,['Apparel'],1,True,,53.99,13,Thursday,1489
T0001859,1817402.3664561141.1729591856,1817402.3664561141,2024-10-22 10:09:16.846728,2024-10-22,desktop,Canada,google,cpc,shopping_feed,Paid,53.99,53.99,1.0,1,1,['Apparel'],1,True,,53.99,10,Tuesday,1489
T0000386,8697205.1083599043.1726437942,8697205.1083599043,2024-09-15 22:12:22.719483,2024-09-15,mobile,United States,(direct),(none),(direct),Direct,53.99,53.99,1.0,1,1,['Apparel'],1,True,,53.99,22,Sunday,1489
T0000339,9349716.9861701699.1726340308,9349716.9861701699,2024-09-14 18:53:29.357286,2024-09-14,tablet,United States,google,organic,(organic),Organic Search,53.99,53.99,1.0,1,1,['Apparel'],1,True,,53.99,18,Saturday,1489
T0000913,9378937.6645697780.1727613931,9378937.6645697780,2024-09-29 12:52:03.519431,2024-09-29,desktop,United Kingdom,google,cpc,shopping_feed,Paid,53.99,53.99,1.0,1,1,['Apparel'],1,True,,53.99,12,Sunday,1489
T0002888,8234947.6458298639.1731332479,8234947.6458298639,2024-11-11 13:50:56.058073,2024-11-11,mobile,Canada,newsletter,email,weekly_drop,Email,53.99,53.99,1.0,1,1,['Apparel'],1,True,,53.99,13,Monday,1489
T0002929,7113088.9302949399.1731407814,7113088.9302949399,2024-11-12 10:43:42.775001,2024-11-12,desktop,United States,youtube.com,referral,(referral),Referral,53.99,53.99,1.0,1,1,['Apparel'],1,True,,53.99,10,Tuesday,1489
T0004024,1750442.7686010053.1732781919,1750442.7686010053,2024-11-28 08:20:43.558318,2024-11-28,tablet,United States,partners,affiliate,coupon_partners,Affiliate,53.99,53.99,1.0,1,1,['Apparel'],1,True,,53.99,8,Thursday,1489
T0004285,4451128.3958172579.1732900934,4451128.3958172579,2024-11-29 17:14:58.129444,2024-11-29,desktop,United States,newsletter,email,weekly_drop,Email,53.99,53.99,1.0,1,1,['Apparel'],1,True,,53.99,17,Friday,1489
T0000820,8477347.1470136364.1727419752,8477347.1470136364,2024-09-27 06:52:08.131833,2024-09-27,mobile,Brazil,newsletter,email,weekly_drop,Email,53.99,53.99,1.0,1,1,['Apparel'],1,True,,53.99,6,Friday,1489
T0004458,9568526.4339349531.1732995739,9568526.4339349531,2024-11-30 19:51:37.592712,2024-11-30,desktop,United States,youtube.com,referral,(referral),Referral,53.99,53.99,1.0,1,1,['Apparel'],1,True,,53.99,19,Saturday,1489
T0004077,2352224.7687815128.1732804256,2352224.7687815128,2024-11-28 14:31:10.528192,2024-11-28,desktop,Singapore,google,organic,(organic),Organic Search,53.99,53.99,1.0,1,1,['Apparel'],1,True,,53.99,14,Thursday,1489
T0000254,3618511.8667440404.1726092570,3618511.8667440404,2024-09-11 22:17:51.665787,2024-09-11,mobile,Japan,google,organic,(organic),Organic Search,53.99,53.99,1.0,1,1,['Apparel'],1,True,,53.99,22,Wednesday,1489
T0003100,3663828.1224858691.1731737312,3663828.1224858691,2024-11-16 06:16:30.857916,2024-11-16,desktop,Netherlands,(direct),(none),(direct),Direct,53.99,53.99,1.0,1,1,['Apparel'],1,True,,53.99,6,Saturday,1489
T0002441,9753510.9187571126.1730570243,9753510.9187571126,2024-11-02 18:05:25.706815,2024-11-02,desktop,France,google,organic,(organic),Organic Search,53.99,53.99,1.0,1,1,['Apparel'],1,True,,53.99,18,Saturday,1489
T0003715,4741506.1441086583.1732617295,4741506.1441086583,2024-11-26 10:55:08.619110,2024-11-26,mobile,India,google,organic,(organic),Organic Search,53.99,53.99,1.0,1,1,['Apparel'],1,True,,53.99,10,Tuesday,1489
T0001385,1106417.1374759169.1728662955,1106417.1374759169,2024-10-11 16:03:30.877639,2024-10-11,mobile,United States,(direct),(none),(direct),Direct,53.99,53.99,1.0,1,1,['Apparel'],1,True,,53.99,16,Friday,1489
T0002188,6241921.3254283840.1730144674,6241921.3254283840,2024-10-28 19:41:00.541605,2024-10-28,mobile,United States,google,cpc,shopping_feed,Paid,53.99,53.99,1.0,1,1,['Apparel'],1,True,,53.99,19,Monday,1489
T0003063,8324569.5623476712.1731677615,8324569.5623476712,2024-11-15 13:27:32.835981,2024-11-15,mobile,Canada,(direct),(none),(direct),Direct,53.99,53.99,1.0,1,1,['Apparel'],1,True,,53.99,13,Friday,1489
T0001244,2314818.9570068861.1728352895,2314818.9570068861,2024-10-08 02:10:12.900244,2024-10-08,desktop,Brazil,(direct),(none),(direct),Direct,53.99,53.99,1.0,1,1,['Apparel'],2,False,14,53.99,2,Tuesday,1489
T0003229,6166740.7667401799.1731964806,6166740.7667401799,2024-11-18 21:22:58.268080,2024-11-18,mobile,Germany,(direct),(none),(direct),Direct,53.98,53.98,3.0,2,2,['Apparel' 'Stationery'],1,True,,17.99,21,Monday,1490
T0001956,6018935.3343558720.1729724404,6018935.3343558720,2024-10-23 23:04:25.254025,2024-10-23,mobile,Canada,google,cpc,brand_search,Paid,53.98,53.98,3.0,2,2,['Apparel' 'Stationery'],1,True,,17.99,23,Wednesday,1490
T0000370,6661809.3621069270.1726417161,6661809.3621069270,2024-09-15 16:17:56.402862,2024-09-15,desktop,United Kingdom,newsletter,email,weekly_drop,Email,53.98,53.98,3.0,2,2,['Apparel' 'Stationery'],1,True,,17.99,16,Sunday,1490
T0003702,7221153.2673849732.1732608078,7221153.2673849732,2024-11-26 08:02:35.628002,2024-11-26,mobile,United States,(direct),(none),(direct),Direct,53.98,53.98,3.0,2,2,['Apparel' 'Stationery'],1,True,,17.99,8,Tuesday,1490
T0003395,4022687.5611218796.1732258037,4022687.5611218796,2024-11-22 06:54:06.740512,2024-11-22,desktop,United States,google,organic,(organic),Organic Search,53.72,53.72,2.0,2,2,['Accessories' 'Lifestyle'],2,False,4,26.86,6,Friday,1491
T0000828,8784865.8214120003.1727439090,8784865.8214120003,2024-09-27 12:17:11.108322,2024-09-27,desktop,United States,google,cpc,brand_search,Paid,53.72,53.72,2.0,2,2,['Accessories' 'Lifestyle'],1,True,,26.86,12,Friday,1491
T0002548,2861146.7238177724.1730734013,2861146.7238177724,2024-11-04 15:32:14.924561,2024-11-04,mobile,Japan,google,organic,(organic),Organic Search,53.55,53.55,2.0,2,2,['Drinkware' 'Office'],1,True,,26.78,15,Monday,1492
T0002531,9832540.2484267406.1730713092,9832540.2484267406,2024-11-04 09:44:49.168807,2024-11-04,desktop,United States,google,cpc,shopping_feed,Paid,53.42,53.42,2.0,2,2,['Lifestyle' 'Stationery'],1,True,,26.71,9,Monday,1493
T0003402,4472485.3457830488.1732272106,4472485.3457830488,2024-11-22 10:48:09.652196,2024-11-22,desktop,United Kingdom,newsletter,email,weekly_drop,Email,53.41,53.41,2.0,2,2,['Accessories' 'Apparel'],1,True,,26.71,10,Friday,1494
T0003624,3550814.7930440150.1732555331,3550814.7930440150,2024-11-25 17:22:47.430599,2024-11-25,mobile,United Kingdom,google,organic,(organic),Organic Search,53.27,53.27,2.0,2,2,['Office' 'Stationery'],1,True,,26.64,17,Monday,1495
T0002053,6359842.4040375882.1729900915,6359842.4040375882,2024-10-25 23:59:39.931345,2024-10-25,desktop,United States,google,organic,(organic),Organic Search,53.27,53.27,1.0,1,1,['Apparel'],1,True,,53.27,23,Friday,1495
T0002323,9632136.4086538138.1730386715,9632136.4086538138,2024-10-31 14:54:53.695454,2024-10-31,desktop,United States,facebook,paid_social,prospecting_broad,Paid,53.26,53.26,2.0,2,2,['Accessories' 'Drinkware'],1,True,,26.63,14,Thursday,1496
T0002919,8379583.1423802320.1731375756,8379583.1423802320,2024-11-12 01:50:37.884919,2024-11-12,desktop,United States,facebook,paid_social,prospecting_broad,Paid,53.25,53.25,2.0,2,2,['Accessories' 'Electronics'],1,True,,26.63,1,Tuesday,1497
T0000561,6251673.6981356843.1726848750,6251673.6981356843,2024-09-20 16:03:34.492182,2024-09-20,desktop,United States,(direct),(none),(direct),Direct,53.18,53.18,2.0,2,2,['Accessories' 'Drinkware'],1,True,,26.59,16,Friday,1498
T0000781,2315100.4769781429.1727316279,2315100.4769781429,2024-09-26 02:09:09.501372,2024-09-26,desktop,United States,(direct),(none),(direct),Direct,53.16,53.16,2.0,2,2,['Accessories' 'Apparel'],1,True,,26.58,2,Thursday,1499
T0002201,1615707.3201744603.1730164353,1615707.3201744603,2024-10-29 01:05:57.022519,2024-10-29,desktop,United States,google,cpc,brand_search,Paid,53.16,53.16,2.0,2,2,['Accessories' 'Apparel'],1,True,,26.58,1,Tuesday,1499
T0003352,8487651.9139528834.1732187409,8487651.9139528834,2024-11-21 11:19:30.428470,2024-11-21,mobile,United States,newsletter,email,weekly_drop,Email,53.11,53.11,2.0,2,2,['Accessories' 'Office'],1,True,,26.56,11,Thursday,1500
T0000568,1918124.4861556508.1726861379,1918124.4861556508,2024-09-20 19:46:11.672908,2024-09-20,mobile,Singapore,newsletter,email,weekly_drop,Email,53.0,53.0,3.0,2,2,['Apparel' 'Office'],1,True,,17.67,19,Friday,1501
T0002402,8966433.8532367011.1730499593,8966433.8532367011,2024-11-01 22:25:31.790162,2024-11-01,desktop,Japan,google,organic,(organic),Organic Search,52.99,52.99,2.0,2,2,['Office' 'Stationery'],1,True,,26.5,22,Friday,1502
T0000656,2476834.6194912732.1727048873,2476834.6194912732,2024-09-22 23:54:07.346900,2024-09-22,desktop,France,(direct),(none),(direct),Direct,52.99,52.99,2.0,2,2,['Office' 'Stationery'],1,True,,26.5,23,Sunday,1502
T0000309,5522625.5313736360.1726243202,5522625.5313736360,2024-09-13 16:07:57.611498,2024-09-13,desktop,Canada,newsletter,email,weekly_drop,Email,52.89,52.89,3.0,3,2,['Accessories' 'Stationery'],1,True,,17.63,16,Friday,1503
T0001952,9306850.1115144929.1729716263,9306850.1115144929,2024-10-23 20:53:24.654892,2024-10-23,desktop,United States,newsletter,email,weekly_drop,Email,52.77,52.77,3.0,2,2,['Headgear' 'Lifestyle'],1,True,,17.59,20,Wednesday,1504
T0001162,1750686.7703711145.1728172782,1750686.7703711145,2024-10-05 23:50:28.479985,2024-10-05,mobile,United States,(direct),(none),(direct),Direct,52.62,52.62,2.0,1,1,['Drinkware'],1,True,,26.31,23,Saturday,1505
T0000970,1339537.7381615018.1727729898,1339537.7381615018,2024-09-30 20:52:33.429275,2024-09-30,mobile,Netherlands,newsletter,email,weekly_drop,Email,52.62,52.62,2.0,1,1,['Drinkware'],2,False,13,26.31,20,Monday,1505
T0002770,8498261.9230583997.1731130032,8498261.9230583997,2024-11-09 05:27:14.144842,2024-11-09,desktop,Australia,(direct),(none),(direct),Direct,52.62,52.62,2.0,1,1,['Drinkware'],1,True,,26.31,5,Saturday,1505
T0002206,3632771.8230051153.1730176151,3632771.8230051153,2024-10-29 04:34:10.168492,2024-10-29,desktop,Canada,newsletter,email,weekly_drop,Email,52.62,52.62,2.0,1,1,['Drinkware'],1,True,,26.31,4,Tuesday,1505
T0000707,2457039.6352222429.1727181937,2457039.6352222429,2024-09-24 12:39:13.999742,2024-09-24,desktop,United States,partners,affiliate,coupon_partners,Affiliate,52.62,52.62,2.0,1,1,['Drinkware'],1,True,,26.31,12,Tuesday,1505
T0000136,3013611.8059494518.1725751180,3013611.8059494518,2024-09-07 23:26:14.166312,2024-09-07,mobile,Canada,newsletter,email,weekly_drop,Email,52.62,52.62,2.0,1,1,['Drinkware'],2,False,2,26.31,23,Saturday,1505
T0004304,9293517.9125945254.1732907581,9293517.9125945254,2024-11-29 19:05:47.018196,2024-11-29,desktop,United States,google,cpc,brand_search,Paid,52.62,52.62,2.0,1,1,['Drinkware'],1,True,,26.31,19,Friday,1505
T0001927,4591486.5400265480.1729684044,4591486.5400265480,2024-10-23 11:46:41.071429,2024-10-23,desktop,United States,newsletter,email,weekly_drop,Email,52.62,52.62,2.0,1,1,['Drinkware'],1,True,,26.31,11,Wednesday,1505
T0002737,8864719.2060874119.1731077913,8864719.2060874119,2024-11-08 15:07:30.961262,2024-11-08,desktop,United States,google,cpc,brand_search,Paid,52.62,52.62,2.0,1,1,['Drinkware'],1,True,,26.31,15,Friday,1505
T0002577,1886552.6413671958.1730805082,1886552.6413671958,2024-11-05 11:12:50.188234,2024-11-05,mobile,United States,google,organic,(organic),Organic Search,52.62,52.62,2.0,1,1,['Drinkware'],1,True,,26.31,11,Tuesday,1505
T0001935,6951193.5506988431.1729696983,6951193.5506988431,2024-10-23 15:19:08.054312,2024-10-23,desktop,United States,google,cpc,shopping_feed,Paid,52.62,52.62,2.0,1,1,['Drinkware'],2,False,12,26.31,15,Wednesday,1505
T0000306,2660530.7329285037.1726237530,2660530.7329285037,2024-09-13 14:36:45.449792,2024-09-13,desktop,United States,google,cpc,shopping_feed,Paid,52.62,52.62,2.0,1,1,['Drinkware'],1,True,,26.31,14,Friday,1505
T0003984,8905912.1420653160.1732754184,8905912.1420653160,2024-11-28 00:40:21.376225,2024-11-28,desktop,United States,(direct),(none),(direct),Direct,52.62,52.62,2.0,1,1,['Drinkware'],2,False,15,26.31,0,Thursday,1505
T0001052,9897618.4264179638.1727904715,9897618.4264179638,2024-10-02 21:37:22.953983,2024-10-02,mobile,United States,google,cpc,shopping_feed,Paid,52.62,52.62,2.0,1,1,['Drinkware'],1,True,,26.31,21,Wednesday,1505
T0001996,7870625.9713971420.1729805363,7870625.9713971420,2024-10-24 21:32:08.257458,2024-10-24,desktop,Singapore,google,cpc,brand_search,Paid,52.62,52.62,2.0,1,1,['Drinkware'],1,True,,26.31,21,Thursday,1505
T0003555,9775633.5764283583.1732506265,9775633.5764283583,2024-11-25 03:39:21.215026,2024-11-25,mobile,United States,(direct),(none),(direct),Direct,52.58,52.58,2.0,2,2,['Apparel' 'Lifestyle'],1,True,,26.29,3,Monday,1506
T0002653,7352878.5017109249.1730915387,7352878.5017109249,2024-11-06 18:02:47.026662,2024-11-06,desktop,Germany,google,cpc,shopping_feed,Paid,52.46,52.46,3.0,3,2,['Accessories' 'Stationery'],1,True,,17.49,18,Wednesday,1507
T0003142,1715548.5368712205.1731809693,1715548.5368712205,2024-11-17 02:07:22.898399,2024-11-17,desktop,Germany,google,cpc,shopping_feed,Paid,52.34,52.34,2.0,2,1,['Accessories'],1,True,,26.17,2,Sunday,1508
T0002203,5928757.4446460898.1730167030,5928757.4446460898,2024-10-29 01:54:07.553730,2024-10-29,desktop,Singapore,(direct),(none),(direct),Direct,52.34,52.34,2.0,2,1,['Accessories'],1,True,,26.17,1,Tuesday,1508
T0002611,5953252.4805535297.1730844591,5953252.4805535297,2024-11-05 22:14:02.325213,2024-11-05,mobile,Netherlands,(direct),(none),(direct),Direct,52.28,52.28,3.0,3,2,['Accessories' 'Lifestyle'],1,True,,17.43,22,Tuesday,1509
T0001585,2094112.9028739269.1729051907,2094112.9028739269,2024-10-16 04:13:26.077174,2024-10-16,desktop,United States,google,organic,(organic),Organic Search,52.06,52.06,4.0,2,1,['Drinkware'],1,True,,13.02,4,Wednesday,1510
T0003233,6398852.1745179639.1731972489,6398852.1745179639,2024-11-18 23:21:56.594720,2024-11-18,desktop,United States,facebook,paid_social,prospecting_broad,Paid,52.01,52.01,2.0,2,1,['Office'],1,True,,26.01,23,Monday,1511
T0002968,2125177.2400476048.1731477894,2125177.2400476048,2024-11-13 06:02:26.283723,2024-11-13,desktop,Japan,newsletter,email,weekly_drop,Email,51.9,51.9,2.0,1,1,['Office'],2,False,34,25.95,6,Wednesday,1512
T0000189,2990734.3012844144.1725926117,2990734.3012844144,2024-09-10 00:01:55.659650,2024-09-10,mobile,France,partners,affiliate,coupon_partners,Affiliate,51.9,51.9,1.0,1,1,['Bags'],1,True,,51.9,0,Tuesday,1512
T0000598,1466340.2397007990.1726936574,1466340.2397007990,2024-09-21 16:49:32.501003,2024-09-21,desktop,United States,newsletter,email,weekly_drop,Email,51.83,51.83,3.0,3,3,['Accessories' 'Apparel' 'Stationery'],1,True,,17.28,16,Saturday,1513
T0003623,7768181.7923583900.1732554656,7768181.7923583900,2024-11-25 17:15:47.611361,2024-11-25,desktop,United Kingdom,(direct),(none),(direct),Direct,51.7,51.7,2.0,2,2,['Drinkware' 'Office'],1,True,,25.85,17,Monday,1514
T0004334,5477490.3834768866.1732916997,5477490.3834768866,2024-11-29 22:11:55.095966,2024-11-29,desktop,Australia,newsletter,email,weekly_drop,Email,51.65,51.65,2.0,2,2,['Accessories' 'Apparel'],1,True,,25.83,22,Friday,1515
T0004293,6147255.5508738628.1732903287,6147255.5508738628,2024-11-29 18:07:03.945437,2024-11-29,mobile,United States,google,cpc,shopping_feed,Paid,51.51,51.51,2.0,2,2,['Accessories' 'Apparel'],1,True,,25.76,18,Friday,1516
T0000983,8281398.9620056543.1727755026,8281398.9620056543,2024-10-01 03:50:16.734602,2024-10-01,desktop,India,youtube.com,referral,(referral),Referral,51.49,51.49,2.0,2,2,['Accessories' 'Apparel'],1,True,,25.75,3,Tuesday,1517
T0004421,2292079.3596142548.1732978156,2292079.3596142548,2024-11-30 14:45:17.540313,2024-11-30,mobile,United Kingdom,google,cpc,brand_search,Paid,51.48,51.48,3.0,3,3,['Accessories' 'Apparel' 'Drinkware'],1,True,,17.16,14,Saturday,1518
T0000124,5778994.9654824905.1725721686,5778994.9654824905,2024-09-07 15:11:21.892206,2024-09-07,mobile,Canada,google,cpc,brand_search,Paid,51.47,51.47,2.0,2,2,['Apparel' 'Bags'],1,True,,25.74,15,Saturday,1519
T0004315,5928146.4599371436.1732911500,5928146.4599371436,2024-11-29 20:17:17.244461,2024-11-29,mobile,Germany,(direct),(none),(direct),Direct,51.46,51.46,2.0,2,2,['Accessories' 'Drinkware'],1,True,,25.73,20,Friday,1520
T0001183,5405154.3940187655.1728220929,5405154.3940187655,2024-10-06 13:22:21.245014,2024-10-06,desktop,India,google,cpc,brand_search,Paid,51.42,51.42,3.0,2,2,['Accessories' 'Office'],1,True,,17.14,13,Sunday,1521
T0001207,2299560.3894596815.1728278376,2299560.3894596815,2024-10-07 05:26:32.838787,2024-10-07,desktop,United Kingdom,google,cpc,shopping_feed,Paid,51.42,51.42,2.0,2,2,['Accessories' 'Electronics'],1,True,,25.71,5,Monday,1521
T0000992,3847702.5768685868.1727774094,3847702.5768685868,2024-10-01 09:11:10.869373,2024-10-01,mobile,United Kingdom,(direct),(none),(direct),Direct,51.36,51.36,2.0,2,2,['Apparel' 'Office'],1,True,,25.68,9,Tuesday,1522
T0000037,6525661.9422782726.1725373263,6525661.9422782726,2024-09-03 14:29:18.365711,2024-09-03,desktop,Canada,youtube.com,referral,(referral),Referral,51.36,51.36,2.0,2,2,['Accessories' 'Drinkware'],1,True,,25.68,14,Tuesday,1522
T0004227,4375476.1732639199.1732876047,4375476.1732639199,2024-11-29 10:22:10.875201,2024-11-29,desktop,Canada,(direct),(none),(direct),Direct,51.2,51.2,1.0,1,1,['Lifestyle'],2,False,3,51.2,10,Friday,1523
T0003762,7639051.6960990582.1732636439,7639051.6960990582,2024-11-26 15:52:51.542857,2024-11-26,desktop,Singapore,(direct),(none),(direct),Direct,51.2,51.2,1.0,1,1,['Lifestyle'],1,True,,51.2,15,Tuesday,1523
T0001633,8011598.7517194496.1729132398,8011598.7517194496,2024-10-17 02:39:15.108096,2024-10-17,mobile,United States,google,organic,(organic),Organic Search,51.2,51.2,1.0,1,1,['Lifestyle'],1,True,,51.2,2,Thursday,1523
T0003492,4713243.7601447562.1732405610,4713243.7601447562,2024-11-23 23:50:55.215643,2024-11-23,desktop,Mexico,(direct),(none),(direct),Direct,51.2,51.2,3.0,3,2,['Accessories' 'Stationery'],1,True,,17.07,23,Saturday,1523
T0001658,4169865.2812818144.1729184585,4169865.2812818144,2024-10-17 17:08:24.041281,2024-10-17,tablet,United States,(direct),(none),(direct),Direct,51.2,51.2,1.0,1,1,['Lifestyle'],1,True,,51.2,17,Thursday,1523
T0001341,7137458.6566896535.1728559771,7137458.6566896535,2024-10-10 11:31:07.092385,2024-10-10,desktop,Netherlands,newsletter,email,weekly_drop,Email,51.2,51.2,1.0,1,1,['Lifestyle'],1,True,,51.2,11,Thursday,1523
T0001468,9603203.8095904187.1728852064,9603203.8095904187,2024-10-13 20:38:54.687314,2024-10-13,tablet,United States,youtube.com,referral,(referral),Referral,51.17,51.17,2.0,2,2,['Drinkware' 'Electronics'],1,True,,25.59,20,Sunday,1524
T0003923,2771909.3696929558.1732725790,2771909.3696929558,2024-11-27 16:51:02.994870,2024-11-27,desktop,United States,(direct),(none),(direct),Direct,51.13,51.13,2.0,2,2,['Accessories' 'Apparel'],1,True,,25.57,16,Wednesday,1525
T0002813,7992586.6440730585.1731195984,7992586.6440730585,2024-11-09 23:52:54.827593,2024-11-09,desktop,Singapore,(direct),(none),(direct),Direct,50.99,50.99,3.0,3,3,['Apparel' 'Electronics' 'Stationery'],1,True,,17.0,23,Saturday,1526
T0003124,9193830.4218306623.1731779653,9193830.4218306623,2024-11-16 17:52:27.901710,2024-11-16,desktop,United States,(direct),(none),(direct),Direct,50.97,50.97,2.0,2,1,['Apparel'],1,True,,25.49,17,Saturday,1527
T0003503,5238362.1544266729.1732447903,5238362.1544266729,2024-11-24 11:42:19.135621,2024-11-24,mobile,United Kingdom,(direct),(none),(direct),Direct,50.95,50.95,1.0,1,1,['Electronics'],1,True,,50.95,11,Sunday,1528
T0003102,1374893.5145170366.1731747772,1374893.5145170366,2024-11-16 09:08:41.855779,2024-11-16,mobile,Netherlands,google,cpc,shopping_feed,Paid,50.95,50.95,1.0,1,1,['Electronics'],1,True,,50.95,9,Saturday,1528
T0000634,8449591.4243864440.1727014313,8449591.4243864440,2024-09-22 14:15:51.487702,2024-09-22,tablet,United States,newsletter,email,weekly_drop,Email,50.95,50.95,1.0,1,1,['Electronics'],1,True,,50.95,14,Sunday,1528
T0001061,7228218.3844189366.1727937293,7228218.3844189366,2024-10-03 06:30:36.404309,2024-10-03,mobile,India,google,cpc,brand_search,Paid,50.93,50.93,2.0,2,1,['Office'],1,True,,25.47,6,Thursday,1529
T0002669,8263349.3058257702.1730944609,8263349.3058257702,2024-11-07 02:06:25.608529,2024-11-07,tablet,United States,google,cpc,brand_search,Paid,50.83,50.83,3.0,2,2,['Apparel' 'Headgear'],1,True,,16.94,2,Thursday,1530
T0000755,4413157.6648086918.1727263276,4413157.6648086918,2024-09-25 11:21:59.995108,2024-09-25,tablet,Brazil,google,organic,(organic),Organic Search,50.83,50.83,3.0,2,2,['Apparel' 'Headgear'],1,True,,16.94,11,Wednesday,1530
T0003091,5426627.7372429442.1731707529,5426627.7372429442,2024-11-15 22:10:33.740520,2024-11-15,desktop,United Kingdom,(direct),(none),(direct),Direct,50.78,50.78,2.0,2,1,['Accessories'],1,True,,25.39,22,Friday,1531
T0002647,4776925.7416368681.1730911541,4776925.7416368681,2024-11-06 16:42:56.863050,2024-11-06,mobile,United States,google,organic,(organic),Organic Search,50.78,50.78,2.0,2,1,['Accessories'],1,True,,25.39,16,Wednesday,1531
T0000715,9776609.2715107251.1727192498,9776609.2715107251,2024-09-24 15:49:55.303124,2024-09-24,tablet,United States,facebook,paid_social,prospecting_broad,Paid,50.75,50.75,4.0,3,2,['Accessories' 'Stationery'],1,True,,12.69,15,Tuesday,1532
T0002171,3628813.5604805660.1730117008,3628813.5604805660,2024-10-28 12:17:29.162095,2024-10-28,desktop,Germany,google,cpc,shopping_feed,Paid,50.75,50.75,3.0,3,3,['Accessories' 'Apparel' 'Stationery'],1,True,,16.92,12,Monday,1532
T0002586,2464102.9137676000.1730814233,2464102.9137676000,2024-11-05 13:50:58.387797,2024-11-05,mobile,Netherlands,google,cpc,shopping_feed,Paid,50.69,50.69,2.0,2,1,['Drinkware'],2,False,1,25.35,13,Tuesday,1533
T0002482,5986055.8794554271.1730635450,5986055.8794554271,2024-11-03 12:02:19.580630,2024-11-03,desktop,United States,newsletter,email,weekly_drop,Email,50.62,50.62,2.0,1,1,['Drinkware'],1,True,,25.31,12,Sunday,1534
T0001026,9296219.3142621589.1727826689,9296219.3142621589,2024-10-02 00:08:04.922028,2024-10-02,mobile,United States,newsletter,email,weekly_drop,Email,50.62,50.62,2.0,1,1,['Drinkware'],2,False,5,25.31,0,Wednesday,1534
T0002588,6900515.9071057889.1730817370,6900515.9071057889,2024-11-05 14:30:59.803956,2024-11-05,mobile,Japan,google,cpc,brand_search,Paid,50.62,50.62,2.0,1,1,['Drinkware'],1,True,,25.31,14,Tuesday,1534
T0004365,6854580.6486999537.1732940224,6854580.6486999537,2024-11-30 04:24:08.750638,2024-11-30,desktop,Canada,google,cpc,brand_search,Paid,50.62,50.62,2.0,1,1,['Drinkware'],1,True,,25.31,4,Saturday,1534
T0003030,2540740.1804146775.1731600004,2540740.1804146775,2024-11-14 16:03:36.829007,2024-11-14,desktop,United States,google,organic,(organic),Organic Search,50.62,50.62,2.0,1,1,['Drinkware'],2,False,4,25.31,16,Thursday,1534
T0001943,8265939.5033158436.1729703860,8265939.5033158436,2024-10-23 17:18:21.675639,2024-10-23,tablet,United States,(direct),(none),(direct),Direct,50.62,50.62,2.0,1,1,['Drinkware'],1,True,,25.31,17,Wednesday,1534
T0000723,5752948.4033757925.1727201387,5752948.4033757925,2024-09-24 18:10:50.557468,2024-09-24,tablet,India,google,organic,(organic),Organic Search,50.62,50.62,2.0,1,1,['Drinkware'],1,True,,25.31,18,Tuesday,1534
T0002819,2540740.1804146775.1731214451,2540740.1804146775,2024-11-10 04:58:31.969418,2024-11-10,desktop,United States,google,organic,(organic),Organic Search,50.53,50.53,4.0,3,3,['Drinkware' 'Office' 'Stationery'],1,True,,12.63,4,Sunday,1535
T0001353,2350833.8519001966.1728579070,2350833.8519001966,2024-10-10 17:09:35.258823,2024-10-10,desktop,Canada,google,cpc,shopping_feed,Paid,50.25,50.25,2.0,2,2,['Apparel' 'Lifestyle'],1,True,,25.13,17,Thursday,1536
T0000506,1977781.7823948617.1726744271,1977781.7823948617,2024-09-19 11:13:24.477460,2024-09-19,desktop,Netherlands,newsletter,email,weekly_drop,Email,50.25,50.25,2.0,2,2,['Apparel' 'Lifestyle'],1,True,,25.13,11,Thursday,1536
T0003283,9525416.7621344362.1732050696,9525416.7621344362,2024-11-19 21:20:21.709246,2024-11-19,mobile,Germany,(direct),(none),(direct),Direct,50.23,50.23,2.0,2,2,['Apparel' 'Office'],1,True,,25.12,21,Tuesday,1537
T0004265,8872238.1148491527.1732889364,8872238.1148491527,2024-11-29 14:16:49.386161,2024-11-29,mobile,India,google,organic,(organic),Organic Search,50.2,50.2,2.0,1,1,['Apparel'],1,True,,25.1,14,Friday,1538
T0004222,5323174.7903562842.1732873066,5323174.7903562842,2024-11-29 09:35:40.807206,2024-11-29,mobile,United States,newsletter,email,weekly_drop,Email,50.2,50.2,2.0,1,1,['Apparel'],1,True,,25.1,9,Friday,1538
T0004474,2950251.2160730739.1733003347,2950251.2160730739,2024-11-30 21:46:27.803816,2024-11-30,desktop,United States,google,organic,(organic),Organic Search,49.81,49.81,2.0,2,1,['Accessories'],2,False,4,24.91,21,Saturday,1539
T0003239,6460472.6451487865.1731974648,6460472.6451487865,2024-11-19 00:00:21.407188,2024-11-19,desktop,United States,(direct),(none),(direct),Direct,49.81,49.81,3.0,2,2,['Accessories' 'Drinkware'],1,True,,16.6,0,Tuesday,1539
T0003731,5888640.9987187635.1732624310,5888640.9987187635,2024-11-26 12:30:31.128712,2024-11-26,mobile,Germany,(direct),(none),(direct),Direct,49.81,49.81,2.0,2,1,['Accessories'],1,True,,24.91,12,Tuesday,1539
T0001569,5735520.8915603301.1729019287,5735520.8915603301,2024-10-15 19:12:30.646170,2024-10-15,desktop,United States,(direct),(none),(direct),Direct,49.74,49.74,3.0,3,3,['Accessories' 'Office' 'Stationery'],1,True,,16.58,19,Tuesday,1540
T0003022,7498191.9234532462.1731587175,7498191.9234532462,2024-11-14 12:28:50.814867,2024-11-14,mobile,Canada,(direct),(none),(direct),Direct,49.72,49.72,2.0,2,1,['Drinkware'],1,True,,24.86,12,Thursday,1541
T0002534,2668586.1648216274.1730717248,2668586.1648216274,2024-11-04 10:38:27.079469,2024-11-04,mobile,United States,google,cpc,shopping_feed,Paid,49.68,49.68,1.0,1,1,['Bags'],1,True,,49.68,10,Monday,1542
T0001795,8439866.1013701246.1729445961,8439866.1013701246,2024-10-20 17:32:40.706146,2024-10-20,desktop,United States,(direct),(none),(direct),Direct,49.6,49.6,3.0,2,2,['Accessories' 'Drinkware'],2,False,27,16.53,17,Sunday,1543
T0001430,6820425.5552475224.1728742626,6820425.5552475224,2024-10-12 14:22:06.194877,2024-10-12,desktop,Canada,(direct),(none),(direct),Direct,49.53,49.53,2.0,2,2,['Apparel' 'Headgear'],1,True,,24.77,14,Saturday,1544
T0002117,6232583.1913508300.1730013024,6232583.1913508300,2024-10-27 07:24:04.350778,2024-10-27,mobile,United Kingdom,google,cpc,shopping_feed,Paid,49.43,49.43,3.0,3,3,['Accessories' 'Lifestyle' 'Office'],1,True,,16.48,7,Sunday,1545
T0002104,7398731.9126126885.1729988099,7398731.9126126885,2024-10-27 00:31:22.719511,2024-10-27,mobile,United States,google,cpc,brand_search,Paid,49.32,49.32,2.0,2,1,['Drinkware'],2,False,5,24.66,0,Sunday,1546
T0004045,4033904.8304256111.1732794898,4033904.8304256111,2024-11-28 12:13:07.825760,2024-11-28,desktop,United States,google,cpc,shopping_feed,Paid,49.32,49.32,2.0,2,1,['Drinkware'],1,True,,24.66,12,Thursday,1546
T0000081,2915791.9556151093.1725569094,2915791.9556151093,2024-09-05 20:44:42.840241,2024-09-05,desktop,Brazil,google,organic,(organic),Organic Search,49.18,49.18,2.0,2,1,['Apparel'],1,True,,24.59,20,Thursday,1547
T0002521,1200173.3316269361.1730699281,1200173.3316269361,2024-11-04 05:51:20.098318,2024-11-04,tablet,United States,google,organic,(organic),Organic Search,49.18,49.18,2.0,2,1,['Apparel'],1,True,,24.59,5,Monday,1547
T0003550,6890201.8680306196.1732498726,6890201.8680306196,2024-11-25 01:46:32.167321,2024-11-25,mobile,United States,facebook,paid_social,prospecting_broad,Paid,49.18,49.18,2.0,2,1,['Apparel'],1,True,,24.59,1,Monday,1547
T0003970,3626562.6807593840.1732748780,3626562.6807593840,2024-11-27 23:17:07.382661,2024-11-27,desktop,United States,google,organic,(organic),Organic Search,49.18,49.18,2.0,2,1,['Apparel'],1,True,,24.59,23,Wednesday,1547
T0000010,3049669.9511086323.1725226666,3049669.9511086323,2024-09-01 21:35:46.403945,2024-09-01,desktop,Germany,(direct),(none),(direct),Direct,49.18,49.18,2.0,2,1,['Apparel'],1,True,,24.59,21,Sunday,1547
T0002126,1739974.2522931856.1730029809,1739974.2522931856,2024-10-27 11:50:47.942782,2024-10-27,mobile,United States,google,cpc,shopping_feed,Paid,49.18,49.18,2.0,2,1,['Apparel'],1,True,,24.59,11,Sunday,1547
T0003261,5006244.8531615165.1732028945,5006244.8531615165,2024-11-19 15:11:49.339644,2024-11-19,desktop,France,google,organic,(organic),Organic Search,49.18,49.18,2.0,2,1,['Apparel'],1,True,,24.59,15,Tuesday,1547
T0002110,6681914.6415220486.1730001424,6681914.6415220486,2024-10-27 04:05:13.132239,2024-10-27,mobile,United States,newsletter,email,weekly_drop,Email,49.18,49.18,2.0,2,1,['Apparel'],1,True,,24.59,4,Sunday,1547
T0000524,9733750.5854321326.1726772383,9733750.5854321326,2024-09-19 19:16:49.093035,2024-09-19,mobile,United Kingdom,newsletter,email,weekly_drop,Email,49.15,49.15,3.0,2,2,['Accessories' 'Drinkware'],1,True,,16.38,19,Thursday,1548
T0001232,1570662.9883814365.1728330912,1570662.9883814365,2024-10-07 20:04:50.997225,2024-10-07,desktop,Germany,google,cpc,brand_search,Paid,49.14,49.14,2.0,2,1,['Accessories'],1,True,,24.57,20,Monday,1549
T0004105,1198377.8390132733.1732815908,1198377.8390132733,2024-11-28 17:43:37.224884,2024-11-28,desktop,United States,google,organic,(organic),Organic Search,49.06,49.06,2.0,2,2,['Apparel' 'Drinkware'],2,False,4,24.53,17,Thursday,1550
T0001549,9174536.4630913205.1728987281,9174536.4630913205,2024-10-15 10:16:08.734364,2024-10-15,desktop,Canada,google,cpc,brand_search,Paid,49.06,49.06,2.0,2,2,['Apparel' 'Drinkware'],1,True,,24.53,10,Tuesday,1550
T0002943,9832393.2506657341.1731432359,9832393.2506657341,2024-11-12 17:36:43.605963,2024-11-12,desktop,United States,google,organic,(organic),Organic Search,49.04,49.04,2.0,2,1,['Apparel'],1,True,,24.52,17,Tuesday,1551
T0004329,1145321.1688941040.1732917468,1145321.1688941040,2024-11-29 21:55:27.643218,2024-11-29,mobile,France,partners,affiliate,coupon_partners,Affiliate,49.0,49.0,2.0,2,1,['Accessories'],1,True,,24.5,21,Friday,1552
T0004014,1280001.9137142941.1732776466,1280001.9137142941,2024-11-28 06:51:20.811142,2024-11-28,mobile,United States,google,organic,(organic),Organic Search,48.99,48.99,2.0,2,2,['Accessories' 'Office'],1,True,,24.5,6,Thursday,1553
T0003298,9116317.7649637945.1732070133,9116317.7649637945,2024-11-20 02:33:53.725941,2024-11-20,desktop,India,youtube.com,referral,(referral),Referral,48.99,48.99,2.0,2,2,['Apparel' 'Electronics'],1,True,,24.5,2,Wednesday,1553
T0000250,6950833.5678043939.1726087280,6950833.5678043939,2024-09-11 20:33:36.404027,2024-09-11,tablet,Germany,google,cpc,shopping_feed,Paid,48.84,48.84,2.0,2,2,['Drinkware' 'Office'],1,True,,24.42,20,Wednesday,1554
T0000481,2313364.9298753911.1726680392,2313364.9298753911,2024-09-18 17:34:05.286775,2024-09-18,mobile,Germany,newsletter,email,weekly_drop,Email,48.77,48.77,2.0,2,2,['Apparel' 'Electronics'],3,False,8,24.39,17,Wednesday,1555
T0001532,6038814.7196462880.1728941938,6038814.7196462880,2024-10-14 21:45:05.650383,2024-10-14,desktop,Japan,google,cpc,brand_search,Paid,48.76,48.76,2.0,2,2,['Accessories' 'Office'],1,True,,24.38,21,Monday,1556
T0004149,5884815.6183512740.1732828955,5884815.6183512740,2024-11-28 21:29:11.622011,2024-11-28,desktop,Germany,newsletter,email,weekly_drop,Email,48.76,48.76,2.0,1,1,['Drinkware'],1,True,,24.38,21,Thursday,1556
T0003050,3540723.6942177338.1731659096,3540723.6942177338,2024-11-15 08:22:14.307976,2024-11-15,desktop,United States,google,cpc,brand_search,Paid,48.76,48.76,2.0,1,1,['Drinkware'],1,True,,24.38,8,Friday,1556
T0003372,9915226.3570398835.1732206652,9915226.3570398835,2024-11-21 16:25:49.631601,2024-11-21,desktop,United States,(direct),(none),(direct),Direct,48.72,48.72,1.0,1,1,['Apparel'],1,True,,48.72,16,Thursday,1557
T0004475,1712129.8181523174.1733003372,1712129.8181523174,2024-11-30 21:49:21.955474,2024-11-30,desktop,Japan,google,organic,(organic),Organic Search,48.65,48.65,3.0,2,2,['Apparel' 'Stationery'],1,True,,16.22,21,Saturday,1558
T0000655,6434855.3064808864.1727045675,6434855.3064808864,2024-09-22 23:06:44.620583,2024-09-22,mobile,Germany,google,cpc,shopping_feed,Paid,48.65,48.65,3.0,2,2,['Apparel' 'Stationery'],1,True,,16.22,23,Sunday,1558
T0001163,9476042.2468279028.1728172450,9476042.2468279028,2024-10-05 23:52:57.781926,2024-10-05,desktop,France,google,cpc,brand_search,Paid,48.65,48.65,3.0,2,2,['Apparel' 'Stationery'],1,True,,16.22,23,Saturday,1558
T0002709,4935425.3395279957.1731018506,4935425.3395279957,2024-11-07 22:39:04.983114,2024-11-07,desktop,United States,google,organic,(organic),Organic Search,48.65,48.65,3.0,2,2,['Apparel' 'Stationery'],1,True,,16.22,22,Thursday,1558
T0004186,6980811.3562014143.1732846089,6980811.3562014143,2024-11-29 02:16:08.612702,2024-11-29,desktop,United States,newsletter,email,weekly_drop,Email,48.65,48.65,3.0,2,2,['Apparel' 'Stationery'],1,True,,16.22,2,Friday,1558
T0004456,9082110.8080191330.1732994561,9082110.8080191330,2024-11-30 19:24:33.697718,2024-11-30,mobile,United States,google,cpc,brand_search,Paid,48.65,48.65,3.0,2,2,['Apparel' 'Stationery'],1,True,,16.22,19,Saturday,1558
T0001184,5437110.4688020092.1728221789,5437110.4688020092,2024-10-06 13:31:58.962719,2024-10-06,desktop,United States,(direct),(none),(direct),Direct,48.65,48.65,3.0,2,2,['Apparel' 'Stationery'],1,True,,16.22,13,Sunday,1558
T0001931,1414878.5140944767.1729691074,1414878.5140944767,2024-10-23 13:50:25.843832,2024-10-23,desktop,Canada,(direct),(none),(direct),Direct,48.55,48.55,2.0,2,2,['Accessories' 'Stationery'],2,False,3,24.28,13,Wednesday,1559
T0003389,5472402.2705393780.1732233777,5472402.2705393780,2024-11-22 00:23:35.275280,2024-11-22,desktop,United States,(direct),(none),(direct),Direct,48.5,48.5,2.0,1,1,['Accessories'],1,True,,24.25,0,Friday,1560
T0000602,9493474.6172595449.1726940925,9493474.6172595449,2024-09-21 17:58:28.509584,2024-09-21,mobile,Singapore,google,organic,(organic),Organic Search,48.5,48.5,2.0,1,1,['Accessories'],1,True,,24.25,17,Saturday,1560
T0003919,6755967.5613167323.1732724554,6755967.5613167323,2024-11-27 16:17:20.993689,2024-11-27,desktop,United States,(direct),(none),(direct),Direct,48.5,48.5,2.0,1,1,['Accessories'],1,True,,24.25,16,Wednesday,1560
T0002136,9589755.9539996665.1730047794,9589755.9539996665,2024-10-27 16:43:38.822899,2024-10-27,desktop,United States,facebook,paid_social,prospecting_broad,Paid,48.31,48.31,3.0,2,2,['Drinkware' 'Lifestyle'],1,True,,16.1,16,Sunday,1561
T0000663,4142436.1331850686.1727080731,4142436.1331850686,2024-09-23 08:45:12.881717,2024-09-23,desktop,France,(direct),(none),(direct),Direct,48.27,48.27,3.0,2,1,['Office'],2,False,3,16.09,8,Monday,1562
T0002014,5729162.4991917917.1729826937,5729162.4991917917,2024-10-25 03:29:17.622071,2024-10-25,desktop,United States,(direct),(none),(direct),Direct,48.13,48.13,2.0,2,2,['Accessories' 'Office'],1,True,,24.07,3,Friday,1563
T0002083,5957270.2321478532.1729963500,5957270.2321478532,2024-10-26 17:29:26.408690,2024-10-26,mobile,Germany,(direct),(none),(direct),Direct,48.05,48.05,2.0,2,2,['Accessories' 'Drinkware'],1,True,,24.03,17,Saturday,1564
T0000027,1821893.5792060318.1725303046,1821893.5792060318,2024-09-02 18:52:10.950072,2024-09-02,desktop,Germany,google,cpc,brand_search,Paid,48.03,48.03,2.0,2,2,['Apparel' 'Lifestyle'],1,True,,24.02,18,Monday,1565
T0002664,5430437.8170608082.1730930894,5430437.8170608082,2024-11-06 22:08:30.667020,2024-11-06,desktop,India,newsletter,email,weekly_drop,Email,48.03,48.03,2.0,2,2,['Apparel' 'Lifestyle'],1,True,,24.02,22,Wednesday,1565
T0003267,3366192.2425156310.1732038169,3366192.2425156310,2024-11-19 17:51:08.027176,2024-11-19,mobile,United States,google,cpc,brand_search,Paid,48.03,48.03,2.0,2,2,['Apparel' 'Lifestyle'],1,True,,24.02,17,Tuesday,1565
T0000259,9504377.8508747421.1726113109,9504377.8508747421,2024-09-12 04:04:26.278627,2024-09-12,mobile,United States,google,cpc,shopping_feed,Paid,48.02,48.02,3.0,2,2,['Apparel' 'Drinkware'],1,True,,16.01,4,Thursday,1566
T0003967,5467277.8206709463.1732748070,5467277.8206709463,2024-11-27 23:00:00.047056,2024-11-27,desktop,United States,google,organic,(organic),Organic Search,47.97,47.97,3.0,2,2,['Accessories' 'Stationery'],1,True,,15.99,23,Wednesday,1567
T0000971,4558478.5060201543.1727728929,4558478.5060201543,2024-09-30 20:52:44.419878,2024-09-30,desktop,United States,google,organic,(organic),Organic Search,47.94,47.94,2.0,2,2,['Apparel' 'Drinkware'],1,True,,23.97,20,Monday,1568
T0004026,2524630.7969103289.1732783906,2524630.7969103289,2024-11-28 08:59:29.984756,2024-11-28,desktop,United States,youtube.com,referral,(referral),Referral,47.88,47.88,3.0,2,2,['Apparel' 'Office'],1,True,,15.96,8,Thursday,1569
T0002571,4003026.9087657996.1730791805,4003026.9087657996,2024-11-05 07:28:07.871425,2024-11-05,desktop,India,google,cpc,shopping_feed,Paid,47.88,47.88,2.0,2,2,['Apparel' 'Drinkware'],1,True,,23.94,7,Tuesday,1569
T0003138,1881479.4869786675.1731798663,1881479.4869786675,2024-11-16 23:13:41.879064,2024-11-16,tablet,Singapore,(direct),(none),(direct),Direct,47.88,47.88,3.0,2,2,['Apparel' 'Office'],1,True,,15.96,23,Saturday,1569
T0002296,7597192.1754164389.1730332516,7597192.1754164389,2024-10-30 23:52:42.147845,2024-10-30,mobile,Japan,(direct),(none),(direct),Direct,47.86,47.86,2.0,2,2,['Accessories' 'Apparel'],1,True,,23.93,23,Wednesday,1570
T0003746,1673056.9044052752.1732628467,1673056.9044052752,2024-11-26 13:35:14.095650,2024-11-26,desktop,United States,google,organic,(organic),Organic Search,47.86,47.86,2.0,2,2,['Accessories' 'Apparel'],1,True,,23.93,13,Tuesday,1570
T0001075,2362252.6447531287.1727972879,2362252.6447531287,2024-10-03 16:38:13.033843,2024-10-03,mobile,Japan,google,cpc,shopping_feed,Paid,47.86,47.86,2.0,2,2,['Accessories' 'Apparel'],1,True,,23.93,16,Thursday,1570
T0000896,9090530.8614963660.1727556377,9090530.8614963660,2024-09-28 21:07:36.482873,2024-09-28,desktop,India,google,cpc,shopping_feed,Paid,47.86,47.86,2.0,2,2,['Accessories' 'Apparel'],1,True,,23.93,21,Saturday,1570
T0003732,5823952.1985117485.1732623956,5823952.1985117485,2024-11-26 12:34:00.881920,2024-11-26,mobile,Mexico,(direct),(none),(direct),Direct,47.86,47.86,2.0,2,2,['Accessories' 'Apparel'],1,True,,23.93,12,Tuesday,1570
T0003094,7692861.7907873459.1731713225,7692861.7907873459,2024-11-15 23:28:12.360961,2024-11-15,desktop,United States,(direct),(none),(direct),Direct,47.86,47.86,2.0,2,2,['Accessories' 'Apparel'],1,True,,23.93,23,Friday,1570
T0001379,8159868.6673172881.1728655692,8159868.6673172881,2024-10-11 14:07:39.198890,2024-10-11,desktop,United States,(direct),(none),(direct),Direct,47.86,47.86,2.0,2,2,['Accessories' 'Apparel'],1,True,,23.93,14,Friday,1570
T0000973,8221147.2517612191.1727732634,8221147.2517612191,2024-09-30 21:40:02.784170,2024-09-30,desktop,United Kingdom,google,cpc,shopping_feed,Paid,47.86,47.86,2.0,2,2,['Accessories' 'Apparel'],1,True,,23.93,21,Monday,1570
T0000696,9864882.7766105561.1727166849,9864882.7766105561,2024-09-24 08:35:11.130830,2024-09-24,mobile,United States,google,organic,(organic),Organic Search,47.86,47.86,2.0,2,2,['Accessories' 'Apparel'],1,True,,23.93,8,Tuesday,1570
T0000248,5241357.9922617539.1726083501,5241357.9922617539,2024-09-11 19:34:02.908928,2024-09-11,desktop,United States,newsletter,email,weekly_drop,Email,47.86,47.86,2.0,2,2,['Accessories' 'Apparel'],1,True,,23.93,19,Wednesday,1570
T0001833,8526029.5271136079.1729536109,8526029.5271136079,2024-10-21 18:51:41.124203,2024-10-21,desktop,United States,(direct),(none),(direct),Direct,47.86,47.86,2.0,2,2,['Accessories' 'Apparel'],1,True,,23.93,18,Monday,1570
T0003562,9520241.9149038786.1732512187,9520241.9149038786,2024-11-25 05:17:56.449765,2024-11-25,desktop,United Kingdom,newsletter,email,weekly_drop,Email,47.86,47.86,2.0,2,2,['Accessories' 'Apparel'],3,False,12,23.93,5,Monday,1570
T0004406,4241849.1736437422.1732971260,4241849.1736437422,2024-11-30 12:57:33.752404,2024-11-30,desktop,United States,(direct),(none),(direct),Direct,47.86,47.86,2.0,2,2,['Accessories' 'Apparel'],1,True,,23.93,12,Saturday,1570
T0000957,7174481.5260987788.1727711528,7174481.5260987788,2024-09-30 15:56:53.048481,2024-09-30,desktop,Canada,(direct),(none),(direct),Direct,47.86,47.86,2.0,2,2,['Accessories' 'Apparel'],1,True,,23.93,15,Monday,1570
T0004139,9331000.5718223825.1732827291,9331000.5718223825,2024-11-28 21:00:39.114079,2024-11-28,mobile,United States,google,cpc,brand_search,Paid,47.86,47.86,2.0,2,2,['Accessories' 'Apparel'],1,True,,23.93,21,Thursday,1570
T0002075,1333419.2373444355.1729955446,1333419.2373444355,2024-10-26 15:04:48.997392,2024-10-26,mobile,United States,google,organic,(organic),Organic Search,47.86,47.86,2.0,2,2,['Accessories' 'Apparel'],1,True,,23.93,15,Saturday,1570
T0000399,2068859.1249575004.1726484529,2068859.1249575004,2024-09-16 11:01:37.819913,2024-09-16,mobile,United States,(direct),(none),(direct),Direct,47.86,47.86,2.0,2,2,['Accessories' 'Apparel'],1,True,,23.93,11,Monday,1570
T0004439,8001270.4285019033.1732986521,8001270.4285019033,2024-11-30 17:12:23.941656,2024-11-30,desktop,Brazil,(direct),(none),(direct),Direct,47.86,47.86,2.0,2,2,['Accessories' 'Apparel'],1,True,,23.93,17,Saturday,1570
T0000872,2038610.1730306660.1727515538,2038610.1730306660,2024-09-28 09:30:28.881610,2024-09-28,desktop,Singapore,partners,affiliate,coupon_partners,Affiliate,47.86,47.86,2.0,2,2,['Accessories' 'Apparel'],1,True,,23.93,9,Saturday,1570
T0004051,9462771.2071100184.1732797342,9462771.2071100184,2024-11-28 12:40:58.955058,2024-11-28,mobile,Mexico,google,organic,(organic),Organic Search,47.86,47.86,2.0,2,2,['Accessories' 'Apparel'],2,False,22,23.93,12,Thursday,1570
T0001535,8349759.9859937871.1728945258,8349759.9859937871,2024-10-14 22:41:01.953838,2024-10-14,desktop,Canada,google,organic,(organic),Organic Search,47.86,47.86,2.0,2,2,['Accessories' 'Apparel'],1,True,,23.93,22,Monday,1570
T0002105,5239651.8529143256.1729990122,5239651.8529143256,2024-10-27 00:53:42.821164,2024-10-27,desktop,United States,partners,affiliate,coupon_partners,Affiliate,47.86,47.86,2.0,2,2,['Accessories' 'Apparel'],1,True,,23.93,0,Sunday,1570
T0002812,2164048.2983863221.1731190105,2164048.2983863221,2024-11-09 22:11:43.892242,2024-11-09,desktop,United States,(direct),(none),(direct),Direct,47.86,47.86,2.0,2,2,['Accessories' 'Apparel'],1,True,,23.93,22,Saturday,1570
T0003727,3229401.1913861477.1732622545,3229401.1913861477,2024-11-26 12:11:46.327250,2024-11-26,desktop,Canada,google,cpc,brand_search,Paid,47.86,47.86,2.0,2,2,['Accessories' 'Apparel'],1,True,,23.93,12,Tuesday,1570
T0002425,4780529.8420654066.1730545134,4780529.8420654066,2024-11-02 10:58:33.738555,2024-11-02,mobile,United States,google,cpc,brand_search,Paid,47.86,47.86,2.0,2,2,['Accessories' 'Apparel'],1,True,,23.93,10,Saturday,1570
T0000890,2023182.8111719837.1727550058,2023182.8111719837,2024-09-28 18:58:44.074248,2024-09-28,mobile,Germany,google,organic,(organic),Organic Search,47.72,47.72,2.0,2,2,['Accessories' 'Apparel'],1,True,,23.86,18,Saturday,1571
T0001631,6648196.9373517702.1729124504,6648196.9373517702,2024-10-17 00:22:04.347423,2024-10-17,mobile,United States,google,cpc,brand_search,Paid,47.72,47.72,2.0,2,2,['Accessories' 'Apparel'],1,True,,23.86,0,Thursday,1571
T0000968,7894876.9982422713.1727727448,7894876.9982422713,2024-09-30 20:23:22.151927,2024-09-30,desktop,United States,google,cpc,brand_search,Paid,47.72,47.72,2.0,2,2,['Accessories' 'Apparel'],1,True,,23.86,20,Monday,1571
T0003965,4662141.3833313587.1732747594,4662141.3833313587,2024-11-27 22:56:34.495839,2024-11-27,mobile,United States,youtube.com,referral,(referral),Referral,47.72,47.72,2.0,2,2,['Accessories' 'Apparel'],1,True,,23.86,22,Wednesday,1571
T0000677,8439866.1013701246.1727115690,8439866.1013701246,2024-09-23 18:18:08.410188,2024-09-23,desktop,United States,(direct),(none),(direct),Direct,47.72,47.72,2.0,2,2,['Accessories' 'Apparel'],1,True,,23.86,18,Monday,1571
T0004218,6247438.1077796693.1732872362,6247438.1077796693,2024-11-29 09:20:42.192258,2024-11-29,desktop,United States,youtube.com,referral,(referral),Referral,47.72,47.72,2.0,2,2,['Accessories' 'Apparel'],1,True,,23.86,9,Friday,1571
T0002304,2920435.1993681952.1730353132,2920435.1993681952,2024-10-31 05:32:21.859020,2024-10-31,desktop,United States,google,organic,(organic),Organic Search,47.72,47.72,2.0,2,2,['Accessories' 'Apparel'],1,True,,23.86,5,Thursday,1571
T0001177,2866344.9732437701.1728209532,2866344.9732437701,2024-10-06 10:18:20.438083,2024-10-06,desktop,United Kingdom,(direct),(none),(direct),Direct,47.72,47.72,2.0,2,2,['Accessories' 'Apparel'],2,False,17,23.86,10,Sunday,1571
T0004385,2398069.5947935275.1732961419,2398069.5947935275,2024-11-30 10:11:52.457049,2024-11-30,desktop,United States,google,organic,(organic),Organic Search,47.72,47.72,2.0,2,2,['Accessories' 'Apparel'],1,True,,23.86,10,Saturday,1571
T0000649,4703416.2867389602.1727042457,4703416.2867389602,2024-09-22 22:03:58.474913,2024-09-22,desktop,United States,google,cpc,shopping_feed,Paid,47.72,47.72,2.0,2,2,['Accessories' 'Apparel'],1,True,,23.86,22,Sunday,1571
T0000859,9609373.5922127256.1727489083,9609373.5922127256,2024-09-28 02:01:13.197403,2024-09-28,desktop,Japan,(direct),(none),(direct),Direct,47.5,47.5,2.0,2,2,['Accessories' 'Office'],1,True,,23.75,2,Saturday,1572
T0002471,2166502.6612478886.1730615149,2166502.6612478886,2024-11-03 06:22:25.807589,2024-11-03,desktop,Australia,google,organic,(organic),Organic Search,47.5,47.5,2.0,2,2,['Accessories' 'Office'],1,True,,23.75,6,Sunday,1572
T0003044,4288425.1198665408.1731628369,4288425.1198665408,2024-11-14 23:56:02.229626,2024-11-14,desktop,Canada,google,organic,(organic),Organic Search,47.5,47.5,2.0,2,2,['Accessories' 'Office'],2,False,4,23.75,23,Thursday,1572
T0000650,7892519.6428182132.1727043134,7892519.6428182132,2024-09-22 22:15:41.030691,2024-09-22,desktop,Brazil,google,organic,(organic),Organic Search,47.41,47.41,3.0,2,2,['Drinkware' 'Headgear'],1,True,,15.8,22,Sunday,1573
T0000493,3692182.9751181267.1726699948,3692182.9751181267,2024-09-18 23:00:47.674950,2024-09-18,mobile,United Kingdom,(direct),(none),(direct),Direct,47.25,47.25,2.0,2,1,['Apparel'],1,True,,23.63,23,Wednesday,1574
T0000727,3640350.8402704072.1727209462,3640350.8402704072,2024-09-24 20:26:56.995859,2024-09-24,desktop,United States,google,cpc,brand_search,Paid,47.25,47.25,2.0,2,1,['Apparel'],1,True,,23.63,20,Tuesday,1574
T0004291,2420549.7316213644.1732902989,2420549.7316213644,2024-11-29 17:52:09.962743,2024-11-29,tablet,United States,google,cpc,brand_search,Paid,47.12,47.12,2.0,1,1,['Apparel'],2,False,3,23.56,17,Friday,1575
T0000899,3638788.6611490748.1727562525,3638788.6611490748,2024-09-28 22:23:54.982679,2024-09-28,mobile,United States,google,cpc,brand_search,Paid,47.12,47.12,2.0,1,1,['Apparel'],2,False,7,23.56,22,Saturday,1575
T0002051,4707834.9633039599.1729895355,4707834.9633039599,2024-10-25 22:26:04.628148,2024-10-25,desktop,Brazil,(direct),(none),(direct),Direct,47.12,47.12,2.0,2,2,['Headgear' 'Office'],1,True,,23.56,22,Friday,1575
T0004420,2406526.8334112677.1732977244,2406526.8334112677,2024-11-30 14:44:45.617361,2024-11-30,desktop,Japan,google,organic,(organic),Organic Search,47.12,47.12,2.0,1,1,['Apparel'],1,True,,23.56,14,Saturday,1575
T0002802,5797733.8998703654.1731173532,5797733.8998703654,2024-11-09 17:39:56.426842,2024-11-09,desktop,United States,google,cpc,brand_search,Paid,47.08,47.08,2.0,2,2,['Lifestyle' 'Office'],1,True,,23.54,17,Saturday,1576
T0001320,5322099.6228068492.1728507731,5322099.6228068492,2024-10-09 20:57:14.924394,2024-10-09,mobile,United States,google,organic,(organic),Organic Search,47.02,47.02,2.0,1,1,['Drinkware'],1,True,,23.51,20,Wednesday,1577
T0004377,7427974.7700013560.1732955685,7427974.7700013560,2024-11-30 08:45:40.935309,2024-11-30,desktop,United States,google,organic,(organic),Organic Search,47.02,47.02,2.0,1,1,['Drinkware'],1,True,,23.51,8,Saturday,1577
T0002535,1578709.8125008940.1730718535,1578709.8125008940,2024-11-04 11:12:28.091526,2024-11-04,desktop,United States,(direct),(none),(direct),Direct,47.02,47.02,2.0,1,1,['Drinkware'],2,False,10,23.51,11,Monday,1577
T0001944,5301371.4398064129.1729704888,5301371.4398064129,2024-10-23 17:33:54.245897,2024-10-23,mobile,Germany,google,cpc,brand_search,Paid,46.94,46.94,2.0,2,2,['Lifestyle' 'Stationery'],1,True,,23.47,17,Wednesday,1578
T0003071,4901416.7989247433.1731686632,4901416.7989247433,2024-11-15 16:12:45.933557,2024-11-15,desktop,United States,(direct),(none),(direct),Direct,46.93,46.93,2.0,2,2,['Headgear' 'Stationery'],2,False,60,23.47,16,Friday,1579
T0004078,5456213.3716021637.1732804450,5456213.3716021637,2024-11-28 14:36:47.357175,2024-11-28,mobile,United States,(direct),(none),(direct),Direct,46.85,46.85,2.0,2,2,['Apparel' 'Office'],1,True,,23.43,14,Thursday,1580
T0003586,5096325.7590607067.1732532817,5096325.7590607067,2024-11-25 11:16:39.457989,2024-11-25,desktop,United States,google,cpc,brand_search,Paid,46.71,46.71,2.0,2,2,['Accessories' 'Lifestyle'],1,True,,23.36,11,Monday,1581
T0003989,7542141.1810663926.1732757500,7542141.1810663926,2024-11-28 01:39:05.143409,2024-11-28,desktop,United States,facebook,paid_social,prospecting_broad,Paid,46.71,46.71,2.0,2,2,['Accessories' 'Lifestyle'],1,True,,23.36,1,Thursday,1581
T0003331,6242707.2507661253.1732135970,6242707.2507661253,2024-11-20 20:53:16.975335,2024-11-20,desktop,Brazil,google,cpc,brand_search,Paid,46.71,46.71,2.0,2,2,['Accessories' 'Lifestyle'],1,True,,23.36,20,Wednesday,1581
T0002995,1674398.9532343014.1731525755,1674398.9532343014,2024-11-13 19:19:08.406034,2024-11-13,desktop,Singapore,newsletter,email,weekly_drop,Email,46.71,46.71,2.0,2,2,['Accessories' 'Lifestyle'],1,True,,23.36,19,Wednesday,1581
T0000673,2023946.7027528451.1727104293,2023946.7027528451,2024-09-23 15:37:01.825557,2024-09-23,desktop,Canada,google,cpc,brand_search,Paid,46.71,46.71,2.0,2,2,['Accessories' 'Lifestyle'],1,True,,23.36,15,Monday,1581
T0001936,8862550.9496736375.1729697391,8862550.9496736375,2024-10-23 15:23:12.858374,2024-10-23,mobile,United States,google,organic,(organic),Organic Search,46.71,46.71,2.0,2,2,['Accessories' 'Lifestyle'],1,True,,23.36,15,Wednesday,1581
T0003604,7186828.5454515110.1732545419,7186828.5454515110,2024-11-25 14:28:26.532437,2024-11-25,desktop,United States,youtube.com,referral,(referral),Referral,46.71,46.71,2.0,2,2,['Accessories' 'Lifestyle'],1,True,,23.36,14,Monday,1581
T0004193,7562761.8378515964.1732852982,7562761.8378515964,2024-11-29 04:07:16.851807,2024-11-29,desktop,United Kingdom,google,organic,(organic),Organic Search,46.71,46.71,2.0,2,2,['Accessories' 'Lifestyle'],1,True,,23.36,4,Friday,1581
T0000544,2351296.1763764068.1726803437,2351296.1763764068,2024-09-20 03:32:27.116569,2024-09-20,desktop,United States,(direct),(none),(direct),Direct,46.67,46.67,3.0,2,2,['Accessories' 'Lifestyle'],1,True,,15.56,3,Friday,1582
T0000682,1024417.7058698697.1727119031,1024417.7058698697,2024-09-23 19:36:53.270402,2024-09-23,mobile,Japan,google,cpc,brand_search,Paid,46.67,46.67,2.0,2,2,['Accessories' 'Apparel'],1,True,,23.34,19,Monday,1582
T0000846,2790674.4709402506.1727462664,2790674.4709402506,2024-09-27 18:43:16.618285,2024-09-27,desktop,France,google,organic,(organic),Organic Search,46.67,46.67,2.0,2,2,['Accessories' 'Apparel'],1,True,,23.34,18,Friday,1582
T0001835,9382588.8421084295.1729540597,9382588.8421084295,2024-10-21 19:50:22.071228,2024-10-21,tablet,United States,(direct),(none),(direct),Direct,46.57,46.57,2.0,2,2,['Accessories' 'Lifestyle'],1,True,,23.29,19,Monday,1583
T0001400,9752694.3758901980.1728684030,9752694.3758901980,2024-10-11 21:52:23.419719,2024-10-11,desktop,United States,google,organic,(organic),Organic Search,46.53,46.53,2.0,2,2,['Accessories' 'Apparel'],1,True,,23.27,21,Friday,1584
T0002875,1606201.6263979899.1731308060,1606201.6263979899,2024-11-11 06:55:25.199321,2024-11-11,mobile,United States,facebook,paid_social,prospecting_broad,Paid,46.53,46.53,2.0,2,2,['Accessories' 'Apparel'],1,True,,23.27,6,Monday,1584
T0000693,6049895.8848139360.1727152699,6049895.8848139360,2024-09-24 04:42:46.913386,2024-09-24,mobile,United Kingdom,facebook,paid_social,prospecting_broad,Paid,46.42,46.42,2.0,2,2,['Accessories' 'Drinkware'],1,True,,23.21,4,Tuesday,1585
T0004216,2227058.8975410901.1732868512,2227058.8975410901,2024-11-29 08:40:41.127425,2024-11-29,desktop,United States,newsletter,email,weekly_drop,Email,46.42,46.42,2.0,2,2,['Accessories' 'Drinkware'],1,True,,23.21,8,Friday,1585
T0000032,9821184.7972591719.1725339429,9821184.7972591719,2024-09-03 05:04:59.527427,2024-09-03,mobile,United States,(direct),(none),(direct),Direct,46.34,46.34,2.0,1,1,['Lifestyle'],1,True,,23.17,5,Tuesday,1586
T0000101,7267446.9839147896.1725633451,7267446.9839147896,2024-09-06 14:33:25.909827,2024-09-06,desktop,India,google,organic,(organic),Organic Search,46.17,46.17,3.0,2,2,['Accessories' 'Drinkware'],1,True,,15.39,14,Friday,1587
T0003343,7031605.5457050195.1732153246,7031605.5457050195,2024-11-21 01:54:51.280834,2024-11-21,desktop,Japan,(direct),(none),(direct),Direct,46.15,46.15,2.0,2,2,['Lifestyle' 'Office'],1,True,,23.08,1,Thursday,1588
T0003054,9663326.5393404534.1731663874,9663326.5393404534,2024-11-15 09:47:24.614687,2024-11-15,desktop,United States,(direct),(none),(direct),Direct,46.08,46.08,2.0,2,2,['Apparel' 'Drinkware'],2,False,2,23.04,9,Friday,1589
T0002374,9075245.1511394547.1730476219,9075245.1511394547,2024-11-01 15:51:57.450559,2024-11-01,mobile,Japan,google,cpc,shopping_feed,Paid,46.08,46.08,2.0,2,2,['Apparel' 'Drinkware'],1,True,,23.04,15,Friday,1589
T0000961,7981781.3735222519.1727716956,7981781.3735222519,2024-09-30 17:17:30.215082,2024-09-30,desktop,United States,(direct),(none),(direct),Direct,46.08,46.08,2.0,2,2,['Apparel' 'Drinkware'],1,True,,23.04,17,Monday,1589
T0001018,9127396.4060112871.1727813007,9127396.4060112871,2024-10-01 20:04:32.615151,2024-10-01,desktop,Australia,google,cpc,brand_search,Paid,46.08,46.08,2.0,2,2,['Apparel' 'Drinkware'],1,True,,23.04,20,Tuesday,1589
T0003608,9490543.1848514651.1732546932,9490543.1848514651,2024-11-25 15:01:04.685132,2024-11-25,desktop,United States,google,cpc,brand_search,Paid,46.08,46.08,2.0,2,2,['Apparel' 'Drinkware'],1,True,,23.04,15,Monday,1589
T0003837,2567457.5268604344.1732666709,2567457.5268604344,2024-11-27 00:10:51.976493,2024-11-27,desktop,United States,google,organic,(organic),Organic Search,46.08,46.08,2.0,2,2,['Apparel' 'Drinkware'],1,True,,23.04,0,Wednesday,1589
T0004083,8199979.8932804450.1732806024,8199979.8932804450,2024-11-28 15:09:46.775974,2024-11-28,desktop,United Kingdom,google,cpc,shopping_feed,Paid,46.03,46.03,2.0,2,2,['Office' 'Stationery'],1,True,,23.02,15,Thursday,1590
T0004211,1419528.9877323580.1732868477,1419528.9877323580,2024-11-29 08:14:07.269181,2024-11-29,tablet,Netherlands,google,organic,(organic),Organic Search,46.02,46.02,3.0,2,2,['Apparel' 'Office'],1,True,,15.34,8,Friday,1591
T0001034,9510781.9102944211.1727861995,9510781.9102944211,2024-10-02 10:00:43.328185,2024-10-02,desktop,United States,newsletter,email,weekly_drop,Email,45.98,45.98,2.0,2,2,['Accessories' 'Apparel'],1,True,,22.99,10,Wednesday,1592
T0003634,7787225.5887311924.1732561668,7787225.5887311924,2024-11-25 19:07:23.380869,2024-11-25,desktop,Germany,google,organic,(organic),Organic Search,45.96,45.96,2.0,2,2,['Accessories' 'Drinkware'],1,True,,22.98,19,Monday,1593
T0002522,3329039.2852144774.1730699981,3329039.2852144774,2024-11-04 06:06:54.328203,2024-11-04,mobile,United States,(direct),(none),(direct),Direct,45.95,45.95,2.0,2,2,['Accessories' 'Apparel'],1,True,,22.98,6,Monday,1594
T0004058,7823035.1744376118.1732799287,7823035.1744376118,2024-11-28 13:10:07.383219,2024-11-28,mobile,France,google,organic,(organic),Organic Search,45.53,45.53,2.0,2,2,['Accessories' 'Office'],1,True,,22.77,13,Thursday,1595
T0002440,6281704.4383451868.1730570374,6281704.4383451868,2024-11-02 17:56:31.129869,2024-11-02,desktop,United States,newsletter,email,weekly_drop,Email,45.5,45.5,2.0,2,2,['Accessories' 'Stationery'],1,True,,22.75,17,Saturday,1596
T0002100,6701643.9844504962.1729980575,6701643.9844504962,2024-10-26 22:17:07.974521,2024-10-26,desktop,Canada,google,organic,(organic),Organic Search,45.45,45.45,3.0,2,2,['Headgear' 'Office'],1,True,,15.15,22,Saturday,1597
T0003832,6952447.9558153310.1732663957,6952447.9558153310,2024-11-26 23:48:44.909849,2024-11-26,mobile,India,google,organic,(organic),Organic Search,45.26,45.26,2.0,1,1,['Drinkware'],1,True,,22.63,23,Tuesday,1598
T0003314,8012758.9293916204.1732116345,8012758.9293916204,2024-11-20 15:32:03.585643,2024-11-20,tablet,Germany,newsletter,email,weekly_drop,Email,45.12,45.12,2.0,2,2,['Electronics' 'Headgear'],1,True,,22.56,15,Wednesday,1599
T0000749,1113442.7120597505.1727252651,1113442.7120597505,2024-09-25 08:23:17.670012,2024-09-25,desktop,United States,google,cpc,shopping_feed,Paid,45.09,45.09,1.0,1,1,['Electronics'],1,True,,45.09,8,Wednesday,1600
T0001288,5208307.7820506266.1728430295,5208307.7820506266,2024-10-08 23:37:14.073710,2024-10-08,mobile,United States,google,organic,(organic),Organic Search,45.09,45.09,1.0,1,1,['Electronics'],2,False,8,45.09,23,Tuesday,1600
T0000674,1111725.7224184276.1727106061,1111725.7224184276,2024-09-23 15:41:35.191814,2024-09-23,mobile,United States,(direct),(none),(direct),Direct,45.08,45.08,2.0,2,2,['Apparel' 'Drinkware'],2,False,6,22.54,15,Monday,1601
T0002517,8115767.5451923302.1730682830,8115767.5451923302,2024-11-04 01:11:02.905643,2024-11-04,mobile,United States,google,cpc,brand_search,Paid,45.08,45.08,2.0,2,2,['Apparel' 'Drinkware'],1,True,,22.54,1,Monday,1601
T0001762,6584296.2365138870.1729371436,6584296.2365138870,2024-10-19 20:51:34.419581,2024-10-19,desktop,United States,newsletter,email,weekly_drop,Email,45.08,45.08,2.0,2,2,['Apparel' 'Drinkware'],1,True,,22.54,20,Saturday,1601
T0000036,5557439.3559844736.1725371843,5557439.3559844736,2024-09-03 14:03:04.297323,2024-09-03,desktop,India,google,organic,(organic),Organic Search,45.08,45.08,2.0,2,2,['Apparel' 'Drinkware'],1,True,,22.54,14,Tuesday,1601
T0003222,3195293.6714314086.1731957421,3195293.6714314086,2024-11-18 19:18:54.098401,2024-11-18,mobile,France,facebook,paid_social,prospecting_broad,Paid,45.08,45.08,2.0,2,2,['Apparel' 'Drinkware'],1,True,,22.54,19,Monday,1601
T0001698,6591493.5071850431.1729258401,6591493.5071850431,2024-10-18 13:42:42.570272,2024-10-18,mobile,Canada,newsletter,email,weekly_drop,Email,44.98,44.98,2.0,2,2,['Headgear' 'Office'],1,True,,22.49,13,Friday,1602
T0001032,2985150.3229079292.1727858710,2985150.3229079292,2024-10-02 08:42:16.619917,2024-10-02,desktop,United Kingdom,google,organic,(organic),Organic Search,44.94,44.94,2.0,2,2,['Apparel' 'Headgear'],1,True,,22.47,8,Wednesday,1603
T0002279,8236594.1730453999.1730312676,8236594.1730453999,2024-10-30 18:39:32.907619,2024-10-30,mobile,United States,partners,affiliate,coupon_partners,Affiliate,44.93,44.93,2.0,2,2,['Drinkware' 'Lifestyle'],1,True,,22.47,18,Wednesday,1604
T0003885,2033390.8137036844.1732708129,2033390.8137036844,2024-11-27 11:53:52.731452,2024-11-27,desktop,Germany,facebook,paid_social,prospecting_broad,Paid,44.87,44.87,3.0,3,3,['Accessories' 'Apparel' 'Drinkware'],1,True,,14.96,11,Wednesday,1605
T0002016,3489080.6222599281.1729831556,3489080.6222599281,2024-10-25 04:47:19.406444,2024-10-25,desktop,Canada,newsletter,email,weekly_drop,Email,44.84,44.84,2.0,1,1,['Accessories'],1,True,,22.42,4,Friday,1606
T0002818,9481635.2838801017.1731214604,9481635.2838801017,2024-11-10 04:53:49.147916,2024-11-10,desktop,United Kingdom,google,cpc,brand_search,Paid,44.81,44.81,1.0,1,1,['Lifestyle'],1,True,,44.81,4,Sunday,1607
T0003488,6832140.3868266610.1732398320,6832140.3868266610,2024-11-23 21:49:47.525537,2024-11-23,desktop,United States,partners,affiliate,coupon_partners,Affiliate,44.81,44.81,1.0,1,1,['Lifestyle'],2,False,7,44.81,21,Saturday,1607
T0000915,8139949.9850133978.1727620376,8139949.9850133978,2024-09-29 14:43:57.592227,2024-09-29,desktop,Singapore,google,cpc,shopping_feed,Paid,44.81,44.81,1.0,1,1,['Lifestyle'],1,True,,44.81,14,Sunday,1607
T0003769,6085061.4118769818.1732639406,6085061.4118769818,2024-11-26 16:50:01.338448,2024-11-26,desktop,Japan,(direct),(none),(direct),Direct,44.81,44.81,1.0,1,1,['Lifestyle'],1,True,,44.81,16,Tuesday,1607
T0004007,7114495.4479055590.1732773350,7114495.4479055590,2024-11-28 05:59:58.621698,2024-11-28,mobile,United States,google,cpc,brand_search,Paid,44.81,44.81,1.0,1,1,['Lifestyle'],1,True,,44.81,5,Thursday,1607
T0000516,2442912.6726588141.1726756305,2442912.6726588141,2024-09-19 14:37:24.477398,2024-09-19,desktop,Singapore,(direct),(none),(direct),Direct,44.77,44.77,3.0,2,2,['Accessories' 'Office'],1,True,,14.92,14,Thursday,1608
T0001044,8225547.4256280512.1727885652,8225547.4256280512,2024-10-02 16:13:18.061833,2024-10-02,desktop,France,(direct),(none),(direct),Direct,44.63,44.63,2.0,2,1,['Accessories'],2,False,14,22.32,16,Wednesday,1609
T0001798,5180776.2915121210.1729451701,5180776.2915121210,2024-10-20 19:18:34.268261,2024-10-20,desktop,Canada,google,organic,(organic),Organic Search,44.63,44.63,2.0,2,1,['Accessories'],1,True,,22.32,19,Sunday,1609
T0000555,4791784.2047547034.1726839603,4791784.2047547034,2024-09-20 13:33:48.793677,2024-09-20,desktop,United States,google,cpc,shopping_feed,Paid,44.63,44.63,2.0,2,1,['Accessories'],1,True,,22.32,13,Friday,1609
T0004358,7119603.7479597094.1732933368,7119603.7479597094,2024-11-30 02:31:53.467205,2024-11-30,desktop,Brazil,newsletter,email,weekly_drop,Email,44.63,44.63,2.0,2,1,['Accessories'],1,True,,22.32,2,Saturday,1609
T0001440,4963526.4701412685.1728768498,4963526.4701412685,2024-10-12 21:36:53.402599,2024-10-12,desktop,Canada,(direct),(none),(direct),Direct,44.63,44.63,2.0,2,1,['Accessories'],1,True,,22.32,21,Saturday,1609
T0003297,1963653.5242949008.1732068312,1963653.5242949008,2024-11-20 02:15:15.274728,2024-11-20,mobile,United States,(direct),(none),(direct),Direct,44.63,44.63,3.0,2,2,['Accessories' 'Office'],2,False,18,14.88,2,Wednesday,1609
T0000751,2858330.1897509137.1727256967,2858330.1897509137,2024-09-25 09:46:55.789182,2024-09-25,desktop,United States,google,cpc,brand_search,Paid,44.63,44.63,2.0,2,1,['Accessories'],1,True,,22.32,9,Wednesday,1609
T0003718,8428101.6850560342.1732620246,8428101.6850560342,2024-11-26 11:15:49.246627,2024-11-26,mobile,United States,google,organic,(organic),Organic Search,44.63,44.63,2.0,2,1,['Accessories'],1,True,,22.32,11,Tuesday,1609
T0001181,8884642.4703023533.1728215456,8884642.4703023533,2024-10-06 11:48:25.117786,2024-10-06,desktop,United States,(direct),(none),(direct),Direct,44.61,44.61,2.0,2,2,['Accessories' 'Drinkware'],1,True,,22.31,11,Sunday,1610
T0002558,9791803.9466977766.1730754793,9791803.9466977766,2024-11-04 21:11:21.651126,2024-11-04,desktop,United States,(direct),(none),(direct),Direct,44.61,44.61,2.0,2,2,['Accessories' 'Drinkware'],1,True,,22.31,21,Monday,1610
T0001921,5026745.5524597385.1729679527,5026745.5524597385,2024-10-23 10:26:46.451615,2024-10-23,mobile,United States,(direct),(none),(direct),Direct,44.58,44.58,2.0,2,2,['Apparel' 'Drinkware'],1,True,,22.29,10,Wednesday,1611
T0003960,4541063.4258490293.1732746606,4541063.4258490293,2024-11-27 22:24:31.691348,2024-11-27,mobile,United States,google,organic,(organic),Organic Search,44.57,44.57,2.0,2,2,['Accessories' 'Office'],1,True,,22.29,22,Wednesday,1612
T0003313,3801833.8116386689.1732116708,3801833.8116386689,2024-11-20 15:28:20.215876,2024-11-20,desktop,United States,google,cpc,brand_search,Paid,44.49,44.49,2.0,2,1,['Accessories'],2,False,12,22.25,15,Wednesday,1613
T0001131,5834475.4156274677.1728100538,5834475.4156274677,2024-10-05 04:04:15.257050,2024-10-05,desktop,Canada,youtube.com,referral,(referral),Referral,44.49,44.49,2.0,2,1,['Accessories'],1,True,,22.25,4,Saturday,1613
T0001626,9816163.1986402280.1729119107,9816163.1986402280,2024-10-16 22:53:45.814797,2024-10-16,desktop,Brazil,google,cpc,brand_search,Paid,44.43,44.43,2.0,2,2,['Accessories' 'Office'],1,True,,22.22,22,Wednesday,1614
T0001676,4806124.8104024877.1729203624,4806124.8104024877,2024-10-17 22:23:05.025560,2024-10-17,desktop,United States,(direct),(none),(direct),Direct,44.43,44.43,2.0,2,2,['Accessories' 'Office'],1,True,,22.22,22,Thursday,1614
T0004097,6512433.8361234102.1732813272,6512433.8361234102,2024-11-28 17:02:26.048195,2024-11-28,tablet,United States,google,cpc,brand_search,Paid,44.23,44.23,2.0,2,2,['Apparel' 'Headgear'],1,True,,22.12,17,Thursday,1615
T0004061,3250023.5261918342.1732800485,3250023.5261918342,2024-11-28 13:21:07.993545,2024-11-28,desktop,United States,google,cpc,brand_search,Paid,43.85,43.85,2.0,2,2,['Apparel' 'Stationery'],1,True,,21.93,13,Thursday,1616
T0001395,2026787.7230039360.1728680044,2026787.7230039360,2024-10-11 20:58:41.164076,2024-10-11,desktop,Singapore,google,cpc,brand_search,Paid,43.85,43.85,2.0,2,2,['Apparel' 'Stationery'],1,True,,21.93,20,Friday,1616
T0003016,8604275.6638397645.1731564660,8604275.6638397645,2024-11-14 06:16:33.785647,2024-11-14,mobile,United States,(direct),(none),(direct),Direct,43.85,43.85,2.0,2,2,['Apparel' 'Stationery'],1,True,,21.93,6,Thursday,1616
T0000499,1167143.3003472750.1726723646,1167143.3003472750,2024-09-19 05:18:14.953444,2024-09-19,desktop,Germany,google,organic,(organic),Organic Search,43.75,43.75,3.0,2,1,['Stationery'],1,True,,14.58,5,Thursday,1617
T0001437,5753562.1011523804.1728759973,5753562.1011523804,2024-10-12 19:11:38.662049,2024-10-12,desktop,Brazil,(direct),(none),(direct),Direct,43.73,43.73,2.0,2,2,['Drinkware' 'Stationery'],1,True,,21.87,19,Saturday,1618
T0003845,4483283.6958668512.1732675408,4483283.6958668512,2024-11-27 02:44:22.684832,2024-11-27,mobile,Germany,google,organic,(organic),Organic Search,43.72,43.72,2.0,2,2,['Apparel' 'Lifestyle'],1,True,,21.86,2,Wednesday,1619
T0003610,3734478.6410165245.1732546663,3734478.6410165245,2024-11-25 15:07:55.929384,2024-11-25,desktop,United States,google,organic,(organic),Organic Search,43.7,43.7,2.0,2,2,['Accessories' 'Office'],1,True,,21.85,15,Monday,1620
T0004127,7338779.6869024534.1732822195,7338779.6869024534,2024-11-28 19:29:47.615216,2024-11-28,desktop,United States,google,cpc,shopping_feed,Paid,43.62,43.62,2.0,2,2,['Accessories' 'Headgear'],1,True,,21.81,19,Thursday,1621
T0000689,3869382.6531502125.1727132620,3869382.6531502125,2024-09-23 23:07:02.856876,2024-09-23,tablet,United States,(direct),(none),(direct),Direct,43.62,43.62,2.0,2,2,['Accessories' 'Headgear'],1,True,,21.81,23,Monday,1621
T0001650,8372453.8070239604.1729172502,8372453.8070239604,2024-10-17 13:50:03.416234,2024-10-17,desktop,United Kingdom,google,organic,(organic),Organic Search,43.62,43.62,2.0,2,2,['Accessories' 'Headgear'],1,True,,21.81,13,Thursday,1621
T0003396,9565494.8649046548.1732260648,9565494.8649046548,2024-11-22 07:40:06.706753,2024-11-22,mobile,United Kingdom,newsletter,email,weekly_drop,Email,43.54,43.54,1.0,1,1,['Apparel'],1,True,,43.54,7,Friday,1622
T0001885,6847951.5030184681.1729617757,6847951.5030184681,2024-10-22 17:33:29.704198,2024-10-22,desktop,India,(direct),(none),(direct),Direct,43.54,43.54,1.0,1,1,['Apparel'],1,True,,43.54,17,Tuesday,1622
T0002831,8816973.6734519745.1731240965,8816973.6734519745,2024-11-10 12:19:01.613051,2024-11-10,mobile,United States,facebook,paid_social,prospecting_broad,Paid,43.54,43.54,1.0,1,1,['Apparel'],1,True,,43.54,12,Sunday,1622
T0003072,3737807.9706917107.1731688682,3737807.9706917107,2024-11-15 16:40:23.545781,2024-11-15,desktop,United States,google,cpc,shopping_feed,Paid,43.54,43.54,1.0,1,1,['Apparel'],1,True,,43.54,16,Friday,1622
T0002090,2936844.9852982738.1729968384,2936844.9852982738,2024-10-26 18:56:51.248736,2024-10-26,desktop,United States,(direct),(none),(direct),Direct,43.54,43.54,1.0,1,1,['Apparel'],1,True,,43.54,18,Saturday,1622
T0000153,5618315.1854794658.1725823119,5618315.1854794658,2024-09-08 19:13:31.914320,2024-09-08,desktop,United States,(direct),(none),(direct),Direct,43.54,43.54,1.0,1,1,['Apparel'],1,True,,43.54,19,Sunday,1622
T0004262,5890617.2042848089.1732888423,5890617.2042848089,2024-11-29 14:05:08.379784,2024-11-29,tablet,Canada,(direct),(none),(direct),Direct,43.54,43.54,1.0,1,1,['Apparel'],1,True,,43.54,14,Friday,1622
T0001928,4138883.4265604667.1729688439,4138883.4265604667,2024-10-23 12:58:05.119974,2024-10-23,mobile,Mexico,google,cpc,shopping_feed,Paid,43.54,43.54,1.0,1,1,['Apparel'],1,True,,43.54,12,Wednesday,1622
T0001572,8477497.9664762048.1729022751,8477497.9664762048,2024-10-15 20:21:24.134898,2024-10-15,desktop,United States,google,cpc,brand_search,Paid,43.54,43.54,1.0,1,1,['Apparel'],2,False,21,43.54,20,Tuesday,1622
T0003407,7145500.1879399544.1732277663,7145500.1879399544,2024-11-22 12:10:20.097399,2024-11-22,desktop,United States,google,organic,(organic),Organic Search,43.54,43.54,1.0,1,1,['Apparel'],1,True,,43.54,12,Friday,1622
T0000392,4385531.5329579145.1726456157,4385531.5329579145,2024-09-16 03:29:27.833114,2024-09-16,desktop,United States,google,organic,(organic),Organic Search,43.54,43.54,1.0,1,1,['Apparel'],1,True,,43.54,3,Monday,1622
T0002760,1375113.5885967588.1731104098,1375113.5885967588,2024-11-08 22:13:27.062328,2024-11-08,mobile,Brazil,google,cpc,shopping_feed,Paid,43.54,43.54,1.0,1,1,['Apparel'],1,True,,43.54,22,Friday,1622
T0000462,4555153.3311617730.1726614717,4555153.3311617730,2024-09-17 23:26:11.646486,2024-09-17,desktop,United States,newsletter,email,weekly_drop,Email,43.54,43.54,1.0,1,1,['Apparel'],2,False,3,43.54,23,Tuesday,1622
T0000874,5128036.4160878526.1727521140,5128036.4160878526,2024-09-28 11:00:32.513413,2024-09-28,mobile,United States,youtube.com,referral,(referral),Referral,43.54,43.54,1.0,1,1,['Apparel'],1,True,,43.54,11,Saturday,1622
T0002840,2815431.5763321511.1731248795,2815431.5763321511,2024-11-10 14:30:49.545795,2024-11-10,desktop,United States,google,cpc,shopping_feed,Paid,43.54,43.54,1.0,1,1,['Apparel'],1,True,,43.54,14,Sunday,1622
T0002097,6257060.6857799375.1729977463,6257060.6857799375,2024-10-26 21:18:37.013635,2024-10-26,desktop,India,google,cpc,brand_search,Paid,43.54,43.54,1.0,1,1,['Apparel'],1,True,,43.54,21,Saturday,1622
T0002700,7452916.6145127848.1731005974,7452916.6145127848,2024-11-07 19:01:09.987902,2024-11-07,mobile,United Kingdom,google,cpc,brand_search,Paid,43.54,43.54,1.0,1,1,['Apparel'],1,True,,43.54,19,Thursday,1622
T0001977,7821856.2684341688.1729783198,7821856.2684341688,2024-10-24 15:23:20.506810,2024-10-24,mobile,United States,google,organic,(organic),Organic Search,43.54,43.54,1.0,1,1,['Apparel'],1,True,,43.54,15,Thursday,1622
T0000079,3503110.3579666018.1725567204,3503110.3579666018,2024-09-05 20:17:30.716210,2024-09-05,desktop,India,(direct),(none),(direct),Direct,43.54,43.54,1.0,1,1,['Apparel'],1,True,,43.54,20,Thursday,1622
T0004167,9946721.7058443576.1732833787,9946721.7058443576,2024-11-28 22:50:27.882514,2024-11-28,mobile,United Kingdom,facebook,paid_social,prospecting_broad,Paid,43.54,43.54,1.0,1,1,['Apparel'],1,True,,43.54,22,Thursday,1622
T0001393,3791720.9362981914.1728672382,3791720.9362981914,2024-10-11 19:06:34.002494,2024-10-11,mobile,United Kingdom,newsletter,email,weekly_drop,Email,43.54,43.54,1.0,1,1,['Apparel'],1,True,,43.54,19,Friday,1622
T0003199,4196550.8984862116.1731915396,4196550.8984862116,2024-11-18 07:50:30.516217,2024-11-18,desktop,United States,newsletter,email,weekly_drop,Email,43.54,43.54,1.0,1,1,['Apparel'],2,False,20,43.54,7,Monday,1622
T0001376,1294579.9790782106.1728650017,1294579.9790782106,2024-10-11 12:47:50.002599,2024-10-11,mobile,France,google,organic,(organic),Organic Search,43.54,43.54,1.0,1,1,['Apparel'],1,True,,43.54,12,Friday,1622
T0004342,6785525.4517274626.1732920942,6785525.4517274626,2024-11-29 23:07:13.655257,2024-11-29,desktop,United States,google,cpc,brand_search,Paid,43.54,43.54,1.0,1,1,['Apparel'],1,True,,43.54,23,Friday,1622
T0001536,7033330.1991503622.1728946858,7033330.1991503622,2024-10-14 22:55:09.327155,2024-10-14,mobile,Mexico,google,cpc,shopping_feed,Paid,43.54,43.54,1.0,1,1,['Apparel'],1,True,,43.54,22,Monday,1622
T0003511,7868733.1933509861.1732455054,7868733.1933509861,2024-11-24 13:30:32.700641,2024-11-24,tablet,Japan,newsletter,email,weekly_drop,Email,43.54,43.54,1.0,1,1,['Apparel'],1,True,,43.54,13,Sunday,1622
T0003740,6423262.8549467984.1732626698,6423262.8549467984,2024-11-26 13:05:13.865185,2024-11-26,desktop,United States,newsletter,email,weekly_drop,Email,43.54,43.54,1.0,1,1,['Apparel'],1,True,,43.54,13,Tuesday,1622
T0002413,5532823.1214543096.1730524339,5532823.1214543096,2024-11-02 05:16:37.253864,2024-11-02,desktop,Canada,google,cpc,brand_search,Paid,43.54,43.54,1.0,1,1,['Apparel'],1,True,,43.54,5,Saturday,1622
T0003144,5609835.3619140120.1731819857,5609835.3619140120,2024-11-17 05:06:32.620664,2024-11-17,desktop,United States,google,organic,(organic),Organic Search,43.54,43.54,1.0,1,1,['Apparel'],1,True,,43.54,5,Sunday,1622
T0003083,8236558.4623454288.1731703373,8236558.4623454288,2024-11-15 20:53:21.857212,2024-11-15,desktop,United Kingdom,(direct),(none),(direct),Direct,43.54,43.54,1.0,1,1,['Apparel'],1,True,,43.54,20,Friday,1622
T0003082,3621497.2745304583.1731702924,3621497.2745304583,2024-11-15 20:37:54.287202,2024-11-15,desktop,Mexico,google,organic,(organic),Organic Search,43.54,43.54,1.0,1,1,['Apparel'],1,True,,43.54,20,Friday,1622
T0001236,2235856.9497836896.1728339082,2235856.9497836896,2024-10-07 22:13:20.741102,2024-10-07,desktop,Japan,newsletter,email,weekly_drop,Email,43.48,43.48,2.0,2,2,['Accessories' 'Headgear'],1,True,,21.74,22,Monday,1623
T0000195,3220755.7993799586.1725954114,3220755.7993799586,2024-09-10 07:53:25.066247,2024-09-10,desktop,United States,google,organic,(organic),Organic Search,43.48,43.48,2.0,2,2,['Accessories' 'Headgear'],1,True,,21.74,7,Tuesday,1623
T0002999,8789867.3977718465.1731531799,8789867.3977718465,2024-11-13 21:15:00.601803,2024-11-13,mobile,Canada,google,organic,(organic),Organic Search,43.44,43.44,2.0,1,1,['Accessories'],1,True,,21.72,21,Wednesday,1624
T0003253,1330272.4684049624.1732019898,1330272.4684049624,2024-11-19 12:48:22.246828,2024-11-19,mobile,United States,google,cpc,shopping_feed,Paid,43.44,43.44,2.0,1,1,['Accessories'],1,True,,21.72,12,Tuesday,1624
T0002896,6043729.9850602575.1731345571,6043729.9850602575,2024-11-11 17:20:55.854209,2024-11-11,tablet,Canada,(direct),(none),(direct),Direct,43.44,43.44,2.0,1,1,['Accessories'],1,True,,21.72,17,Monday,1624
T0002470,3801117.9850407533.1730614055,3801117.9850407533,2024-11-03 06:10:58.266213,2024-11-03,desktop,Canada,(direct),(none),(direct),Direct,43.44,43.44,2.0,2,2,['Electronics' 'Stationery'],1,True,,21.72,6,Sunday,1624
T0003665,3722716.3705911004.1732574700,3722716.3705911004,2024-11-25 22:42:54.305374,2024-11-25,mobile,India,google,cpc,brand_search,Paid,43.44,43.44,2.0,1,1,['Accessories'],1,True,,21.72,22,Monday,1624
T0002465,1990610.7978138768.1730605458,1990610.7978138768,2024-11-03 04:01:34.604619,2024-11-03,mobile,United States,google,cpc,shopping_feed,Paid,43.33,43.33,2.0,2,1,['Apparel'],1,True,,21.67,4,Sunday,1625
T0004337,9462984.2989772882.1732919215,9462984.2989772882,2024-11-29 22:25:40.301597,2024-11-29,mobile,United Kingdom,(direct),(none),(direct),Direct,43.33,43.33,2.0,2,1,['Apparel'],2,False,2,21.67,22,Friday,1625
T0002298,3514269.1279505743.1730334017,3514269.1279505743,2024-10-31 00:18:21.255277,2024-10-31,desktop,Canada,google,organic,(organic),Organic Search,43.32,43.32,3.0,1,1,['Stationery'],1,True,,14.44,0,Thursday,1626
T0004200,3394978.3800981835.1732856132,3394978.3800981835,2024-11-29 04:54:38.566313,2024-11-29,tablet,United States,(direct),(none),(direct),Direct,43.28,43.28,2.0,2,2,['Apparel' 'Drinkware'],1,True,,21.64,4,Friday,1627
T0000125,9455492.6092981174.1725722122,9455492.6092981174,2024-09-07 15:24:30.192130,2024-09-07,desktop,United States,(direct),(none),(direct),Direct,43.28,43.28,2.0,2,2,['Apparel' 'Drinkware'],1,True,,21.64,15,Saturday,1627
T0000869,8366139.7060858705.1727509986,8366139.7060858705,2024-09-28 07:48:02.632626,2024-09-28,mobile,Japan,google,cpc,shopping_feed,Paid,43.26,43.26,2.0,2,2,['Accessories' 'Drinkware'],1,True,,21.63,7,Saturday,1628
T0001478,4873144.8267364259.1728876277,4873144.8267364259,2024-10-14 03:25:46.548666,2024-10-14,desktop,Germany,(direct),(none),(direct),Direct,43.26,43.26,2.0,2,2,['Accessories' 'Drinkware'],1,True,,21.63,3,Monday,1628
T0004009,4797743.6198037197.1732774070,4797743.6198037197,2024-11-28 06:10:45.699230,2024-11-28,desktop,United Kingdom,google,organic,(organic),Organic Search,43.26,43.26,2.0,2,2,['Accessories' 'Drinkware'],1,True,,21.63,6,Thursday,1628
T0001749,4658391.4155698434.1729342395,4658391.4155698434,2024-10-19 12:58:17.287618,2024-10-19,mobile,United States,google,organic,(organic),Organic Search,43.26,43.26,2.0,2,2,['Accessories' 'Drinkware'],2,False,8,21.63,12,Saturday,1628
T0004470,2695614.6506048146.1733000368,2695614.6506048146,2024-11-30 21:03:49.992599,2024-11-30,desktop,United States,(direct),(none),(direct),Direct,43.26,43.26,2.0,2,2,['Accessories' 'Drinkware'],1,True,,21.63,21,Saturday,1628
T0000517,6215522.3186701167.1726758486,6215522.3186701167,2024-09-19 15:07:08.418403,2024-09-19,desktop,United Kingdom,google,cpc,brand_search,Paid,43.26,43.26,2.0,2,2,['Accessories' 'Drinkware'],1,True,,21.63,15,Thursday,1628
T0002800,9603634.1470668289.1731172622,9603634.1470668289,2024-11-09 17:22:40.688329,2024-11-09,desktop,Netherlands,google,cpc,brand_search,Paid,43.23,43.23,3.0,2,2,['Drinkware' 'Headgear'],2,False,3,14.41,17,Saturday,1629
T0000072,8092644.1166953005.1725545561,8092644.1166953005,2024-09-05 14:15:24.651065,2024-09-05,mobile,Canada,google,organic,(organic),Organic Search,43.12,43.12,2.0,1,1,['Apparel'],1,True,,21.56,14,Thursday,1630
T0004057,3401988.9505401959.1732798937,3401988.9505401959,2024-11-28 13:03:55.826066,2024-11-28,desktop,Brazil,google,organic,(organic),Organic Search,43.12,43.12,2.0,1,1,['Apparel'],1,True,,21.56,13,Thursday,1630
T0002849,2016260.3889723651.1731259490,2016260.3889723651,2024-11-10 17:30:27.806336,2024-11-10,desktop,France,google,organic,(organic),Organic Search,43.12,43.12,3.0,2,2,['Office' 'Stationery'],1,True,,14.37,17,Sunday,1630
T0001175,5425490.3443060130.1728200315,5425490.3443060130,2024-10-06 07:48:54.561815,2024-10-06,mobile,Australia,(direct),(none),(direct),Direct,43.12,43.12,2.0,2,2,['Accessories' 'Drinkware'],1,True,,21.56,7,Sunday,1630
T0000444,4951658.7544729882.1726574880,4951658.7544729882,2024-09-17 12:18:36.149862,2024-09-17,desktop,Japan,(direct),(none),(direct),Direct,43.12,43.12,2.0,1,1,['Apparel'],1,True,,21.56,12,Tuesday,1630
T0003258,2378191.3212972988.1732025399,2378191.3212972988,2024-11-19 14:27:12.925892,2024-11-19,tablet,United States,google,organic,(organic),Organic Search,43.01,43.01,3.0,2,1,['Accessories'],1,True,,14.34,14,Tuesday,1631
T0002781,4713189.4101027158.1731155668,4713189.4101027158,2024-11-09 12:49:50.661468,2024-11-09,mobile,India,google,cpc,shopping_feed,Paid,42.99,42.99,3.0,2,2,['Drinkware' 'Office'],2,False,26,14.33,12,Saturday,1632
T0003119,3940266.7924098629.1731773357,3940266.7924098629,2024-11-16 16:11:35.112653,2024-11-16,desktop,United States,(direct),(none),(direct),Direct,42.96,42.96,2.0,2,2,['Accessories' 'Stationery'],1,True,,21.48,16,Saturday,1633
T0001313,3311646.2524446250.1728487972,3311646.2524446250,2024-10-09 15:31:49.081155,2024-10-09,tablet,United States,google,cpc,brand_search,Paid,42.85,42.85,2.0,2,2,['Accessories' 'Drinkware'],1,True,,21.43,15,Wednesday,1634
T0000823,3536100.3676685410.1727434635,3536100.3676685410,2024-09-27 11:00:56.513627,2024-09-27,mobile,India,newsletter,email,weekly_drop,Email,42.81,42.81,2.0,2,2,['Electronics' 'Lifestyle'],1,True,,21.41,11,Friday,1635
T0002864,2360386.7184892400.1731277985,2360386.7184892400,2024-11-10 22:25:53.036267,2024-11-10,tablet,United States,google,organic,(organic),Organic Search,42.57,42.57,1.0,1,1,['Apparel'],2,False,3,42.57,22,Sunday,1636
T0002177,7866679.7890905995.1730126250,7866679.7890905995,2024-10-28 14:48:55.344923,2024-10-28,mobile,Canada,google,cpc,brand_search,Paid,42.57,42.57,1.0,1,1,['Apparel'],1,True,,42.57,14,Monday,1636
T0000342,9328985.4386199356.1726342384,9328985.4386199356,2024-09-14 19:34:55.328903,2024-09-14,mobile,United States,google,organic,(organic),Organic Search,42.57,42.57,1.0,1,1,['Apparel'],1,True,,42.57,19,Saturday,1636
T0001950,8823443.7891127784.1729713300,8823443.7891127784,2024-10-23 20:01:15.973192,2024-10-23,mobile,United States,google,cpc,shopping_feed,Paid,42.53,42.53,2.0,2,2,['Accessories' 'Stationery'],1,True,,21.27,20,Wednesday,1637
T0003290,3860789.7373561263.1732059822,3860789.7373561263,2024-11-19 23:43:10.357749,2024-11-19,desktop,United States,(direct),(none),(direct),Direct,42.53,42.53,2.0,2,2,['Accessories' 'Stationery'],1,True,,21.27,23,Tuesday,1637
T0001321,8226204.5742759608.1728508043,8226204.5742759608,2024-10-09 21:09:43.609922,2024-10-09,desktop,Germany,google,organic,(organic),Organic Search,42.53,42.53,2.0,2,2,['Accessories' 'Stationery'],1,True,,21.27,21,Wednesday,1637
T0003632,9991476.9691070160.1732560938,9991476.9691070160,2024-11-25 18:58:01.403298,2024-11-25,desktop,United States,google,cpc,brand_search,Paid,42.53,42.53,2.0,2,2,['Accessories' 'Stationery'],1,True,,21.27,18,Monday,1637
T0002150,5959886.4962239498.1730064844,5959886.4962239498,2024-10-27 21:37:55.065385,2024-10-27,desktop,United States,facebook,paid_social,prospecting_broad,Paid,42.53,42.53,2.0,2,2,['Accessories' 'Stationery'],1,True,,21.27,21,Sunday,1637
T0001989,2462301.1723241118.1729797105,2462301.1723241118,2024-10-24 19:10:15.106143,2024-10-24,mobile,United States,(direct),(none),(direct),Direct,42.53,42.53,2.0,2,2,['Accessories' 'Stationery'],1,True,,21.27,19,Thursday,1637
T0001169,6488643.8650112586.1728186005,6488643.8650112586,2024-10-06 03:33:36.090938,2024-10-06,mobile,United States,google,cpc,brand_search,Paid,42.53,42.53,2.0,2,2,['Accessories' 'Stationery'],1,True,,21.27,3,Sunday,1637
T0002163,3621366.7881822350.1730091234,3621366.7881822350,2024-10-28 04:55:17.454623,2024-10-28,mobile,United States,google,organic,(organic),Organic Search,42.53,42.53,2.0,2,2,['Accessories' 'Stationery'],1,True,,21.27,4,Monday,1637
T0004469,7603076.4186115680.1733000271,7603076.4186115680,2024-11-30 21:01:26.952695,2024-11-30,tablet,United States,(direct),(none),(direct),Direct,42.53,42.53,2.0,2,2,['Accessories' 'Stationery'],1,True,,21.27,21,Saturday,1637
T0000457,1702597.1236648009.1726606669,1702597.1236648009,2024-09-17 21:00:45.972171,2024-09-17,desktop,United States,facebook,paid_social,prospecting_broad,Paid,42.51,42.51,2.0,2,2,['Apparel' 'Drinkware'],1,True,,21.26,21,Tuesday,1638
T0004242,7405935.7658666039.1732881073,7405935.7658666039,2024-11-29 11:54:20.481597,2024-11-29,desktop,India,(direct),(none),(direct),Direct,42.43,42.43,2.0,2,2,['Drinkware' 'Headgear'],1,True,,21.22,11,Friday,1639
T0000996,4519225.4883320832.1727789329,4519225.4883320832,2024-10-01 13:37:43.050716,2024-10-01,desktop,India,facebook,paid_social,prospecting_broad,Paid,42.4,42.4,2.0,2,2,['Apparel' 'Lifestyle'],1,True,,21.2,13,Tuesday,1640
T0002774,5956366.7589518786.1731141497,5956366.7589518786,2024-11-09 08:44:20.011448,2024-11-09,desktop,United States,newsletter,email,weekly_drop,Email,42.39,42.39,2.0,2,2,['Accessories' 'Stationery'],1,True,,21.2,8,Saturday,1641
T0004347,2513725.8285093840.1732922721,2513725.8285093840,2024-11-29 23:31:39.238439,2024-11-29,desktop,Japan,google,cpc,brand_search,Paid,42.39,42.39,2.0,2,2,['Accessories' 'Stationery'],1,True,,21.2,23,Friday,1641
T0003373,5657947.2419599827.1732208324,5657947.2419599827,2024-11-21 17:07:56.466310,2024-11-21,mobile,United States,google,cpc,brand_search,Paid,42.39,42.39,2.0,2,2,['Accessories' 'Stationery'],1,True,,21.2,17,Thursday,1641
T0002523,3041565.1308441170.1730700646,3041565.1308441170,2024-11-04 06:13:17.120866,2024-11-04,desktop,United States,partners,affiliate,coupon_partners,Affiliate,42.39,42.39,2.0,2,2,['Accessories' 'Stationery'],1,True,,21.2,6,Monday,1641
T0001973,5466374.3616526654.1729766314,5466374.3616526654,2024-10-24 10:41:53.851533,2024-10-24,mobile,United States,google,cpc,brand_search,Paid,42.16,42.16,1.0,1,1,['Apparel'],1,True,,42.16,10,Thursday,1642
T0000788,6714718.9119393906.1727346462,6714718.9119393906,2024-09-26 10:35:07.367553,2024-09-26,desktop,India,facebook,paid_social,prospecting_broad,Paid,42.16,42.16,1.0,1,1,['Apparel'],1,True,,42.16,10,Thursday,1642
T0002963,8336293.5066502946.1731465294,8336293.5066502946,2024-11-13 02:44:55.062021,2024-11-13,desktop,Brazil,google,organic,(organic),Organic Search,42.16,42.16,1.0,1,1,['Apparel'],1,True,,42.16,2,Wednesday,1642
T0001653,1264725.4827437875.1729174967,1264725.4827437875,2024-10-17 14:20:50.620706,2024-10-17,tablet,India,google,cpc,brand_search,Paid,42.16,42.16,1.0,1,1,['Apparel'],1,True,,42.16,14,Thursday,1642
T0000062,1092277.9403149281.1725472376,1092277.9403149281,2024-09-04 17:49:24.053106,2024-09-04,desktop,Brazil,(direct),(none),(direct),Direct,42.16,42.16,1.0,1,1,['Apparel'],1,True,,42.16,17,Wednesday,1642
T0001934,7246563.9792075886.1729696386,7246563.9792075886,2024-10-23 15:06:50.021301,2024-10-23,tablet,Germany,newsletter,email,weekly_drop,Email,42.16,42.16,1.0,1,1,['Apparel'],1,True,,42.16,15,Wednesday,1642
T0001589,6708648.1604737271.1729077885,6708648.1604737271,2024-10-16 11:20:20.313974,2024-10-16,tablet,Germany,google,organic,(organic),Organic Search,42.16,42.16,1.0,1,1,['Apparel'],1,True,,42.16,11,Wednesday,1642
T0002507,4288008.4605198929.1730667829,4288008.4605198929,2024-11-03 21:03:00.453564,2024-11-03,desktop,Japan,(direct),(none),(direct),Direct,42.16,42.16,1.0,1,1,['Apparel'],1,True,,42.16,21,Sunday,1642
T0000356,4421673.4625565720.1726386741,4421673.4625565720,2024-09-15 07:55:33.995679,2024-09-15,mobile,India,(direct),(none),(direct),Direct,42.16,42.16,1.0,1,1,['Apparel'],1,True,,42.16,7,Sunday,1642
T0001086,5761330.1445772963.1727988914,5761330.1445772963,2024-10-03 21:05:05.762044,2024-10-03,desktop,Australia,newsletter,email,weekly_drop,Email,42.16,42.16,1.0,1,1,['Apparel'],1,True,,42.16,21,Thursday,1642
T0000619,1840347.5411763842.1726972804,1840347.5411763842,2024-09-22 02:42:35.692505,2024-09-22,mobile,Germany,newsletter,email,weekly_drop,Email,42.16,42.16,1.0,1,1,['Apparel'],1,True,,42.16,2,Sunday,1642
T0003353,6362083.2638073510.1732188265,6362083.2638073510,2024-11-21 11:21:51.494710,2024-11-21,mobile,United States,google,cpc,brand_search,Paid,42.16,42.16,1.0,1,1,['Apparel'],1,True,,42.16,11,Thursday,1642
T0002694,4465184.1444492550.1730995550,4465184.1444492550,2024-11-07 16:11:04.733172,2024-11-07,desktop,United Kingdom,partners,affiliate,coupon_partners,Affiliate,42.16,42.16,1.0,1,1,['Apparel'],1,True,,42.16,16,Thursday,1642
T0001747,8420655.8264334051.1729341551,8420655.8264334051,2024-10-19 12:42:17.396074,2024-10-19,desktop,Singapore,google,cpc,brand_search,Paid,42.16,42.16,1.0,1,1,['Apparel'],1,True,,42.16,12,Saturday,1642
T0000261,7359953.5759021270.1726117589,7359953.5759021270,2024-09-12 05:29:39.689971,2024-09-12,desktop,Singapore,google,organic,(organic),Organic Search,42.16,42.16,1.0,1,1,['Apparel'],1,True,,42.16,5,Thursday,1642
T0001595,1751176.6528032552.1729082558,1751176.6528032552,2024-10-16 13:04:47.369518,2024-10-16,desktop,United States,facebook,paid_social,prospecting_broad,Paid,42.16,42.16,1.0,1,1,['Apparel'],1,True,,42.16,13,Wednesday,1642
T0003866,3041599.8733135079.1732695734,3041599.8733135079,2024-11-27 08:27:21.537116,2024-11-27,tablet,India,google,cpc,brand_search,Paid,42.16,42.16,1.0,1,1,['Apparel'],1,True,,42.16,8,Wednesday,1642
T0004346,7279834.3436910996.1732922653,7279834.3436910996,2024-11-29 23:24:56.842026,2024-11-29,mobile,France,(direct),(none),(direct),Direct,42.16,42.16,1.0,1,1,['Apparel'],1,True,,42.16,23,Friday,1642
T0001031,9742782.8823089130.1727851595,9742782.8823089130,2024-10-02 06:37:35.183616,2024-10-02,desktop,Japan,(direct),(none),(direct),Direct,42.16,42.16,1.0,1,1,['Apparel'],1,True,,42.16,6,Wednesday,1642
T0000810,4326551.9744393514.1727392221,4326551.9744393514,2024-09-26 23:15:34.805651,2024-09-26,mobile,Singapore,(direct),(none),(direct),Direct,42.16,42.16,1.0,1,1,['Apparel'],1,True,,42.16,23,Thursday,1642
T0000458,1764122.5783145406.1726609471,1764122.5783145406,2024-09-17 21:45:01.159494,2024-09-17,desktop,United States,facebook,paid_social,prospecting_broad,Paid,42.16,42.16,1.0,1,1,['Apparel'],1,True,,42.16,21,Tuesday,1642
T0002750,6346616.1864150113.1731089524,6346616.1864150113,2024-11-08 18:29:46.118056,2024-11-08,desktop,United States,google,organic,(organic),Organic Search,42.06,42.06,2.0,2,2,['Drinkware' 'Office'],1,True,,21.03,18,Friday,1643
T0001380,5661372.8510895709.1728656919,5661372.8510895709,2024-10-11 14:35:33.873496,2024-10-11,desktop,Australia,google,cpc,brand_search,Paid,42.03,42.03,2.0,2,2,['Drinkware' 'Lifestyle'],1,True,,21.02,14,Friday,1644
T0003412,4887210.2719636072.1732280373,4887210.2719636072,2024-11-22 13:05:21.120504,2024-11-22,mobile,United States,google,organic,(organic),Organic Search,41.89,41.89,1.0,1,1,['Apparel'],1,True,,41.89,13,Friday,1645
T0003720,6350443.1924212893.1732620464,6350443.1924212893,2024-11-26 11:23:42.416037,2024-11-26,desktop,Australia,google,cpc,brand_search,Paid,41.89,41.89,1.0,1,1,['Apparel'],1,True,,41.89,11,Tuesday,1645
T0002218,2629392.1051209680.1730196452,2629392.1051209680,2024-10-29 10:16:26.674952,2024-10-29,desktop,India,(direct),(none),(direct),Direct,41.89,41.89,1.0,1,1,['Apparel'],1,True,,41.89,10,Tuesday,1645
T0002405,1372703.5135355311.1730503617,1372703.5135355311,2024-11-01 23:30:13.326135,2024-11-01,mobile,United States,newsletter,email,weekly_drop,Email,41.89,41.89,1.0,1,1,['Apparel'],1,True,,41.89,23,Friday,1645
T0000133,5022436.8699870491.1725747774,5022436.8699870491,2024-09-07 22:34:32.557396,2024-09-07,mobile,United States,(direct),(none),(direct),Direct,41.89,41.89,1.0,1,1,['Apparel'],1,True,,41.89,22,Saturday,1645
T0004294,1110343.8046581785.1732905676,1110343.8046581785,2024-11-29 18:44:40.310746,2024-11-29,mobile,United States,(direct),(none),(direct),Direct,41.86,41.86,2.0,2,1,['Office'],1,True,,20.93,18,Friday,1646
T0000543,4142436.1331850686.1726796068,4142436.1331850686,2024-09-20 01:38:48.213800,2024-09-20,desktop,France,(direct),(none),(direct),Direct,41.84,41.84,3.0,3,3,['Accessories' 'Drinkware' 'Stationery'],1,True,,13.95,1,Friday,1647
T0000255,3162163.6445106386.1726095741,3162163.6445106386,2024-09-11 22:59:10.706897,2024-09-11,mobile,India,(direct),(none),(direct),Direct,41.72,41.72,3.0,2,1,['Stationery'],1,True,,13.91,22,Wednesday,1648
T0000236,2309218.5845575236.1726064400,2309218.5845575236,2024-09-11 14:35:42.981006,2024-09-11,mobile,United States,google,organic,(organic),Organic Search,41.67,41.67,3.0,3,2,['Apparel' 'Office'],1,True,,13.89,14,Wednesday,1649
T0004187,9377685.7221162373.1732846628,9377685.7221162373,2024-11-29 02:21:12.641018,2024-11-29,mobile,United States,google,cpc,brand_search,Paid,41.49,41.49,3.0,2,2,['Apparel' 'Drinkware'],1,True,,13.83,2,Friday,1650
T0002101,7778345.8076647934.1729981611,7778345.8076647934,2024-10-26 22:25:51.849628,2024-10-26,desktop,Brazil,google,organic,(organic),Organic Search,41.48,41.48,2.0,2,1,['Drinkware'],1,True,,20.74,22,Saturday,1651
T0001426,1219911.9357748253.1728736741,1219911.9357748253,2024-10-12 12:49:22.204211,2024-10-12,mobile,United States,(direct),(none),(direct),Direct,41.48,41.48,2.0,2,1,['Drinkware'],1,True,,20.74,12,Saturday,1651
T0003841,4727202.4570155977.1732671130,4727202.4570155977,2024-11-27 01:29:55.677795,2024-11-27,desktop,Mexico,(direct),(none),(direct),Direct,41.48,41.48,2.0,2,1,['Drinkware'],1,True,,20.74,1,Wednesday,1651
T0002927,1047715.3589811599.1731401134,1047715.3589811599,2024-11-12 08:50:54.631246,2024-11-12,mobile,United States,(direct),(none),(direct),Direct,41.18,41.18,2.0,2,1,['Drinkware'],1,True,,20.59,8,Tuesday,1652
T0001000,4869399.8955470248.1727792026,4869399.8955470248,2024-10-01 14:11:58.140444,2024-10-01,tablet,United States,partners,affiliate,coupon_partners,Affiliate,41.18,41.18,2.0,1,1,['Headgear'],1,True,,20.59,14,Tuesday,1652
T0003146,9719022.9461736946.1731821004,9719022.9461736946,2024-11-17 05:29:49.528051,2024-11-17,mobile,India,facebook,paid_social,prospecting_broad,Paid,41.12,41.12,3.0,3,3,['Apparel' 'Office' 'Stationery'],1,True,,13.71,5,Sunday,1653
T0004138,2526713.5951769885.1732827686,2526713.5951769885,2024-11-28 20:58:07.631737,2024-11-28,desktop,United States,google,cpc,brand_search,Paid,41.08,41.08,1.0,1,1,['Bags'],1,True,,41.08,20,Thursday,1654
T0004107,5161541.3569579926.1732816098,5161541.3569579926,2024-11-28 17:50:16.111384,2024-11-28,mobile,United States,google,cpc,shopping_feed,Paid,41.08,41.08,1.0,1,1,['Bags'],1,True,,41.08,17,Thursday,1654
T0000119,8940861.5084804927.1725717619,8940861.5084804927,2024-09-07 13:59:42.396681,2024-09-07,mobile,Germany,google,cpc,brand_search,Paid,41.08,41.08,1.0,1,1,['Bags'],1,True,,41.08,13,Saturday,1654
T0002603,9526612.5235282574.1730838566,9526612.5235282574,2024-11-05 20:32:39.308694,2024-11-05,mobile,United States,newsletter,email,weekly_drop,Email,41.05,41.05,3.0,2,2,['Accessories' 'Office'],1,True,,13.68,20,Tuesday,1655
T0002978,7554671.2520560476.1731501034,7554671.2520560476,2024-11-13 12:35:59.170162,2024-11-13,mobile,United States,google,organic,(organic),Organic Search,41.01,41.01,1.0,1,1,['Accessories'],1,True,,41.01,12,Wednesday,1656
T0000183,9930069.9033935092.1725915811,9930069.9033935092,2024-09-09 21:04:54.142450,2024-09-09,desktop,United States,youtube.com,referral,(referral),Referral,41.01,41.01,1.0,1,1,['Accessories'],1,True,,41.01,21,Monday,1656
T0000480,6442505.4287947399.1726680354,6442505.4287947399,2024-09-18 17:25:49.495380,2024-09-18,mobile,Brazil,google,cpc,shopping_feed,Paid,41.01,41.01,1.0,1,1,['Accessories'],1,True,,41.01,17,Wednesday,1656
T0002510,2408707.1028059450.1730674252,2408707.1028059450,2024-11-03 22:45:09.061117,2024-11-03,desktop,United States,google,cpc,shopping_feed,Paid,41.01,41.01,1.0,1,1,['Accessories'],2,False,17,41.01,22,Sunday,1656
T0003569,2400701.8385165275.1732518500,2400701.8385165275,2024-11-25 07:00:36.048566,2024-11-25,desktop,United States,(direct),(none),(direct),Direct,41.01,41.01,1.0,1,1,['Accessories'],1,True,,41.01,7,Monday,1656
T0000415,7922857.4860875448.1726505369,7922857.4860875448,2024-09-16 16:49:23.473292,2024-09-16,mobile,United States,google,cpc,brand_search,Paid,41.01,41.01,1.0,1,1,['Accessories'],1,True,,41.01,16,Monday,1656
T0003097,9771024.4063952619.1731724372,9771024.4063952619,2024-11-16 02:39:19.874109,2024-11-16,desktop,United Kingdom,google,cpc,shopping_feed,Paid,40.94,40.94,2.0,2,2,['Accessories' 'Drinkware'],2,False,6,20.47,2,Saturday,1657
T0003303,3697844.2786839353.1732089322,3697844.2786839353,2024-11-20 08:02:32.697375,2024-11-20,mobile,United States,newsletter,email,weekly_drop,Email,40.93,40.93,2.0,2,2,['Accessories' 'Stationery'],1,True,,20.47,8,Wednesday,1658
T0001266,3619635.4172399444.1728404930,3619635.4172399444,2024-10-08 16:34:07.219419,2024-10-08,mobile,Singapore,(direct),(none),(direct),Direct,40.79,40.79,2.0,2,2,['Accessories' 'Stationery'],1,True,,20.4,16,Tuesday,1659
T0003560,5751769.6067350869.1732510298,5751769.6067350869,2024-11-25 04:49:56.120922,2024-11-25,tablet,India,google,cpc,shopping_feed,Paid,40.76,40.76,2.0,2,2,['Drinkware' 'Stationery'],1,True,,20.38,4,Monday,1660
T0002980,1057772.4363536523.1731502017,1057772.4363536523,2024-11-13 12:53:22.856341,2024-11-13,desktop,India,(direct),(none),(direct),Direct,40.75,40.75,2.0,2,2,['Drinkware' 'Stationery'],1,True,,20.38,12,Wednesday,1661
T0003279,4214646.9633531412.1732048223,4214646.9633531412,2024-11-19 20:47:47.979859,2024-11-19,tablet,United States,(direct),(none),(direct),Direct,40.75,40.75,2.0,2,2,['Drinkware' 'Stationery'],1,True,,20.38,20,Tuesday,1661
T0001745,8211091.1825625659.1729339463,8211091.1825625659,2024-10-19 11:57:11.268674,2024-10-19,desktop,Canada,google,cpc,shopping_feed,Paid,40.75,40.75,2.0,2,2,['Drinkware' 'Stationery'],1,True,,20.38,11,Saturday,1661
T0000441,4579766.7948911437.1726559287,4579766.7948911437,2024-09-17 07:40:36.814759,2024-09-17,desktop,Australia,(direct),(none),(direct),Direct,40.63,40.63,2.0,2,2,['Apparel' 'Headgear'],1,True,,20.32,7,Tuesday,1662
T0002166,3453502.5721340478.1730097127,3453502.5721340478,2024-10-28 06:31:53.389460,2024-10-28,desktop,United States,google,cpc,shopping_feed,Paid,40.54,40.54,2.0,2,2,['Accessories' 'Drinkware'],1,True,,20.27,6,Monday,1663
T0003848,7527311.8830856611.1732677753,7527311.8830856611,2024-11-27 03:29:02.152625,2024-11-27,mobile,United States,(direct),(none),(direct),Direct,40.31,40.31,1.0,1,1,['Electronics'],1,True,,40.31,3,Wednesday,1664
T0001771,9257663.7339337797.1729377713,9257663.7339337797,2024-10-19 22:35:47.105571,2024-10-19,desktop,Canada,(direct),(none),(direct),Direct,40.27,40.27,2.0,2,2,['Apparel' 'Drinkware'],1,True,,20.14,22,Saturday,1665
T0004330,8132087.6618361268.1732917769,8132087.6618361268,2024-11-29 21:56:05.382863,2024-11-29,mobile,India,google,organic,(organic),Organic Search,40.26,40.26,2.0,2,2,['Accessories' 'Drinkware'],1,True,,20.13,21,Friday,1666
T0001149,7969215.6584410635.1728154415,7969215.6584410635,2024-10-05 18:46:16.210860,2024-10-05,desktop,Australia,google,organic,(organic),Organic Search,39.67,39.67,1.0,1,1,['Lifestyle'],1,True,,39.67,18,Saturday,1667
T0002715,3048925.9376560845.1731043340,3048925.9376560845,2024-11-08 05:15:59.658498,2024-11-08,mobile,United States,google,cpc,brand_search,Paid,39.63,39.63,3.0,2,2,['Accessories' 'Apparel'],1,True,,13.21,5,Friday,1668
T0004314,5387062.7333536538.1732911075,5387062.7333536538,2024-11-29 20:12:39.158888,2024-11-29,mobile,United Kingdom,google,cpc,brand_search,Paid,39.54,39.54,2.0,1,1,['Apparel'],1,True,,19.77,20,Friday,1669
T0002209,5466717.3504557701.1730182094,5466717.3504557701,2024-10-29 06:15:12.866550,2024-10-29,desktop,United States,(direct),(none),(direct),Direct,39.54,39.54,2.0,1,1,['Apparel'],1,True,,19.77,6,Tuesday,1669
T0003707,3405194.7485055308.1732612585,3405194.7485055308,2024-11-26 09:20:10.470152,2024-11-26,desktop,Australia,google,cpc,brand_search,Paid,39.54,39.54,2.0,1,1,['Apparel'],1,True,,19.77,9,Tuesday,1669
T0002605,8045348.8049482981.1730839879,8045348.8049482981,2024-11-05 21:00:13.835297,2024-11-05,mobile,Germany,youtube.com,referral,(referral),Referral,39.54,39.54,2.0,1,1,['Apparel'],1,True,,19.77,21,Tuesday,1669
T0000586,9131351.5257072236.1726920348,9131351.5257072236,2024-09-21 12:01:10.752182,2024-09-21,mobile,Germany,google,cpc,brand_search,Paid,39.54,39.54,2.0,1,1,['Apparel'],1,True,,19.77,12,Saturday,1669
T0003527,4947469.7606225380.1732472641,4947469.7606225380,2024-11-24 18:15:35.840549,2024-11-24,desktop,Japan,(direct),(none),(direct),Direct,39.54,39.54,2.0,1,1,['Apparel'],1,True,,19.77,18,Sunday,1669
T0002747,2642399.3775250219.1731086576,2642399.3775250219,2024-11-08 17:30:01.016850,2024-11-08,desktop,India,(direct),(none),(direct),Direct,39.54,39.54,2.0,1,1,['Apparel'],1,True,,19.77,17,Friday,1669
T0002853,7635009.2678884337.1731270079,7635009.2678884337,2024-11-10 20:19:59.680297,2024-11-10,mobile,United States,(direct),(none),(direct),Direct,39.54,39.54,2.0,1,1,['Apparel'],1,True,,19.77,20,Sunday,1669
T0003892,4483168.6406405257.1732712099,4483168.6406405257,2024-11-27 12:54:27.761872,2024-11-27,mobile,Japan,(direct),(none),(direct),Direct,39.54,39.54,2.0,1,1,['Apparel'],1,True,,19.77,12,Wednesday,1669
T0001982,9678685.5187330096.1729787716,9678685.5187330096,2024-10-24 16:41:15.727107,2024-10-24,mobile,United States,(direct),(none),(direct),Direct,39.54,39.54,2.0,1,1,['Apparel'],1,True,,19.77,16,Thursday,1669
T0002347,1099113.5764232425.1730411533,1099113.5764232425,2024-10-31 21:47:07.391684,2024-10-31,desktop,Japan,google,organic,(organic),Organic Search,39.54,39.54,2.0,1,1,['Apparel'],1,True,,19.77,21,Thursday,1669
T0002373,8939770.2336592374.1730473759,8939770.2336592374,2024-11-01 15:03:08.577915,2024-11-01,desktop,United States,google,cpc,shopping_feed,Paid,39.54,39.54,2.0,1,1,['Apparel'],1,True,,19.77,15,Friday,1669
T0001881,7846910.8131644854.1729613731,7846910.8131644854,2024-10-22 16:20:11.694325,2024-10-22,desktop,United States,youtube.com,referral,(referral),Referral,39.54,39.54,2.0,1,1,['Apparel'],2,False,8,19.77,16,Tuesday,1669
T0001211,9670697.8172169386.1728290329,9670697.8172169386,2024-10-07 08:53:37.808736,2024-10-07,desktop,Germany,google,organic,(organic),Organic Search,39.54,39.54,2.0,1,1,['Apparel'],1,True,,19.77,8,Monday,1669
T0002018,6410767.2330363140.1729842283,6410767.2330363140,2024-10-25 07:52:54.352219,2024-10-25,desktop,Japan,(direct),(none),(direct),Direct,39.54,39.54,2.0,1,1,['Apparel'],1,True,,19.77,7,Friday,1669
T0001227,4411655.7767176532.1728327247,4411655.7767176532,2024-10-07 18:49:23.762501,2024-10-07,desktop,United States,google,cpc,shopping_feed,Paid,39.54,39.54,2.0,1,1,['Apparel'],3,False,10,19.77,18,Monday,1669
T0000077,4910289.2125281330.1725565734,4910289.2125281330,2024-09-05 19:39:07.313069,2024-09-05,desktop,France,google,cpc,brand_search,Paid,39.54,39.54,2.0,1,1,['Apparel'],1,True,,19.77,19,Thursday,1669
T0001444,2017808.6274406285.1728780835,2017808.6274406285,2024-10-13 00:51:43.523593,2024-10-13,desktop,Japan,(direct),(none),(direct),Direct,39.54,39.54,2.0,1,1,['Apparel'],1,True,,19.77,0,Sunday,1669
T0000054,5827227.7278691026.1725446065,5827227.7278691026,2024-09-04 10:34:14.166070,2024-09-04,mobile,United States,google,cpc,shopping_feed,Paid,39.54,39.54,3.0,3,3,['Accessories' 'Drinkware' 'Stationery'],1,True,,13.18,10,Wednesday,1669
T0000579,8799392.4116613372.1726900927,8799392.4116613372,2024-09-21 06:55:18.590278,2024-09-21,mobile,Brazil,newsletter,email,weekly_drop,Email,39.54,39.54,2.0,1,1,['Apparel'],1,True,,19.77,6,Saturday,1669
T0003617,1748181.5307880812.1732549027,1748181.5307880812,2024-11-25 15:46:35.467235,2024-11-25,tablet,Canada,facebook,paid_social,prospecting_broad,Paid,39.54,39.54,2.0,1,1,['Apparel'],1,True,,19.77,15,Monday,1669
T0001411,7262366.3790367671.1728696878,7262366.3790367671,2024-10-12 01:38:34.579008,2024-10-12,desktop,United States,google,cpc,shopping_feed,Paid,39.54,39.54,2.0,1,1,['Apparel'],1,True,,19.77,1,Saturday,1669
T0000935,5405866.8396867913.1727655974,5405866.8396867913,2024-09-30 00:34:14.729997,2024-09-30,desktop,United States,google,organic,(organic),Organic Search,39.54,39.54,2.0,1,1,['Apparel'],3,False,8,19.77,0,Monday,1669
T0004319,5980326.6632484047.1732913465,5980326.6632484047,2024-11-29 20:49:16.096520,2024-11-29,tablet,United States,facebook,paid_social,prospecting_broad,Paid,39.54,39.54,2.0,1,1,['Apparel'],1,True,,19.77,20,Friday,1669
T0001153,6422493.1039019959.1728163011,6422493.1039019959,2024-10-05 21:06:50.787360,2024-10-05,desktop,United States,newsletter,email,weekly_drop,Email,39.54,39.54,2.0,1,1,['Apparel'],1,True,,19.77,21,Saturday,1669
T0000670,6948909.3410278733.1727095507,6948909.3410278733,2024-09-23 13:02:40.145646,2024-09-23,mobile,United Kingdom,google,cpc,shopping_feed,Paid,39.54,39.54,2.0,1,1,['Apparel'],1,True,,19.77,13,Monday,1669
T0003614,9338519.9799345609.1732547683,9338519.9799345609,2024-11-25 15:24:15.055199,2024-11-25,desktop,Canada,google,organic,(organic),Organic Search,39.54,39.54,2.0,1,1,['Apparel'],1,True,,19.77,15,Monday,1669
T0001632,3229120.6811133653.1729127140,3229120.6811133653,2024-10-17 01:01:11.104182,2024-10-17,desktop,Australia,google,organic,(organic),Organic Search,39.54,39.54,2.0,1,1,['Apparel'],1,True,,19.77,1,Thursday,1669
T0001222,9993356.4628926044.1728318205,9993356.4628926044,2024-10-07 16:11:52.767973,2024-10-07,desktop,United States,newsletter,email,weekly_drop,Email,39.54,39.54,2.0,1,1,['Apparel'],1,True,,19.77,16,Monday,1669
T0001906,8691175.2639543593.1729647572,8691175.2639543593,2024-10-23 01:39:10.044366,2024-10-23,desktop,United States,google,cpc,shopping_feed,Paid,39.54,39.54,2.0,1,1,['Apparel'],1,True,,19.77,1,Wednesday,1669
T0004422,8361999.7506102302.1732978778,8361999.7506102302,2024-11-30 14:53:05.575465,2024-11-30,mobile,Japan,google,cpc,brand_search,Paid,39.54,39.54,2.0,1,1,['Apparel'],1,True,,19.77,14,Saturday,1669
T0003368,2299157.9466528914.1732203347,2299157.9466528914,2024-11-21 15:43:23.855617,2024-11-21,desktop,Brazil,(direct),(none),(direct),Direct,39.54,39.54,2.0,2,2,['Apparel' 'Stationery'],1,True,,19.77,15,Thursday,1669
T0001280,7968963.3530807276.1728420249,7968963.3530807276,2024-10-08 20:42:56.275618,2024-10-08,mobile,Canada,newsletter,email,weekly_drop,Email,39.54,39.54,2.0,1,1,['Apparel'],1,True,,19.77,20,Tuesday,1669
T0003129,1968520.6031967975.1731789551,1968520.6031967975,2024-11-16 20:43:09.466252,2024-11-16,mobile,United States,newsletter,email,weekly_drop,Email,39.54,39.54,2.0,1,1,['Apparel'],3,False,38,19.77,20,Saturday,1669
T0003627,7511436.2275855955.1732556088,7511436.2275855955,2024-11-25 17:28:28.129601,2024-11-25,mobile,United States,(direct),(none),(direct),Direct,39.54,39.54,2.0,1,1,['Apparel'],3,False,16,19.77,17,Monday,1669
T0004079,3135324.5064242826.1732804211,3135324.5064242826,2024-11-28 14:42:22.634307,2024-11-28,mobile,United States,(direct),(none),(direct),Direct,39.54,39.54,2.0,1,1,['Apparel'],2,False,6,19.77,14,Thursday,1669
T0001736,3826906.3703512278.1729319314,3826906.3703512278,2024-10-19 06:36:47.957171,2024-10-19,mobile,United States,google,organic,(organic),Organic Search,39.54,39.54,2.0,1,1,['Apparel'],1,True,,19.77,6,Saturday,1669
T0000912,5905871.9036679245.1727612013,5905871.9036679245,2024-09-29 12:19:40.532456,2024-09-29,mobile,United States,google,cpc,brand_search,Paid,39.54,39.54,2.0,1,1,['Apparel'],1,True,,19.77,12,Sunday,1669
T0002316,6877256.9360636349.1730376297,6877256.9360636349,2024-10-31 12:15:04.147977,2024-10-31,mobile,France,(direct),(none),(direct),Direct,39.54,39.54,2.0,1,1,['Apparel'],3,False,45,19.77,12,Thursday,1669
T0001377,9437162.4612134252.1728650866,9437162.4612134252,2024-10-11 13:01:27.846390,2024-10-11,desktop,United States,facebook,paid_social,prospecting_broad,Paid,39.54,39.54,2.0,1,1,['Apparel'],1,True,,19.77,13,Friday,1669
T0001100,9953458.2288419079.1728036456,9953458.2288419079,2024-10-04 10:09:32.103239,2024-10-04,desktop,United States,(direct),(none),(direct),Direct,39.54,39.54,2.0,1,1,['Apparel'],1,True,,19.77,10,Friday,1669
T0003810,5056328.2972776124.1732658451,5056328.2972776124,2024-11-26 22:15:05.977003,2024-11-26,desktop,United States,google,cpc,brand_search,Paid,39.54,39.54,2.0,1,1,['Apparel'],1,True,,19.77,22,Tuesday,1669
T0003486,4914353.1448808441.1732397256,4914353.1448808441,2024-11-23 21:19:07.817336,2024-11-23,desktop,Canada,newsletter,email,weekly_drop,Email,39.54,39.54,2.0,1,1,['Apparel'],1,True,,19.77,21,Saturday,1669
T0001120,5371102.8145138435.1728078777,5371102.8145138435,2024-10-04 21:55:51.254362,2024-10-04,desktop,India,google,organic,(organic),Organic Search,39.54,39.54,2.0,1,1,['Apparel'],1,True,,19.77,21,Friday,1669
T0004155,1648455.3095615027.1732830385,1648455.3095615027,2024-11-28 21:46:11.579807,2024-11-28,desktop,United States,google,cpc,brand_search,Paid,39.54,39.54,2.0,1,1,['Apparel'],1,True,,19.77,21,Thursday,1669
T0002232,2103444.5047342765.1730218551,2103444.5047342765,2024-10-29 16:26:23.371482,2024-10-29,desktop,Germany,(direct),(none),(direct),Direct,39.54,39.54,2.0,1,1,['Apparel'],1,True,,19.77,16,Tuesday,1669
T0002050,5673559.6585934913.1729893771,5673559.6585934913,2024-10-25 21:59:55.708342,2024-10-25,mobile,United States,(direct),(none),(direct),Direct,39.54,39.54,2.0,1,1,['Apparel'],1,True,,19.77,21,Friday,1669
T0001501,4713189.4101027158.1728908018,4713189.4101027158,2024-10-14 12:26:14.859560,2024-10-14,mobile,India,google,cpc,shopping_feed,Paid,39.54,39.54,2.0,1,1,['Apparel'],1,True,,19.77,12,Monday,1669
T0004436,6048460.7698503911.1732985587,6048460.7698503911,2024-11-30 16:52:12.986822,2024-11-30,desktop,United States,newsletter,email,weekly_drop,Email,39.54,39.54,2.0,1,1,['Apparel'],1,True,,19.77,16,Saturday,1669
T0000856,8257888.7682621990.1727479196,8257888.7682621990,2024-09-27 23:17:26.665080,2024-09-27,mobile,United States,partners,affiliate,coupon_partners,Affiliate,39.54,39.54,2.0,1,1,['Apparel'],1,True,,19.77,23,Friday,1669
T0000085,6002598.6010943815.1725570442,6002598.6010943815,2024-09-05 21:15:38.372241,2024-09-05,desktop,United States,google,organic,(organic),Organic Search,39.54,39.54,2.0,1,1,['Apparel'],1,True,,19.77,21,Thursday,1669
T0003658,6124364.5630218695.1732571752,6124364.5630218695,2024-11-25 21:50:32.231280,2024-11-25,desktop,United States,partners,affiliate,coupon_partners,Affiliate,39.54,39.54,2.0,1,1,['Apparel'],1,True,,19.77,21,Monday,1669
T0000298,1998412.1105621529.1726232036,1998412.1105621529,2024-09-13 13:04:24.234311,2024-09-13,mobile,United States,(direct),(none),(direct),Direct,39.54,39.54,2.0,1,1,['Apparel'],1,True,,19.77,13,Friday,1669
T0003822,3600071.2802872144.1732662045,3600071.2802872144,2024-11-26 23:00:17.864177,2024-11-26,desktop,United States,(direct),(none),(direct),Direct,39.54,39.54,2.0,1,1,['Apparel'],1,True,,19.77,23,Tuesday,1669
T0000831,7335519.6966834504.1727443538,7335519.6966834504,2024-09-27 13:24:52.200705,2024-09-27,desktop,Germany,google,organic,(organic),Organic Search,39.54,39.54,2.0,1,1,['Apparel'],1,True,,19.77,13,Friday,1669
T0001567,7144319.6327955873.1729019018,7144319.6327955873,2024-10-15 18:56:47.335990,2024-10-15,desktop,United States,google,cpc,shopping_feed,Paid,39.54,39.54,2.0,1,1,['Apparel'],1,True,,19.77,18,Tuesday,1669
T0002091,8954194.6169881192.1729969819,8954194.6169881192,2024-10-26 19:04:26.028042,2024-10-26,desktop,Brazil,newsletter,email,weekly_drop,Email,39.54,39.54,2.0,1,1,['Apparel'],1,True,,19.77,19,Saturday,1669
T0004109,2313788.7179108155.1732817543,2313788.7179108155,2024-11-28 18:06:12.894491,2024-11-28,mobile,Japan,google,cpc,brand_search,Paid,39.34,39.34,2.0,2,2,['Accessories' 'Apparel'],1,True,,19.67,18,Thursday,1670
T0002102,4711495.7786044918.1729981321,4711495.7786044918,2024-10-26 22:29:59.071572,2024-10-26,desktop,United Kingdom,(direct),(none),(direct),Direct,39.34,39.34,2.0,2,2,['Accessories' 'Apparel'],1,True,,19.67,22,Saturday,1670
T0000847,2045126.6069027834.1727463415,2045126.6069027834,2024-09-27 18:56:18.995231,2024-09-27,mobile,United States,(direct),(none),(direct),Direct,39.34,39.34,2.0,2,2,['Accessories' 'Apparel'],1,True,,19.67,18,Friday,1670
T0000239,1975720.3965496847.1726072943,1975720.3965496847,2024-09-11 16:39:07.342156,2024-09-11,mobile,United Kingdom,google,cpc,brand_search,Paid,39.34,39.34,2.0,2,1,['Accessories'],1,True,,19.67,16,Wednesday,1670
T0003842,6071331.9014675222.1732672712,6071331.9014675222,2024-11-27 02:12:42.448837,2024-11-27,mobile,United States,(direct),(none),(direct),Direct,39.34,39.34,2.0,2,2,['Accessories' 'Apparel'],1,True,,19.67,2,Wednesday,1670
T0001456,8437530.5164155686.1728821441,8437530.5164155686,2024-10-13 12:08:38.376742,2024-10-13,mobile,Germany,(direct),(none),(direct),Direct,39.32,39.32,2.0,2,2,['Apparel' 'Office'],1,True,,19.66,12,Sunday,1671
T0003829,7313617.7460837621.1732663360,7313617.7460837621,2024-11-26 23:25:21.123473,2024-11-26,mobile,Japan,google,cpc,brand_search,Paid,39.12,39.12,1.0,1,1,['Accessories'],1,True,,39.12,23,Tuesday,1672
T0004081,2547113.3404207255.1732804986,2547113.3404207255,2024-11-28 14:46:48.033011,2024-11-28,desktop,United States,google,organic,(organic),Organic Search,39.1,39.1,2.0,1,1,['Office'],1,True,,19.55,14,Thursday,1673
T0000372,8773146.1229251711.1726422118,8773146.1229251711,2024-09-15 17:47:30.547369,2024-09-15,desktop,United States,(direct),(none),(direct),Direct,38.95,38.95,2.0,2,2,['Accessories' 'Drinkware'],1,True,,19.48,17,Sunday,1674
T0003578,9692937.7358798754.1732526417,9692937.7358798754,2024-11-25 09:21:49.770693,2024-11-25,mobile,United States,partners,affiliate,coupon_partners,Affiliate,38.95,38.95,2.0,2,2,['Accessories' 'Drinkware'],1,True,,19.48,9,Monday,1674
T0003418,3135324.5064242826.1732286090,3135324.5064242826,2024-11-22 14:42:28.811515,2024-11-22,mobile,United States,(direct),(none),(direct),Direct,38.95,38.95,2.0,2,2,['Accessories' 'Drinkware'],1,True,,19.48,14,Friday,1674
T0001125,1149450.2197383933.1728083094,1149450.2197383933,2024-10-04 23:04:53.962048,2024-10-04,mobile,United States,google,organic,(organic),Organic Search,38.83,38.83,1.0,1,1,['Office'],1,True,,38.83,23,Friday,1675
T0003168,3478204.5369021075.1731855231,3478204.5369021075,2024-11-17 15:01:26.478346,2024-11-17,desktop,Australia,google,organic,(organic),Organic Search,38.83,38.83,1.0,1,1,['Office'],1,True,,38.83,15,Sunday,1675
T0002452,3894225.2194351635.1730579662,3894225.2194351635,2024-11-02 20:40:02.383313,2024-11-02,desktop,United States,(direct),(none),(direct),Direct,38.83,38.83,1.0,1,1,['Office'],1,True,,38.83,20,Saturday,1675
T0004256,7604742.3283433751.1732886517,7604742.3283433751,2024-11-29 13:20:42.804060,2024-11-29,mobile,United States,google,organic,(organic),Organic Search,38.83,38.83,1.0,1,1,['Office'],1,True,,38.83,13,Friday,1675
T0003074,3515727.7110678775.1731690004,3515727.7110678775,2024-11-15 16:58:19.837266,2024-11-15,desktop,India,(direct),(none),(direct),Direct,38.83,38.83,1.0,1,1,['Office'],1,True,,38.83,16,Friday,1675
T0001630,9859062.6531466679.1729122280,9859062.6531466679,2024-10-16 23:52:10.188474,2024-10-16,desktop,Germany,google,cpc,brand_search,Paid,38.83,38.83,1.0,1,1,['Office'],1,True,,38.83,23,Wednesday,1675
T0000412,7007206.1257236448.1726496350,7007206.1257236448,2024-09-16 14:31:07.839766,2024-09-16,desktop,United Kingdom,(direct),(none),(direct),Direct,38.83,38.83,1.0,1,1,['Office'],1,True,,38.83,14,Monday,1675
T0001705,8918923.9264713134.1729268299,8918923.9264713134,2024-10-18 16:22:41.736198,2024-10-18,desktop,United Kingdom,(direct),(none),(direct),Direct,38.83,38.83,1.0,1,1,['Office'],1,True,,38.83,16,Friday,1675
T0003753,4623673.4754472536.1732632268,4623673.4754472536,2024-11-26 14:49:19.708698,2024-11-26,desktop,Brazil,(direct),(none),(direct),Direct,38.83,38.83,1.0,1,1,['Office'],1,True,,38.83,14,Tuesday,1675
T0003962,5608858.2105347109.1732747595,5608858.2105347109,2024-11-27 22:40:59.522775,2024-11-27,desktop,United States,google,cpc,brand_search,Paid,38.83,38.83,1.0,1,1,['Office'],1,True,,38.83,22,Wednesday,1675
T0004372,8503370.4121310143.1732947986,8503370.4121310143,2024-11-30 06:25:39.839409,2024-11-30,desktop,Singapore,youtube.com,referral,(referral),Referral,38.83,38.83,1.0,1,1,['Office'],1,True,,38.83,6,Saturday,1675
T0000815,4411655.7767176532.1727410090,4411655.7767176532,2024-09-27 04:04:06.214663,2024-09-27,desktop,United States,google,cpc,shopping_feed,Paid,38.83,38.83,1.0,1,1,['Office'],2,False,4,38.83,4,Friday,1675
T0001775,9594153.3311432523.1729384094,9594153.3311432523,2024-10-20 00:21:48.299153,2024-10-20,mobile,United States,google,organic,(organic),Organic Search,38.83,38.83,1.0,1,1,['Office'],1,True,,38.83,0,Sunday,1675
T0004012,8657604.1849002305.1732776081,8657604.1849002305,2024-11-28 06:45:30.490335,2024-11-28,desktop,United States,newsletter,email,weekly_drop,Email,38.83,38.83,1.0,1,1,['Office'],1,True,,38.83,6,Thursday,1675
T0004310,1138457.8118743492.1732909837,1138457.8118743492,2024-11-29 20:02:00.370881,2024-11-29,mobile,United States,google,organic,(organic),Organic Search,38.83,38.83,1.0,1,1,['Office'],4,False,6,38.83,20,Friday,1675
T0002029,1578709.8125008940.1729862563,1578709.8125008940,2024-10-25 13:27:31.784840,2024-10-25,desktop,United States,(direct),(none),(direct),Direct,38.83,38.83,1.0,1,1,['Office'],1,True,,38.83,13,Friday,1675
T0002052,1452380.1745669309.1729897160,1452380.1745669309,2024-10-25 23:02:11.066090,2024-10-25,desktop,Canada,google,cpc,brand_search,Paid,38.83,38.83,1.0,1,1,['Office'],1,True,,38.83,23,Friday,1675
T0002365,6060782.7975694556.1730459158,6060782.7975694556,2024-11-01 11:01:59.093336,2024-11-01,desktop,United States,(direct),(none),(direct),Direct,38.83,38.83,1.0,1,1,['Office'],1,True,,38.83,11,Friday,1675
T0004031,1412484.8924754825.1732788685,1412484.8924754825,2024-11-28 10:11:45.430746,2024-11-28,desktop,United States,youtube.com,referral,(referral),Referral,38.83,38.83,1.0,1,1,['Office'],1,True,,38.83,10,Thursday,1675
T0001610,9148812.2577113416.1729098845,9148812.2577113416,2024-10-16 17:09:02.456413,2024-10-16,desktop,United States,(direct),(none),(direct),Direct,38.83,38.83,1.0,1,1,['Office'],1,True,,38.83,17,Wednesday,1675
T0001485,3405345.4073355269.1728884817,3405345.4073355269,2024-10-14 05:52:24.857652,2024-10-14,desktop,Singapore,(direct),(none),(direct),Direct,38.83,38.83,1.0,1,1,['Office'],1,True,,38.83,5,Monday,1675
T0003167,8905815.9252881811.1731854885,8905815.9252881811,2024-11-17 14:53:11.002770,2024-11-17,mobile,Germany,google,organic,(organic),Organic Search,38.83,38.83,1.0,1,1,['Office'],1,True,,38.83,14,Sunday,1675
T0002690,9935196.1417152660.1730990998,9935196.1417152660,2024-11-07 14:42:48.622150,2024-11-07,mobile,United Kingdom,google,organic,(organic),Organic Search,38.83,38.83,1.0,1,1,['Office'],1,True,,38.83,14,Thursday,1675
T0000583,5204327.1436746755.1726911441,5204327.1436746755,2024-09-21 09:33:12.681254,2024-09-21,desktop,United States,(direct),(none),(direct),Direct,38.83,38.83,1.0,1,1,['Office'],1,True,,38.83,9,Saturday,1675
T0001439,8525165.3279266088.1728764019,8525165.3279266088,2024-10-12 20:32:53.430728,2024-10-12,mobile,Canada,google,cpc,shopping_feed,Paid,38.83,38.83,1.0,1,1,['Office'],1,True,,38.83,20,Saturday,1675
T0004250,4747232.8836113285.1732882990,4747232.8836113285,2024-11-29 12:25:31.800062,2024-11-29,mobile,Germany,(direct),(none),(direct),Direct,38.83,38.83,1.0,1,1,['Office'],1,True,,38.83,12,Friday,1675
T0004002,6774126.3446596343.1732767337,6774126.3446596343,2024-11-28 04:30:33.059993,2024-11-28,mobile,Canada,newsletter,email,weekly_drop,Email,38.83,38.83,1.0,1,1,['Office'],1,True,,38.83,4,Thursday,1675
T0003060,9139748.9577979871.1731672874,9139748.9577979871,2024-11-15 12:22:37.572165,2024-11-15,tablet,United States,facebook,paid_social,prospecting_broad,Paid,38.83,38.83,1.0,1,1,['Office'],1,True,,38.83,12,Friday,1675
T0002527,9317491.3962640804.1730708436,9317491.3962640804,2024-11-04 08:19:11.912180,2024-11-04,mobile,United States,google,organic,(organic),Organic Search,38.83,38.83,1.0,1,1,['Office'],1,True,,38.83,8,Monday,1675
T0003873,5572021.3998506886.1732700487,5572021.3998506886,2024-11-27 09:32:40.808128,2024-11-27,desktop,United States,(direct),(none),(direct),Direct,38.83,38.83,1.0,1,1,['Office'],1,True,,38.83,9,Wednesday,1675
T0000299,9710324.9889931532.1726232528,9710324.9889931532,2024-09-13 13:08:52.902480,2024-09-13,desktop,United States,google,cpc,brand_search,Paid,38.83,38.83,1.0,1,1,['Office'],1,True,,38.83,13,Friday,1675
T0004003,5345852.5456644696.1732768450,5345852.5456644696,2024-11-28 04:36:19.452851,2024-11-28,desktop,United States,google,organic,(organic),Organic Search,38.83,38.83,1.0,1,1,['Office'],1,True,,38.83,4,Thursday,1675
T0002007,1510465.2569360457.1729814579,1510465.2569360457,2024-10-25 00:09:05.405776,2024-10-25,desktop,Germany,google,organic,(organic),Organic Search,38.83,38.83,1.0,1,1,['Office'],1,True,,38.83,0,Friday,1675
T0001887,5566357.9622678992.1729620362,5566357.9622678992,2024-10-22 18:07:34.448704,2024-10-22,desktop,Germany,(direct),(none),(direct),Direct,38.82,38.82,2.0,2,2,['Drinkware' 'Stationery'],1,True,,19.41,18,Tuesday,1676
T0000939,8970706.5261957538.1727679377,8970706.5261957538,2024-09-30 06:56:59.560342,2024-09-30,desktop,United States,google,cpc,brand_search,Paid,38.81,38.81,3.0,2,2,['Accessories' 'Stationery'],1,True,,12.94,6,Monday,1677
T0002418,5341669.8665637561.1730535892,5341669.8665637561,2024-11-02 08:36:04.854431,2024-11-02,mobile,United States,google,cpc,brand_search,Paid,38.39,38.39,2.0,2,2,['Apparel' 'Lifestyle'],1,True,,19.2,8,Saturday,1678
T0003285,5743514.8023278162.1732053091,5743514.8023278162,2024-11-19 21:51:06.287323,2024-11-19,desktop,Australia,google,organic,(organic),Organic Search,38.39,38.39,2.0,2,2,['Apparel' 'Lifestyle'],1,True,,19.2,21,Tuesday,1678
T0001512,5342932.6449690641.1728923488,5342932.6449690641,2024-10-14 16:30:00.462181,2024-10-14,desktop,United States,partners,affiliate,coupon_partners,Affiliate,38.39,38.39,2.0,2,2,['Apparel' 'Lifestyle'],1,True,,19.2,16,Monday,1678
T0003584,3548571.3927837580.1732530198,3548571.3927837580,2024-11-25 10:36:01.750823,2024-11-25,mobile,Brazil,google,cpc,brand_search,Paid,38.39,38.39,2.0,2,2,['Apparel' 'Lifestyle'],1,True,,19.2,10,Monday,1678
T0000690,5469222.1609010097.1727133227,5469222.1609010097,2024-09-23 23:14:27.323316,2024-09-23,desktop,United States,(direct),(none),(direct),Direct,38.39,38.39,2.0,2,2,['Apparel' 'Lifestyle'],1,True,,19.2,23,Monday,1678
T0000290,6908171.4136048588.1726216148,6908171.4136048588,2024-09-13 08:37:28.449382,2024-09-13,desktop,United Kingdom,(direct),(none),(direct),Direct,38.18,38.18,2.0,2,1,['Drinkware'],1,True,,19.09,8,Friday,1679
T0000754,8090117.7079509409.1727262314,8090117.7079509409,2024-09-25 11:06:02.365467,2024-09-25,mobile,Germany,newsletter,email,weekly_drop,Email,38.17,38.17,1.0,1,1,['Bags'],1,True,,38.17,11,Wednesday,1680
T0002964,5741182.8045495182.1731466079,5741182.8045495182,2024-11-13 02:48:46.472549,2024-11-13,desktop,United Kingdom,newsletter,email,weekly_drop,Email,38.1,38.1,2.0,2,1,['Accessories'],1,True,,19.05,2,Wednesday,1681
T0002487,7015483.7923446086.1730639290,7015483.7923446086,2024-11-03 13:05:56.970084,2024-11-03,desktop,India,google,cpc,brand_search,Paid,38.1,38.1,2.0,2,2,['Accessories' 'Stationery'],1,True,,19.05,13,Sunday,1681
T0000249,2110366.5779862913.1726084128,2110366.5779862913,2024-09-11 20:03:27.321627,2024-09-11,mobile,United States,newsletter,email,weekly_drop,Email,38.05,38.05,2.0,2,2,['Accessories' 'Stationery'],1,True,,19.02,20,Wednesday,1682
T0001252,4055454.9498529378.1728383649,4055454.9498529378,2024-10-08 10:38:26.155605,2024-10-08,desktop,Canada,(direct),(none),(direct),Direct,38.02,38.02,2.0,2,1,['Accessories'],1,True,,19.01,10,Tuesday,1683
T0003659,7318402.2664663600.1732571466,7318402.2664663600,2024-11-25 22:02:10.179598,2024-11-25,mobile,United States,google,cpc,brand_search,Paid,38.02,38.02,2.0,2,1,['Accessories'],1,True,,19.01,22,Monday,1683
T0003787,5748529.4710479757.1732651081,5748529.4710479757,2024-11-26 20:06:09.058426,2024-11-26,desktop,United States,facebook,paid_social,prospecting_broad,Paid,38.0,38.0,2.0,2,2,['Apparel' 'Stationery'],1,True,,19.0,20,Tuesday,1684
T0002632,8952277.2676467031.1730897527,8952277.2676467031,2024-11-06 12:55:36.637982,2024-11-06,desktop,Australia,youtube.com,referral,(referral),Referral,38.0,38.0,2.0,2,2,['Apparel' 'Stationery'],1,True,,19.0,12,Wednesday,1684
T0004118,1784698.9042719546.1732819831,1784698.9042719546,2024-11-28 18:47:32.583270,2024-11-28,desktop,Japan,google,cpc,brand_search,Paid,38.0,38.0,2.0,2,2,['Apparel' 'Stationery'],1,True,,19.0,18,Thursday,1684
T0001701,8477497.9664762048.1729262021,8477497.9664762048,2024-10-18 14:30:51.552679,2024-10-18,desktop,United States,google,cpc,brand_search,Paid,37.88,37.88,1.0,1,1,['Apparel'],3,False,3,37.88,14,Friday,1685
T0001286,5194897.9768849490.1728427685,5194897.9768849490,2024-10-08 23:00:23.250578,2024-10-08,desktop,India,google,cpc,shopping_feed,Paid,37.88,37.88,1.0,1,1,['Apparel'],1,True,,37.88,23,Tuesday,1685
T0000376,3012306.2432142918.1726430679,3012306.2432142918,2024-09-15 20:05:44.633766,2024-09-15,desktop,Mexico,(direct),(none),(direct),Direct,37.75,37.75,2.0,2,2,['Apparel' 'Office'],1,True,,18.88,20,Sunday,1686
T0002618,8232683.3872378599.1730850569,8232683.3872378599,2024-11-05 23:53:07.658569,2024-11-05,desktop,Singapore,newsletter,email,weekly_drop,Email,37.58,37.58,2.0,2,2,['Accessories' 'Office'],1,True,,18.79,23,Tuesday,1687
T0003808,2027648.9811646039.1732658630,2027648.9811646039,2024-11-26 22:08:00.751683,2024-11-26,mobile,United Kingdom,google,organic,(organic),Organic Search,37.45,37.45,2.0,2,1,['Drinkware'],1,True,,18.73,22,Tuesday,1688
T0002649,6724747.9209133076.1730912510,6724747.9209133076,2024-11-06 16:55:47.976733,2024-11-06,mobile,United States,(direct),(none),(direct),Direct,37.29,37.29,2.0,2,2,['Accessories' 'Apparel'],1,True,,18.65,16,Wednesday,1689
T0004444,6553548.2443561198.1732990394,6553548.2443561198,2024-11-30 18:08:39.768351,2024-11-30,desktop,United States,google,cpc,shopping_feed,Paid,37.24,37.24,2.0,1,1,['Lifestyle'],2,False,2,18.62,18,Saturday,1690
T0003282,6097214.5659298294.1732050735,6097214.5659298294,2024-11-19 21:08:25.557332,2024-11-19,desktop,France,(direct),(none),(direct),Direct,37.24,37.24,2.0,1,1,['Lifestyle'],1,True,,18.62,21,Tuesday,1690
T0003376,7549532.2326441232.1732214382,7549532.2326441232,2024-11-21 18:34:14.295702,2024-11-21,desktop,United States,google,organic,(organic),Organic Search,37.24,37.24,2.0,1,1,['Lifestyle'],1,True,,18.62,18,Thursday,1690
T0001983,9793499.5808456614.1729788034,9793499.5808456614,2024-10-24 16:41:59.707115,2024-10-24,desktop,United Kingdom,(direct),(none),(direct),Direct,37.24,37.24,2.0,1,1,['Lifestyle'],1,True,,18.62,16,Thursday,1690
T0001394,8437650.4337040027.1728674296,8437650.4337040027,2024-10-11 19:19:59.761099,2024-10-11,desktop,Australia,google,cpc,brand_search,Paid,37.24,37.24,2.0,1,1,['Lifestyle'],1,True,,18.62,19,Friday,1690
T0001409,2807595.7718705144.1728690063,2807595.7718705144,2024-10-11 23:40:57.982635,2024-10-11,desktop,Canada,(direct),(none),(direct),Direct,37.24,37.24,2.0,1,1,['Lifestyle'],1,True,,18.62,23,Friday,1690
T0003010,2788600.6688693926.1731538681,2788600.6688693926,2024-11-13 23:09:17.213003,2024-11-13,mobile,United States,google,cpc,brand_search,Paid,37.24,37.24,2.0,1,1,['Lifestyle'],1,True,,18.62,23,Wednesday,1690
T0000855,1766791.8572129837.1727475114,1766791.8572129837,2024-09-27 22:23:59.479944,2024-09-27,desktop,Canada,google,organic,(organic),Organic Search,37.24,37.24,2.0,1,1,['Lifestyle'],1,True,,18.62,22,Friday,1690
T0004457,9305345.8918185099.1732994386,9305345.8918185099,2024-11-30 19:38:08.750046,2024-11-30,tablet,United States,google,organic,(organic),Organic Search,37.24,37.24,2.0,1,1,['Lifestyle'],1,True,,18.62,19,Saturday,1690
T0000737,7652428.8897939422.1727217637,7652428.8897939422,2024-09-24 22:54:41.378041,2024-09-24,desktop,United States,google,cpc,brand_search,Paid,37.24,37.24,2.0,1,1,['Lifestyle'],1,True,,18.62,22,Tuesday,1690
T0002250,5337823.1032422066.1730251519,5337823.1032422066,2024-10-30 01:20:27.508298,2024-10-30,desktop,United States,google,cpc,shopping_feed,Paid,37.24,37.24,2.0,1,1,['Lifestyle'],2,False,20,18.62,1,Wednesday,1690
T0004344,9871376.5916509691.1732921171,9871376.5916509691,2024-11-29 23:08:32.665729,2024-11-29,mobile,Brazil,(direct),(none),(direct),Direct,37.24,37.24,2.0,1,1,['Lifestyle'],1,True,,18.62,23,Friday,1690
T0000929,5579475.3507216147.1727645498,5579475.3507216147,2024-09-29 21:32:17.695942,2024-09-29,desktop,Canada,google,organic,(organic),Organic Search,37.24,37.24,2.0,1,1,['Lifestyle'],1,True,,18.62,21,Sunday,1690
T0004369,3647972.9600889573.1732942227,3647972.9600889573,2024-11-30 04:58:07.592288,2024-11-30,mobile,India,google,cpc,brand_search,Paid,37.24,37.24,2.0,1,1,['Lifestyle'],1,True,,18.62,4,Saturday,1690
T0000044,7255108.3951964332.1725397994,7255108.3951964332,2024-09-03 21:20:35.460079,2024-09-03,desktop,Canada,facebook,paid_social,prospecting_broad,Paid,37.21,37.21,2.0,2,2,['Apparel' 'Office'],1,True,,18.61,21,Tuesday,1691
T0000429,7330904.9338728182.1726534040,7330904.9338728182,2024-09-17 00:40:43.160004,2024-09-17,desktop,United States,google,cpc,brand_search,Paid,37.2,37.2,2.0,2,2,['Apparel' 'Lifestyle'],1,True,,18.6,0,Tuesday,1692
T0001074,9611672.8043009766.1727971716,9611672.8043009766,2024-10-03 16:18:43.774810,2024-10-03,mobile,United States,(direct),(none),(direct),Direct,37.17,37.17,2.0,2,1,['Drinkware'],1,True,,18.59,16,Thursday,1693
T0004428,2299940.6888303926.1732980333,2299940.6888303926,2024-11-30 15:25:21.646610,2024-11-30,desktop,United States,(direct),(none),(direct),Direct,37.16,37.16,2.0,1,1,['Apparel'],1,True,,18.58,15,Saturday,1694
T0003317,5453164.5361080036.1732119237,5453164.5361080036,2024-11-20 16:08:03.020207,2024-11-20,desktop,United States,google,cpc,shopping_feed,Paid,37.16,37.16,2.0,1,1,['Apparel'],1,True,,18.58,16,Wednesday,1694
T0000688,1094558.9969893262.1727132558,1094558.9969893262,2024-09-23 23:05:11.398264,2024-09-23,desktop,Germany,google,organic,(organic),Organic Search,37.16,37.16,2.0,1,1,['Apparel'],1,True,,18.58,23,Monday,1694
T0001678,5700457.5376278657.1729205988,5700457.5376278657,2024-10-17 23:07:34.052323,2024-10-17,desktop,Canada,google,organic,(organic),Organic Search,36.95,36.95,2.0,2,2,['Drinkware' 'Lifestyle'],1,True,,18.48,23,Thursday,1695
T0002376,1058419.4760672199.1730477925,1058419.4760672199,2024-11-01 16:13:09.020977,2024-11-01,desktop,United States,partners,affiliate,coupon_partners,Affiliate,36.92,36.92,1.0,1,1,['Apparel'],2,False,11,36.92,16,Friday,1696
T0004270,5781334.3858403048.1732892343,5781334.3858403048,2024-11-29 15:04:59.239009,2024-11-29,desktop,United States,google,organic,(organic),Organic Search,36.92,36.92,1.0,1,1,['Apparel'],1,True,,36.92,15,Friday,1696
T0002398,5511925.8924714972.1730495597,5511925.8924714972,2024-11-01 21:28:04.532341,2024-11-01,desktop,United States,google,organic,(organic),Organic Search,36.92,36.92,1.0,1,1,['Apparel'],1,True,,36.92,21,Friday,1696
T0002122,2611265.7195196708.1730020255,2611265.7195196708,2024-10-27 09:06:14.317334,2024-10-27,desktop,Canada,youtube.com,referral,(referral),Referral,36.92,36.92,1.0,1,1,['Apparel'],1,True,,36.92,9,Sunday,1696
T0002993,1585445.3804488554.1731523453,1585445.3804488554,2024-11-13 18:49:29.816084,2024-11-13,desktop,India,newsletter,email,weekly_drop,Email,36.92,36.92,1.0,1,1,['Apparel'],1,True,,36.92,18,Wednesday,1696
T0003408,8755186.2392188859.1732277283,8755186.2392188859,2024-11-22 12:14:54.712430,2024-11-22,mobile,Japan,(direct),(none),(direct),Direct,36.89,36.89,2.0,2,2,['Accessories' 'Drinkware'],1,True,,18.45,12,Friday,1697
T0002909,6412946.4864834086.1731359642,6412946.4864834086,2024-11-11 21:29:16.527891,2024-11-11,mobile,India,google,organic,(organic),Organic Search,36.86,36.86,2.0,2,2,['Accessories' 'Stationery'],1,True,,18.43,21,Monday,1698
T0000015,9541497.3710230710.1725229094,9541497.3710230710,2024-09-01 22:27:14.027467,2024-09-01,desktop,United States,google,organic,(organic),Organic Search,36.83,36.83,3.0,2,2,['Accessories' 'Stationery'],1,True,,12.28,22,Sunday,1699
T0004213,6185691.3169506725.1732867164,6185691.3169506725,2024-11-29 08:16:23.452886,2024-11-29,desktop,Canada,partners,affiliate,coupon_partners,Affiliate,36.82,36.82,3.0,2,2,['Drinkware' 'Office'],1,True,,12.27,8,Friday,1700
T0000576,8281918.1260296687.1726887047,8281918.1260296687,2024-09-21 02:58:05.423267,2024-09-21,mobile,United States,google,organic,(organic),Organic Search,36.66,36.66,2.0,1,1,['Drinkware'],1,True,,18.33,2,Saturday,1701
T0002873,3150263.7404844472.1731305124,3150263.7404844472,2024-11-11 06:07:57.984411,2024-11-11,desktop,United States,partners,affiliate,coupon_partners,Affiliate,36.43,36.43,2.0,2,2,['Accessories' 'Office'],1,True,,18.22,6,Monday,1702
T0000533,7082601.4415269624.1726784083,7082601.4415269624,2024-09-19 22:14:09.626381,2024-09-19,desktop,United States,google,organic,(organic),Organic Search,36.34,36.34,3.0,2,2,['Accessories' 'Stationery'],1,True,,12.11,22,Thursday,1703
T0000853,4764374.1983656754.1727473718,4764374.1983656754,2024-09-27 21:53:40.360124,2024-09-27,mobile,United States,(direct),(none),(direct),Direct,36.31,36.31,2.0,2,2,['Accessories' 'Apparel'],1,True,,18.16,21,Friday,1704
T0001769,2073314.4262301886.1729375271,2073314.4262301886,2024-10-19 22:05:21.614607,2024-10-19,desktop,Germany,google,organic,(organic),Organic Search,36.31,36.31,2.0,2,2,['Accessories' 'Apparel'],1,True,,18.16,22,Saturday,1704
T0002673,9115657.3559672642.1730953026,9115657.3559672642,2024-11-07 04:14:56.583457,2024-11-07,mobile,United States,(direct),(none),(direct),Direct,36.31,36.31,2.0,2,2,['Accessories' 'Apparel'],1,True,,18.16,4,Thursday,1704
T0002682,6225869.7173624029.1730978806,6225869.7173624029,2024-11-07 11:31:04.276451,2024-11-07,desktop,Singapore,google,cpc,shopping_feed,Paid,36.29,36.29,2.0,2,2,['Apparel' 'Headgear'],1,True,,18.15,11,Thursday,1705
T0001060,1723227.1466440908.1727936143,1723227.1466440908,2024-10-03 06:22:40.295831,2024-10-03,mobile,United States,google,organic,(organic),Organic Search,36.25,36.25,2.0,2,2,['Apparel' 'Office'],1,True,,18.13,6,Thursday,1706
T0000818,2905913.8341098196.1727417963,2905913.8341098196,2024-09-27 06:25:46.856619,2024-09-27,desktop,United Kingdom,(direct),(none),(direct),Direct,36.24,36.24,2.0,2,2,['Accessories' 'Drinkware'],1,True,,18.12,6,Friday,1707
T0002863,9546038.4759455999.1731276023,9546038.4759455999,2024-11-10 22:00:34.151476,2024-11-10,desktop,Germany,google,organic,(organic),Organic Search,36.16,36.16,2.0,2,2,['Accessories' 'Stationery'],1,True,,18.08,22,Sunday,1708
T0000867,7344717.5755692925.1727508721,7344717.5755692925,2024-09-28 07:27:34.978455,2024-09-28,mobile,United States,google,cpc,brand_search,Paid,36.05,36.05,3.0,2,2,['Accessories' 'Stationery'],1,True,,12.02,7,Saturday,1709
T0004150,2563933.9051154301.1732829256,2563933.9051154301,2024-11-28 21:32:01.619638,2024-11-28,desktop,United Kingdom,(direct),(none),(direct),Direct,36.0,36.0,2.0,2,2,['Apparel' 'Stationery'],1,True,,18.0,21,Thursday,1710
T0003391,6573125.9417886517.1732246157,6573125.9417886517,2024-11-22 03:29:03.897111,2024-11-22,mobile,United States,google,cpc,shopping_feed,Paid,36.0,36.0,2.0,2,2,['Apparel' 'Stationery'],1,True,,18.0,3,Friday,1710
T0000385,7493854.1771728888.1726436870,7493854.1771728888,2024-09-15 22:02:22.989170,2024-09-15,mobile,India,(direct),(none),(direct),Direct,36.0,36.0,2.0,2,2,['Apparel' 'Stationery'],1,True,,18.0,22,Sunday,1710
T0001290,8735971.1256678089.1728445494,8735971.1256678089,2024-10-09 03:47:59.268825,2024-10-09,mobile,United States,google,organic,(organic),Organic Search,35.89,35.89,2.0,2,2,['Apparel' 'Headgear'],1,True,,17.95,3,Wednesday,1711
T0001879,8207167.1679373949.1729612278,8207167.1679373949,2024-10-22 16:02:58.317257,2024-10-22,desktop,United States,google,organic,(organic),Organic Search,35.37,35.37,1.0,1,1,['Lifestyle'],1,True,,35.37,16,Tuesday,1712
T0000814,3675102.3927213872.1727408091,3675102.3927213872,2024-09-27 03:34:07.692870,2024-09-27,mobile,India,newsletter,email,weekly_drop,Email,35.37,35.37,1.0,1,1,['Lifestyle'],1,True,,35.37,3,Friday,1712
T0001119,7147254.5955127092.1728077727,7147254.5955127092,2024-10-04 21:35:35.206949,2024-10-04,desktop,United States,newsletter,email,weekly_drop,Email,35.37,35.37,1.0,1,1,['Lifestyle'],1,True,,35.37,21,Friday,1712
T0001037,3093346.1965399189.1727867479,3093346.1965399189,2024-10-02 11:19:41.787249,2024-10-02,desktop,United States,google,organic,(organic),Organic Search,35.37,35.37,1.0,1,1,['Lifestyle'],1,True,,35.37,11,Wednesday,1712
T0004391,5342627.5793269710.1732965636,5342627.5793269710,2024-11-30 11:25:14.949957,2024-11-30,desktop,France,(direct),(none),(direct),Direct,35.37,35.37,1.0,1,1,['Lifestyle'],3,False,6,35.37,11,Saturday,1712
T0003101,8640845.5607308833.1731738182,8640845.5607308833,2024-11-16 06:26:37.789605,2024-11-16,mobile,United States,google,cpc,shopping_feed,Paid,35.3,35.3,2.0,2,2,['Apparel' 'Headgear'],1,True,,17.65,6,Saturday,1713
T0001861,3006130.1604308132.1729595422,3006130.1604308132,2024-10-22 11:12:16.676397,2024-10-22,mobile,United States,google,organic,(organic),Organic Search,35.3,35.3,2.0,2,2,['Apparel' 'Headgear'],1,True,,17.65,11,Tuesday,1713
T0001059,7437681.1534244612.1727932995,7437681.1534244612,2024-10-03 05:32:28.752186,2024-10-03,mobile,Brazil,(direct),(none),(direct),Direct,35.1,35.1,1.0,1,1,['Accessories'],1,True,,35.1,5,Thursday,1714
T0001804,3017727.2982489138.1729463844,3017727.2982489138,2024-10-20 22:38:13.365240,2024-10-20,mobile,Germany,newsletter,email,weekly_drop,Email,35.1,35.1,1.0,1,1,['Accessories'],1,True,,35.1,22,Sunday,1714
T0003820,3681054.6973557063.1732661329,3681054.6973557063,2024-11-26 22:53:50.070826,2024-11-26,mobile,India,newsletter,email,weekly_drop,Email,35.1,35.1,1.0,1,1,['Accessories'],1,True,,35.1,22,Tuesday,1714
T0003482,1151469.6809071088.1732390227,1151469.6809071088,2024-11-23 19:45:32.502031,2024-11-23,mobile,Japan,newsletter,email,weekly_drop,Email,35.1,35.1,1.0,1,1,['Accessories'],1,True,,35.1,19,Saturday,1714
T0002608,2375168.5734853722.1730842275,2375168.5734853722,2024-11-05 21:29:57.390409,2024-11-05,mobile,United States,google,cpc,brand_search,Paid,35.1,35.1,1.0,1,1,['Accessories'],1,True,,35.1,21,Tuesday,1714
T0001715,8774385.7555286066.1729278469,8774385.7555286066,2024-10-18 19:11:52.647610,2024-10-18,mobile,United States,google,organic,(organic),Organic Search,35.1,35.1,1.0,1,1,['Accessories'],1,True,,35.1,19,Friday,1714
T0002295,5778982.3757378058.1730329471,5778982.3757378058,2024-10-30 23:05:45.787686,2024-10-30,desktop,United States,google,cpc,brand_search,Paid,35.1,35.1,1.0,1,1,['Accessories'],1,True,,35.1,23,Wednesday,1714
T0004389,7963134.2245733661.1732965022,7963134.2245733661,2024-11-30 11:10:24.432747,2024-11-30,desktop,Japan,(direct),(none),(direct),Direct,35.1,35.1,1.0,1,1,['Accessories'],2,False,27,35.1,11,Saturday,1714
T0000351,5727717.9741486257.1726354760,5727717.9741486257,2024-09-14 23:07:59.726452,2024-09-14,desktop,Japan,(direct),(none),(direct),Direct,35.1,35.1,1.0,1,1,['Accessories'],1,True,,35.1,23,Saturday,1714
T0003849,2477600.5688691398.1732679931,2477600.5688691398,2024-11-27 04:14:52.110605,2024-11-27,desktop,United States,google,organic,(organic),Organic Search,35.1,35.1,1.0,1,1,['Accessories'],1,True,,35.1,4,Wednesday,1714
T0003245,6042175.5439500429.1731999971,6042175.5439500429,2024-11-19 07:03:42.124872,2024-11-19,desktop,Germany,google,cpc,shopping_feed,Paid,35.1,35.1,1.0,1,1,['Accessories'],1,True,,35.1,7,Tuesday,1714
T0001351,2183404.6864258688.1728574076,2183404.6864258688,2024-10-10 15:31:35.381876,2024-10-10,desktop,Germany,(direct),(none),(direct),Direct,35.1,35.1,1.0,1,1,['Accessories'],2,False,6,35.1,15,Thursday,1714
T0000871,7121369.4964211631.1727514795,7121369.4964211631,2024-09-28 09:10:06.240463,2024-09-28,desktop,United States,(direct),(none),(direct),Direct,35.1,35.1,2.0,1,1,['Stationery'],1,True,,17.55,9,Saturday,1714
T0000224,5294413.2190799741.1726036184,5294413.2190799741,2024-09-11 06:29:58.335219,2024-09-11,desktop,United States,google,organic,(organic),Organic Search,35.1,35.1,1.0,1,1,['Accessories'],1,True,,35.1,6,Wednesday,1714
T0003574,3116475.2479404000.1732523419,3116475.2479404000,2024-11-25 08:27:07.338010,2024-11-25,mobile,Germany,google,organic,(organic),Organic Search,35.1,35.1,1.0,1,1,['Accessories'],1,True,,35.1,8,Monday,1714
T0000066,5122916.4352415936.1725491004,5122916.4352415936,2024-09-04 23:08:32.953451,2024-09-04,desktop,United States,google,cpc,shopping_feed,Paid,35.1,35.1,1.0,1,1,['Accessories'],1,True,,35.1,23,Wednesday,1714
T0003020,6518435.8207926720.1731574996,6518435.8207926720,2024-11-14 08:51:16.295625,2024-11-14,mobile,United States,(direct),(none),(direct),Direct,35.1,35.1,1.0,1,1,['Accessories'],1,True,,35.1,8,Thursday,1714
T0001159,4582675.7212568070.1728169459,4582675.7212568070,2024-10-05 23:06:00.303908,2024-10-05,desktop,United Kingdom,google,organic,(organic),Organic Search,35.1,35.1,1.0,1,1,['Accessories'],1,True,,35.1,23,Saturday,1714
T0004160,5198855.7275949196.1732831068,5198855.7275949196,2024-11-28 22:11:29.713186,2024-11-28,mobile,United States,(direct),(none),(direct),Direct,35.1,35.1,1.0,1,1,['Accessories'],1,True,,35.1,22,Thursday,1714
T0000355,5400972.4286444374.1726369889,5400972.4286444374,2024-09-15 03:20:12.270313,2024-09-15,desktop,Canada,google,cpc,shopping_feed,Paid,35.1,35.1,1.0,1,1,['Accessories'],1,True,,35.1,3,Sunday,1714
T0001362,5516123.5152229511.1728601567,5516123.5152229511,2024-10-10 23:20:43.073629,2024-10-10,desktop,Japan,google,cpc,brand_search,Paid,35.1,35.1,1.0,1,1,['Accessories'],1,True,,35.1,23,Thursday,1714
T0003455,1294819.3383409770.1732334088,1294819.3383409770,2024-11-23 03:53:00.910077,2024-11-23,mobile,United Kingdom,newsletter,email,weekly_drop,Email,35.1,35.1,1.0,1,1,['Accessories'],1,True,,35.1,3,Saturday,1714
T0003106,6577076.9016189609.1731749702,6577076.9016189609,2024-11-16 09:39:26.994913,2024-11-16,mobile,United States,google,cpc,shopping_feed,Paid,35.1,35.1,1.0,1,1,['Accessories'],2,False,1,35.1,9,Saturday,1714
T0001710,4850590.6416400497.1729272159,4850590.6416400497,2024-10-18 17:27:16.295319,2024-10-18,mobile,Canada,(direct),(none),(direct),Direct,35.1,35.1,1.0,1,1,['Accessories'],1,True,,35.1,17,Friday,1714
T0002505,2959826.9639003488.1730665946,2959826.9639003488,2024-11-03 20:33:53.176637,2024-11-03,desktop,Brazil,(direct),(none),(direct),Direct,35.1,35.1,1.0,1,1,['Accessories'],1,True,,35.1,20,Sunday,1714
T0003323,7799930.2620901946.1732125251,7799930.2620901946,2024-11-20 17:51:48.319239,2024-11-20,mobile,United Kingdom,(direct),(none),(direct),Direct,35.1,35.1,1.0,1,1,['Accessories'],1,True,,35.1,17,Wednesday,1714
T0001637,9407731.9062748019.1729141602,9407731.9062748019,2024-10-17 05:12:11.752321,2024-10-17,mobile,United States,google,organic,(organic),Organic Search,35.1,35.1,1.0,1,1,['Accessories'],1,True,,35.1,5,Thursday,1714
T0002801,2617815.7405684658.1731173927,2617815.7405684658,2024-11-09 17:37:35.539580,2024-11-09,mobile,United States,google,cpc,brand_search,Paid,35.1,35.1,1.0,1,1,['Accessories'],1,True,,35.1,17,Saturday,1714
T0003349,2638225.2205727014.1732181380,2638225.2205727014,2024-11-21 09:37:39.128862,2024-11-21,desktop,Canada,google,organic,(organic),Organic Search,35.08,35.08,2.0,2,2,['Apparel' 'Stationery'],1,True,,17.54,9,Thursday,1715
T0001946,7554443.2293171224.1729707715,7554443.2293171224,2024-10-23 18:23:12.969379,2024-10-23,mobile,United States,facebook,paid_social,prospecting_broad,Paid,35.02,35.02,2.0,2,2,['Bags' 'Office'],1,True,,17.51,18,Wednesday,1716
T0004192,1243031.4626981705.1732850525,1243031.4626981705,2024-11-29 03:28:14.512044,2024-11-29,tablet,United Kingdom,(direct),(none),(direct),Direct,34.94,34.94,2.0,2,2,['Apparel' 'Drinkware'],1,True,,17.47,3,Friday,1717
T0004133,1105657.3319719815.1732824478,1105657.3319719815,2024-11-28 20:10:42.777961,2024-11-28,desktop,India,youtube.com,referral,(referral),Referral,34.94,34.94,2.0,2,2,['Apparel' 'Drinkware'],1,True,,17.47,20,Thursday,1717
T0001976,4639364.4702137747.1729782507,4639364.4702137747,2024-10-24 15:11:13.656694,2024-10-24,desktop,United States,google,cpc,brand_search,Paid,34.88,34.88,2.0,1,1,['Office'],1,True,,17.44,15,Thursday,1718
T0001854,2993068.3596630841.1729582345,2993068.3596630841,2024-10-22 07:38:14.918196,2024-10-22,mobile,United States,google,cpc,brand_search,Paid,34.88,34.88,2.0,1,1,['Office'],1,True,,17.44,7,Tuesday,1718
T0001247,1657772.2446719500.1728364329,1657772.2446719500,2024-10-08 05:17:20.236975,2024-10-08,desktop,India,google,cpc,brand_search,Paid,34.87,34.87,3.0,3,2,['Office' 'Stationery'],1,True,,11.62,5,Tuesday,1719
T0001140,1400098.6148104593.1728140730,1400098.6148104593,2024-10-05 15:15:08.476753,2024-10-05,desktop,United States,newsletter,email,weekly_drop,Email,34.57,34.57,2.0,2,2,['Accessories' 'Office'],1,True,,17.29,15,Saturday,1720
T0004272,4325025.5987506313.1732895214,4325025.5987506313,2024-11-29 15:39:58.994308,2024-11-29,desktop,United States,google,organic,(organic),Organic Search,34.43,34.43,2.0,2,2,['Accessories' 'Office'],1,True,,17.22,15,Friday,1721
T0003767,6911841.8278127724.1732638115,6911841.8278127724,2024-11-26 16:33:23.880465,2024-11-26,mobile,Australia,google,organic,(organic),Organic Search,34.21,34.21,2.0,2,2,['Apparel' 'Stationery'],1,True,,17.11,16,Tuesday,1722
T0001712,9292463.1188314435.1729275189,9292463.1188314435,2024-10-18 18:07:39.161078,2024-10-18,mobile,United States,google,organic,(organic),Organic Search,34.21,34.21,2.0,2,2,['Apparel' 'Stationery'],1,True,,17.11,18,Friday,1722
T0001596,9693934.5745381135.1729084348,9693934.5745381135,2024-10-16 13:08:32.859322,2024-10-16,tablet,Japan,(direct),(none),(direct),Direct,34.21,34.21,2.0,2,2,['Apparel' 'Stationery'],1,True,,17.11,13,Wednesday,1722
T0000492,3748103.3880715022.1726698034,3748103.3880715022,2024-09-18 22:20:23.163778,2024-09-18,desktop,Germany,(direct),(none),(direct),Direct,34.21,34.21,2.0,2,2,['Apparel' 'Stationery'],1,True,,17.11,22,Wednesday,1722
T0001695,9389645.8297786361.1729259180,9389645.8297786361,2024-10-18 13:40:00.377542,2024-10-18,mobile,United States,newsletter,email,weekly_drop,Email,34.21,34.21,2.0,2,2,['Apparel' 'Stationery'],1,True,,17.11,13,Friday,1722
T0002984,8800686.2853062581.1731510119,8800686.2853062581,2024-11-13 15:11:20.464212,2024-11-13,desktop,Mexico,(direct),(none),(direct),Direct,34.21,34.21,2.0,2,2,['Apparel' 'Stationery'],1,True,,17.11,15,Wednesday,1722
T0002820,5767146.2820625198.1731215473,5767146.2820625198,2024-11-10 05:25:37.563292,2024-11-10,mobile,United States,newsletter,email,weekly_drop,Email,34.21,34.21,2.0,2,2,['Apparel' 'Stationery'],1,True,,17.11,5,Sunday,1722
T0000121,7967762.6950318825.1725717752,7967762.6950318825,2024-09-07 14:19:56.008986,2024-09-07,tablet,United States,(direct),(none),(direct),Direct,34.21,34.21,2.0,2,2,['Apparel' 'Stationery'],1,True,,17.11,14,Saturday,1722
T0002732,4999928.7026791560.1731075957,4999928.7026791560,2024-11-08 14:27:40.881200,2024-11-08,mobile,Australia,google,cpc,brand_search,Paid,34.21,34.21,2.0,2,2,['Apparel' 'Stationery'],1,True,,17.11,14,Friday,1722
T0004484,5465846.1280770948.1733006819,5465846.1280770948,2024-11-30 22:51:17.467235,2024-11-30,desktop,United States,google,cpc,shopping_feed,Paid,34.21,34.21,2.0,2,2,['Apparel' 'Stationery'],1,True,,17.11,22,Saturday,1722
T0000608,7893550.3765887280.1726946994,7893550.3765887280,2024-09-21 19:32:37.890463,2024-09-21,desktop,United States,(direct),(none),(direct),Direct,34.21,34.21,2.0,2,2,['Apparel' 'Stationery'],1,True,,17.11,19,Saturday,1722
T0004162,5392512.1237160952.1732832562,5392512.1237160952,2024-11-28 22:18:59.794627,2024-11-28,mobile,United Kingdom,google,cpc,shopping_feed,Paid,34.15,34.15,2.0,2,2,['Headgear' 'Lifestyle'],1,True,,17.08,22,Thursday,1723
T0003844,3869800.6890340080.1732674201,3869800.6890340080,2024-11-27 02:37:14.378187,2024-11-27,mobile,United States,google,cpc,shopping_feed,Paid,34.06,34.06,2.0,2,1,['Accessories'],1,True,,17.03,2,Wednesday,1724
T0002867,7509970.6353202172.1731283597,7509970.6353202172,2024-11-11 00:01:39.942371,2024-11-11,desktop,Canada,google,cpc,brand_search,Paid,33.99,33.99,2.0,2,2,['Office' 'Stationery'],1,True,,17.0,0,Monday,1725
T0001706,1897503.1431923473.1729268272,1897503.1431923473,2024-10-18 16:31:03.408789,2024-10-18,desktop,Germany,(direct),(none),(direct),Direct,33.55,33.55,1.0,1,1,['Headgear'],1,True,,33.55,16,Friday,1726
T0001967,1066439.1991380748.1729741750,1066439.1991380748,2024-10-24 04:09:01.827722,2024-10-24,desktop,France,google,organic,(organic),Organic Search,33.51,33.51,2.0,2,2,['Accessories' 'Office'],1,True,,16.76,4,Thursday,1727
T0001570,1752168.8334451239.1729022288,1752168.8334451239,2024-10-15 20:10:48.488851,2024-10-15,desktop,United States,facebook,paid_social,prospecting_broad,Paid,33.5,33.5,1.0,1,1,['Accessories'],1,True,,33.5,20,Tuesday,1728
T0000293,4176964.4582485013.1726221508,4176964.4582485013,2024-09-13 10:07:35.282979,2024-09-13,mobile,United States,google,organic,(organic),Organic Search,33.39,33.39,1.0,1,1,['Accessories'],1,True,,33.39,10,Friday,1729
T0003456,4559005.8559150626.1732345365,4559005.8559150626,2024-11-23 07:08:40.562422,2024-11-23,desktop,United States,google,cpc,shopping_feed,Paid,33.39,33.39,1.0,1,1,['Accessories'],1,True,,33.39,7,Saturday,1729
T0003009,2996184.7554869600.1731538585,2996184.7554869600,2024-11-13 23:04:28.669116,2024-11-13,mobile,Germany,partners,affiliate,coupon_partners,Affiliate,33.39,33.39,1.0,1,1,['Accessories'],1,True,,33.39,23,Wednesday,1729
T0001166,3629805.2572928012.1728184329,3629805.2572928012,2024-10-06 03:12:17.266234,2024-10-06,desktop,Japan,facebook,paid_social,prospecting_broad,Paid,33.39,33.39,1.0,1,1,['Accessories'],1,True,,33.39,3,Sunday,1729
T0002796,4646304.1373856380.1731169959,4646304.1373856380,2024-11-09 16:29:22.072205,2024-11-09,mobile,Canada,(direct),(none),(direct),Direct,33.39,33.39,1.0,1,1,['Accessories'],1,True,,33.39,16,Saturday,1729
T0002600,6783205.9110373412.1730835459,6783205.9110373412,2024-11-05 19:44:59.340241,2024-11-05,mobile,United States,(direct),(none),(direct),Direct,33.2,33.2,2.0,2,2,['Drinkware' 'Stationery'],1,True,,16.6,19,Tuesday,1730
T0004429,3860630.2848471611.1732980074,3860630.2848471611,2024-11-30 15:36:27.697765,2024-11-30,desktop,United States,google,organic,(organic),Organic Search,33.08,33.08,2.0,1,1,['Accessories'],1,True,,16.54,15,Saturday,1731
T0002677,2503914.9699263498.1730964665,2503914.9699263498,2024-11-07 07:32:01.706410,2024-11-07,desktop,Canada,google,organic,(organic),Organic Search,33.08,33.08,2.0,1,1,['Accessories'],1,True,,16.54,7,Thursday,1731
T0003053,3342514.4479596998.1731661359,3342514.4479596998,2024-11-15 09:07:05.142814,2024-11-15,mobile,Mexico,google,cpc,brand_search,Paid,33.08,33.08,2.0,1,1,['Accessories'],1,True,,16.54,9,Friday,1731
T0001008,4526039.6225412294.1727798256,4526039.6225412294,2024-10-01 15:53:22.178364,2024-10-01,mobile,United States,(direct),(none),(direct),Direct,33.08,33.08,2.0,1,1,['Accessories'],1,True,,16.54,15,Tuesday,1731
T0000532,5367383.2710037120.1726781608,5367383.2710037120,2024-09-19 21:33:06.926080,2024-09-19,desktop,United States,(direct),(none),(direct),Direct,33.08,33.08,2.0,1,1,['Accessories'],1,True,,16.54,21,Thursday,1731
T0002423,4789025.2588000386.1730543737,4789025.2588000386,2024-11-02 10:36:48.750159,2024-11-02,desktop,United States,google,organic,(organic),Organic Search,33.08,33.08,2.0,1,1,['Accessories'],1,True,,16.54,10,Saturday,1731
T0002362,2968043.1187538981.1730452927,2968043.1187538981,2024-11-01 09:36:18.088225,2024-11-01,desktop,Germany,google,organic,(organic),Organic Search,33.08,33.08,2.0,1,1,['Accessories'],1,True,,16.54,9,Friday,1731
T0000120,6590466.6394605556.1725718326,6590466.6394605556,2024-09-07 14:12:26.442411,2024-09-07,mobile,Japan,google,cpc,brand_search,Paid,33.06,33.06,2.0,2,2,['Lifestyle' 'Stationery'],1,True,,16.53,14,Saturday,1732
T0003691,6091209.5818114661.1732593361,6091209.5818114661,2024-11-26 03:47:29.310274,2024-11-26,mobile,India,(direct),(none),(direct),Direct,33.06,33.06,2.0,2,2,['Lifestyle' 'Stationery'],1,True,,16.53,3,Tuesday,1732
T0000245,8772020.6982260568.1726080911,8772020.6982260568,2024-09-11 18:50:01.586837,2024-09-11,desktop,Mexico,(direct),(none),(direct),Direct,33.06,33.06,2.0,2,2,['Lifestyle' 'Stationery'],1,True,,16.53,18,Wednesday,1732
T0001995,4910754.2697509161.1729804994,4910754.2697509161,2024-10-24 21:22:31.105034,2024-10-24,desktop,United States,(direct),(none),(direct),Direct,33.06,33.06,2.0,2,2,['Lifestyle' 'Stationery'],1,True,,16.53,21,Thursday,1732
T0002783,5221423.9433442569.1731156572,5221423.9433442569,2024-11-09 13:13:11.095726,2024-11-09,mobile,Brazil,google,cpc,brand_search,Paid,33.02,33.02,2.0,2,2,['Apparel' 'Stationery'],1,True,,16.51,13,Saturday,1733
T0001202,2635184.9308682025.1728256836,2635184.9308682025,2024-10-06 23:19:56.919063,2024-10-06,desktop,United Kingdom,google,cpc,shopping_feed,Paid,32.96,32.96,2.0,1,1,['Office'],1,True,,16.48,23,Sunday,1734
T0003136,6832140.3868266610.1731796489,6832140.3868266610,2024-11-16 22:39:28.212553,2024-11-16,desktop,United States,partners,affiliate,coupon_partners,Affiliate,32.91,32.91,2.0,2,2,['Drinkware' 'Stationery'],1,True,,16.45,22,Saturday,1735
T0000315,9170293.6911153997.1726266438,9170293.6911153997,2024-09-13 22:34:01.477480,2024-09-13,mobile,United Kingdom,youtube.com,referral,(referral),Referral,32.9,32.9,3.0,3,3,['Accessories' 'Drinkware' 'Office'],1,True,,10.97,22,Friday,1736
T0002378,4635209.6403744039.1730476667,4635209.6403744039,2024-11-01 16:14:53.291584,2024-11-01,desktop,Singapore,google,organic,(organic),Organic Search,32.83,32.83,3.0,2,1,['Stationery'],1,True,,10.94,16,Friday,1737
T0001416,9557550.3478161720.1728717421,9557550.3478161720,2024-10-12 07:16:53.064351,2024-10-12,desktop,United States,newsletter,email,weekly_drop,Email,32.61,32.61,2.0,2,2,['Apparel' 'Stationery'],1,True,,16.31,7,Saturday,1738
T0000228,8966588.8072516054.1726050695,8966588.8072516054,2024-09-11 10:39:52.817392,2024-09-11,desktop,United States,google,organic,(organic),Organic Search,32.58,32.58,2.0,2,2,['Accessories' 'Drinkware'],1,True,,16.29,10,Wednesday,1739
T0002519,9914107.5522007843.1730697615,9914107.5522007843,2024-11-04 05:18:36.197987,2024-11-04,desktop,United Kingdom,(direct),(none),(direct),Direct,32.58,32.58,2.0,2,2,['Accessories' 'Drinkware'],2,False,8,16.29,5,Monday,1739
T0000512,2637419.7594638222.1726751340,2637419.7594638222,2024-09-19 13:26:39.169056,2024-09-19,desktop,Singapore,google,cpc,shopping_feed,Paid,32.53,32.53,3.0,2,2,['Accessories' 'Stationery'],1,True,,10.84,13,Thursday,1740
T0000123,2076905.3591417597.1725719549,2076905.3591417597,2024-09-07 14:32:06.405366,2024-09-07,desktop,Canada,google,organic,(organic),Organic Search,32.5,32.5,1.0,1,1,['Lifestyle'],1,True,,32.5,14,Saturday,1741
T0002692,1522059.1922939234.1730991292,1522059.1922939234,2024-11-07 14:57:04.852827,2024-11-07,mobile,Germany,google,organic,(organic),Organic Search,32.5,32.5,1.0,1,1,['Lifestyle'],1,True,,32.5,14,Thursday,1741
T0003426,9539162.1892842292.1732291368,9539162.1892842292,2024-11-22 16:19:25.113029,2024-11-22,mobile,Netherlands,google,organic,(organic),Organic Search,32.5,32.5,1.0,1,1,['Lifestyle'],1,True,,32.5,16,Friday,1741
T0001571,1328732.7498231227.1729023493,1328732.7498231227,2024-10-15 20:21:08.588426,2024-10-15,desktop,Australia,facebook,paid_social,prospecting_broad,Paid,32.5,32.5,1.0,1,1,['Lifestyle'],1,True,,32.5,20,Tuesday,1741
T0000647,8415747.4476174202.1727042031,8415747.4476174202,2024-09-22 21:48:53.497049,2024-09-22,desktop,United States,google,organic,(organic),Organic Search,32.5,32.5,1.0,1,1,['Lifestyle'],2,False,1,32.5,21,Sunday,1741
T0002742,1941980.5275306382.1731085298,1941980.5275306382,2024-11-08 17:04:36.627660,2024-11-08,desktop,Canada,google,organic,(organic),Organic Search,32.5,32.5,1.0,1,1,['Lifestyle'],1,True,,32.5,17,Friday,1741
T0000803,1229468.7210698928.1727376102,1229468.7210698928,2024-09-26 18:49:16.221662,2024-09-26,tablet,United States,(direct),(none),(direct),Direct,32.5,32.5,1.0,1,1,['Lifestyle'],1,True,,32.5,18,Thursday,1741
T0002727,7461459.5589925006.1731062736,7461459.5589925006,2024-11-08 10:51:01.735120,2024-11-08,desktop,United States,google,cpc,brand_search,Paid,32.5,32.5,1.0,1,1,['Lifestyle'],2,False,10,32.5,10,Friday,1741
T0001028,7796818.4076472600.1727842095,7796818.4076472600,2024-10-02 04:15:10.423148,2024-10-02,desktop,Mexico,google,cpc,shopping_feed,Paid,32.5,32.5,1.0,1,1,['Lifestyle'],1,True,,32.5,4,Wednesday,1741
T0001826,7784797.7648230578.1729528139,7784797.7648230578,2024-10-21 16:50:42.676264,2024-10-21,desktop,Singapore,newsletter,email,weekly_drop,Email,32.5,32.5,1.0,1,1,['Lifestyle'],1,True,,32.5,16,Monday,1741
T0000107,9258121.7817592632.1725655423,9258121.7817592632,2024-09-06 20:50:47.027051,2024-09-06,tablet,Canada,google,cpc,brand_search,Paid,32.17,32.17,2.0,2,2,['Apparel' 'Drinkware'],1,True,,16.09,20,Friday,1742
T0003535,9340091.9706929340.1732482123,9340091.9706929340,2024-11-24 21:03:50.863249,2024-11-24,desktop,United States,youtube.com,referral,(referral),Referral,32.13,32.13,2.0,2,2,['Headgear' 'Lifestyle'],1,True,,16.07,21,Sunday,1743
T0002753,4422982.3688302005.1731094838,4422982.3688302005,2024-11-08 19:34:58.115097,2024-11-08,desktop,Canada,newsletter,email,weekly_drop,Email,32.11,32.11,1.0,1,1,['Headgear'],1,True,,32.11,19,Friday,1744
T0003815,2665743.3450913822.1732660137,2665743.3450913822,2024-11-26 22:38:53.333581,2024-11-26,mobile,United States,google,organic,(organic),Organic Search,32.08,32.08,2.0,2,2,['Lifestyle' 'Office'],1,True,,16.04,22,Tuesday,1745
T0001216,9275601.4155977326.1728306204,9275601.4155977326,2024-10-07 13:12:04.672577,2024-10-07,desktop,United States,google,cpc,brand_search,Paid,32.07,32.07,2.0,2,2,['Accessories' 'Apparel'],3,False,12,16.04,13,Monday,1746
T0001990,6500954.1365298253.1729797411,6500954.1365298253,2024-10-24 19:25:13.064459,2024-10-24,desktop,India,facebook,paid_social,prospecting_broad,Paid,32.04,32.04,2.0,2,2,['Accessories' 'Stationery'],1,True,,16.02,19,Thursday,1747
T0002165,4295980.7851205897.1730094415,4295980.7851205897,2024-10-28 05:38:10.080114,2024-10-28,desktop,United States,google,organic,(organic),Organic Search,31.99,31.99,2.0,2,1,['Stationery'],1,True,,16.0,5,Monday,1748
T0002752,3522660.5990023564.1731092198,3522660.5990023564,2024-11-08 18:50:23.517454,2024-11-08,desktop,India,google,organic,(organic),Organic Search,31.98,31.98,2.0,2,2,['Drinkware' 'Stationery'],1,True,,15.99,18,Friday,1749
T0004092,4623467.9901947605.1732811132,4623467.9901947605,2024-11-28 16:25:29.940103,2024-11-28,desktop,United States,(direct),(none),(direct),Direct,31.98,31.98,2.0,2,2,['Headgear' 'Stationery'],2,False,24,15.99,16,Thursday,1749
T0002112,7455869.4932687982.1730007716,7455869.4932687982,2024-10-27 05:41:27.576300,2024-10-27,mobile,United States,(direct),(none),(direct),Direct,31.9,31.9,2.0,2,2,['Apparel' 'Office'],1,True,,15.95,5,Sunday,1750
T0003495,6035079.5779112910.1732414793,6035079.5779112910,2024-11-24 02:24:08.818543,2024-11-24,desktop,United States,google,organic,(organic),Organic Search,31.87,31.87,2.0,2,2,['Apparel' 'Office'],1,True,,15.94,2,Sunday,1751
T0002949,3992264.2660257427.1731443100,3992264.2660257427,2024-11-12 20:23:45.647394,2024-11-12,desktop,United Kingdom,google,organic,(organic),Organic Search,31.71,31.71,2.0,2,2,['Accessories' 'Drinkware'],1,True,,15.86,20,Tuesday,1752
T0002699,1544111.3321887045.1731004822,1544111.3321887045,2024-11-07 18:44:43.374984,2024-11-07,desktop,United States,(direct),(none),(direct),Direct,31.7,31.7,1.0,1,1,['Bags'],1,True,,31.7,18,Thursday,1753
T0002862,9400296.3557689070.1731275034,9400296.3557689070,2024-11-10 21:57:07.678677,2024-11-10,desktop,United States,google,organic,(organic),Organic Search,31.7,31.7,1.0,1,1,['Bags'],1,True,,31.7,21,Sunday,1753
T0003450,3411685.9110335892.1732322060,3411685.9110335892,2024-11-23 00:36:28.284077,2024-11-23,desktop,United States,google,organic,(organic),Organic Search,31.66,31.66,3.0,2,2,['Accessories' 'Office'],1,True,,10.55,0,Saturday,1754
T0000390,8352615.7288332023.1726439445,8352615.7288332023,2024-09-15 22:31:55.200876,2024-09-15,desktop,Singapore,(direct),(none),(direct),Direct,31.59,31.59,1.0,1,1,['Office'],1,True,,31.59,22,Sunday,1755
T0000051,7399966.6419377617.1725437460,7399966.6419377617,2024-09-04 08:04:39.639849,2024-09-04,desktop,United Kingdom,(direct),(none),(direct),Direct,31.59,31.59,1.0,1,1,['Office'],1,True,,31.59,8,Wednesday,1755
T0001273,8240786.5505873661.1728413084,8240786.5505873661,2024-10-08 18:46:55.319337,2024-10-08,desktop,Canada,google,organic,(organic),Organic Search,31.59,31.59,1.0,1,1,['Office'],2,False,33,31.59,18,Tuesday,1755
T0001690,6713281.4298709185.1729244142,6713281.4298709185,2024-10-18 09:45:00.075506,2024-10-18,mobile,India,(direct),(none),(direct),Direct,31.59,31.59,1.0,1,1,['Office'],1,True,,31.59,9,Friday,1755
T0003719,8571642.4440873506.1732620130,8571642.4440873506,2024-11-26 11:18:53.635967,2024-11-26,desktop,United States,google,organic,(organic),Organic Search,31.59,31.59,1.0,1,1,['Office'],1,True,,31.59,11,Tuesday,1755
T0002512,4372382.8033066379.1730675154,4372382.8033066379,2024-11-03 23:13:07.388457,2024-11-03,desktop,Singapore,google,cpc,brand_search,Paid,31.59,31.59,1.0,1,1,['Office'],1,True,,31.59,23,Sunday,1755
T0003442,6550195.2133422684.1732312702,6550195.2133422684,2024-11-22 21:52:08.787991,2024-11-22,desktop,United Kingdom,(direct),(none),(direct),Direct,31.59,31.59,1.0,1,1,['Office'],1,True,,31.59,21,Friday,1755
T0004414,1572347.5121510882.1732975024,1572347.5121510882,2024-11-30 13:49:17.399443,2024-11-30,tablet,United States,(direct),(none),(direct),Direct,31.59,31.59,1.0,1,1,['Office'],1,True,,31.59,13,Saturday,1755
T0000313,3025697.4615106886.1726252987,3025697.4615106886,2024-09-13 18:47:20.059196,2024-09-13,mobile,Mexico,google,organic,(organic),Organic Search,31.59,31.59,1.0,1,1,['Office'],2,False,10,31.59,18,Friday,1755
T0003635,5048469.4919773515.1732561723,5048469.4919773515,2024-11-25 19:09:14.507025,2024-11-25,desktop,India,google,cpc,brand_search,Paid,31.59,31.59,1.0,1,1,['Office'],1,True,,31.59,19,Monday,1755
T0003470,2113416.1336393386.1732375496,2113416.1336393386,2024-11-23 15:45:01.951769,2024-11-23,desktop,United States,google,organic,(organic),Organic Search,31.59,31.59,1.0,1,1,['Office'],1,True,,31.59,15,Saturday,1755
T0001765,6306492.3962085154.1729373877,6306492.3962085154,2024-10-19 21:27:38.942880,2024-10-19,mobile,United States,(direct),(none),(direct),Direct,31.59,31.59,1.0,1,1,['Office'],1,True,,31.59,21,Saturday,1755
T0003685,1415266.9532057389.1732585460,1415266.9532057389,2024-11-26 01:53:18.695796,2024-11-26,tablet,United States,google,organic,(organic),Organic Search,31.59,31.59,1.0,1,1,['Office'],1,True,,31.59,1,Tuesday,1755
T0001330,5955598.2445313545.1728528046,5955598.2445313545,2024-10-10 02:51:46.373110,2024-10-10,mobile,United States,google,organic,(organic),Organic Search,31.59,31.59,1.0,1,1,['Office'],1,True,,31.59,2,Thursday,1755
T0001608,8967209.7352715638.1729096278,8967209.7352715638,2024-10-16 16:27:09.954139,2024-10-16,desktop,United States,facebook,paid_social,prospecting_broad,Paid,31.59,31.59,1.0,1,1,['Office'],1,True,,31.59,16,Wednesday,1755
T0003567,2180019.4998171096.1732515137,2180019.4998171096,2024-11-25 06:28:04.130357,2024-11-25,desktop,India,google,cpc,brand_search,Paid,31.59,31.59,1.0,1,1,['Office'],1,True,,31.59,6,Monday,1755
T0002913,1145788.3431420287.1731364544,1145788.3431420287,2024-11-11 22:41:00.107070,2024-11-11,mobile,United States,(direct),(none),(direct),Direct,31.59,31.59,1.0,1,1,['Office'],1,True,,31.59,22,Monday,1755
T0002047,5728062.8926719168.1729889652,5728062.8926719168,2024-10-25 21:21:04.138388,2024-10-25,desktop,United States,(direct),(none),(direct),Direct,31.5,31.5,2.0,1,1,['Office'],1,True,,15.75,21,Friday,1756
T0001971,1205576.5829822344.1729762414,1205576.5829822344,2024-10-24 09:48:44.658549,2024-10-24,desktop,Japan,google,cpc,shopping_feed,Paid,31.5,31.5,2.0,1,1,['Office'],1,True,,15.75,9,Thursday,1756
T0001218,1075043.6732633499.1728309464,1075043.6732633499,2024-10-07 14:02:31.512330,2024-10-07,desktop,France,(direct),(none),(direct),Direct,31.5,31.5,2.0,1,1,['Office'],1,True,,15.75,14,Monday,1756
T0003417,1948362.2248282114.1732285819,1948362.2248282114,2024-11-22 14:27:51.075271,2024-11-22,desktop,India,google,cpc,shopping_feed,Paid,31.21,31.21,2.0,2,2,['Drinkware' 'Lifestyle'],1,True,,15.61,14,Friday,1757
T0000406,8897021.5114670209.1726491433,8897021.5114670209,2024-09-16 12:58:25.877257,2024-09-16,mobile,United States,google,cpc,shopping_feed,Paid,31.06,31.06,2.0,1,1,['Headgear'],1,True,,15.53,12,Monday,1758
T0003414,9316895.7186270661.1732281392,9316895.7186270661,2024-11-22 13:21:54.028272,2024-11-22,desktop,Japan,google,organic,(organic),Organic Search,31.06,31.06,2.0,1,1,['Headgear'],3,False,16,15.53,13,Friday,1758
T0002211,3082485.4910965756.1730185747,3082485.4910965756,2024-10-29 07:18:33.932474,2024-10-29,desktop,Canada,(direct),(none),(direct),Direct,31.06,31.06,2.0,1,1,['Headgear'],1,True,,15.53,7,Tuesday,1758
T0000343,2416247.3405960428.1726344319,2416247.3405960428,2024-09-14 20:01:04.165259,2024-09-14,desktop,United States,newsletter,email,weekly_drop,Email,31.06,31.06,2.0,1,1,['Headgear'],1,True,,15.53,20,Saturday,1758
T0001534,9949877.4822177611.1728945329,9949877.4822177611,2024-10-14 22:34:04.337237,2024-10-14,desktop,Canada,(direct),(none),(direct),Direct,31.02,31.02,2.0,2,2,['Accessories' 'Apparel'],1,True,,15.51,22,Monday,1759
T0000795,9334634.2201823182.1727360150,9334634.2201823182,2024-09-26 14:21:50.347670,2024-09-26,desktop,India,(direct),(none),(direct),Direct,30.98,30.98,2.0,2,2,['Accessories' 'Office'],1,True,,15.49,14,Thursday,1760
T0003795,5540072.2818665933.1732655524,5540072.2818665933,2024-11-26 21:04:48.741992,2024-11-26,desktop,United States,(direct),(none),(direct),Direct,30.98,30.98,2.0,2,2,['Accessories' 'Stationery'],1,True,,15.49,21,Tuesday,1760
T0001539,5540266.9901631135.1728948730,5540266.9901631135,2024-10-14 23:36:03.131517,2024-10-14,desktop,Germany,partners,affiliate,coupon_partners,Affiliate,30.98,30.98,2.0,2,2,['Accessories' 'Stationery'],1,True,,15.49,23,Monday,1760
T0001293,1968520.6031967975.1728455113,1968520.6031967975,2024-10-09 06:26:36.980323,2024-10-09,mobile,United States,newsletter,email,weekly_drop,Email,30.81,30.81,2.0,2,2,['Accessories' 'Office'],2,False,8,15.41,6,Wednesday,1761
T0003036,7810624.1832194005.1731613522,7810624.1832194005,2024-11-14 19:40:55.822178,2024-11-14,desktop,Japan,google,organic,(organic),Organic Search,30.79,30.79,2.0,2,2,['Drinkware' 'Lifestyle'],1,True,,15.4,19,Thursday,1762
T0001689,7545346.4714291227.1729242848,7545346.4714291227,2024-10-18 09:14:33.524553,2024-10-18,desktop,Germany,(direct),(none),(direct),Direct,30.63,30.63,2.0,2,2,['Apparel' 'Drinkware'],1,True,,15.32,9,Friday,1763
T0000331,5669142.3914994549.1726314067,5669142.3914994549,2024-09-14 11:49:11.977838,2024-09-14,desktop,United States,(direct),(none),(direct),Direct,30.63,30.63,2.0,2,2,['Apparel' 'Drinkware'],1,True,,15.32,11,Saturday,1763
T0000713,7351995.6053827646.1727190661,7351995.6053827646,2024-09-24 15:08:01.176472,2024-09-24,tablet,Canada,google,cpc,brand_search,Paid,30.48,30.48,1.0,1,1,['Lifestyle'],2,False,3,30.48,15,Tuesday,1764
T0003618,2086564.3309763040.1732550198,2086564.3309763040,2024-11-25 15:50:49.132693,2024-11-25,mobile,United States,google,cpc,shopping_feed,Paid,30.48,30.48,1.0,1,1,['Lifestyle'],1,True,,30.48,15,Monday,1764
T0000284,8693670.6150321527.1726177182,8693670.6150321527,2024-09-12 21:33:48.534725,2024-09-12,mobile,Japan,google,organic,(organic),Organic Search,30.48,30.48,1.0,1,1,['Lifestyle'],1,True,,30.48,21,Thursday,1764
T0004122,5527466.6232044703.1732820995,5527466.6232044703,2024-11-28 19:10:45.543626,2024-11-28,desktop,Germany,google,cpc,brand_search,Paid,30.48,30.48,1.0,1,1,['Lifestyle'],1,True,,30.48,19,Thursday,1764
T0003520,5342627.5793269710.1732462516,5342627.5793269710,2024-11-24 15:46:08.598172,2024-11-24,desktop,France,(direct),(none),(direct),Direct,30.48,30.48,1.0,1,1,['Lifestyle'],2,False,5,30.48,15,Sunday,1764
T0003733,8487651.9139528834.1732624697,8487651.9139528834,2024-11-26 12:38:59.134970,2024-11-26,mobile,United States,newsletter,email,weekly_drop,Email,30.48,30.48,1.0,1,1,['Lifestyle'],2,False,5,30.48,12,Tuesday,1764
T0001002,6469658.6612639772.1727793016,6469658.6612639772,2024-10-01 14:25:52.732854,2024-10-01,desktop,United States,newsletter,email,weekly_drop,Email,30.48,30.48,1.0,1,1,['Lifestyle'],1,True,,30.48,14,Tuesday,1764
T0002537,4541000.4568723208.1730719241,4541000.4568723208,2024-11-04 11:41:56.950851,2024-11-04,desktop,United States,(direct),(none),(direct),Direct,30.48,30.48,1.0,1,1,['Lifestyle'],2,False,5,30.48,11,Monday,1764
T0001228,6239147.6652402350.1728328125,6239147.6652402350,2024-10-07 19:22:52.678454,2024-10-07,mobile,Germany,(direct),(none),(direct),Direct,30.48,30.48,1.0,1,1,['Lifestyle'],1,True,,30.48,19,Monday,1764
T0003130,3313401.7963198303.1731789738,3313401.7963198303,2024-11-16 20:46:19.797897,2024-11-16,mobile,United States,google,organic,(organic),Organic Search,30.48,30.48,1.0,1,1,['Lifestyle'],1,True,,30.48,20,Saturday,1764
T0000620,1453616.5582539513.1726973119,1453616.5582539513,2024-09-22 02:45:52.494923,2024-09-22,desktop,United Kingdom,google,cpc,brand_search,Paid,30.36,30.36,2.0,2,2,['Accessories' 'Stationery'],1,True,,15.18,2,Sunday,1765
T0002321,2699042.7441859616.1730383106,2699042.7441859616,2024-10-31 13:57:38.225502,2024-10-31,desktop,Netherlands,facebook,paid_social,prospecting_broad,Paid,30.34,30.34,2.0,1,1,['Drinkware'],1,True,,15.17,13,Thursday,1766
T0000048,5893983.7928958270.1725431556,5893983.7928958270,2024-09-04 06:36:18.274123,2024-09-04,desktop,Australia,newsletter,email,weekly_drop,Email,30.34,30.34,2.0,1,1,['Drinkware'],1,True,,15.17,6,Wednesday,1766
T0001155,2674048.8669377915.1728162778,2674048.8669377915,2024-10-05 21:39:10.690525,2024-10-05,desktop,United States,google,cpc,brand_search,Paid,30.34,30.34,2.0,1,1,['Drinkware'],2,False,1,15.17,21,Saturday,1766
T0004067,4000630.3639602364.1732801261,4000630.3639602364,2024-11-28 13:45:06.103524,2024-11-28,tablet,United States,(direct),(none),(direct),Direct,30.34,30.34,2.0,1,1,['Drinkware'],1,True,,15.17,13,Thursday,1766
T0001483,5118869.8253963488.1728883318,5118869.8253963488,2024-10-14 05:19:36.405295,2024-10-14,desktop,United States,(direct),(none),(direct),Direct,30.34,30.34,2.0,1,1,['Drinkware'],1,True,,15.17,5,Monday,1766
T0004339,9017441.4060075543.1732919657,9017441.4060075543,2024-11-29 22:40:38.221019,2024-11-29,desktop,United States,google,cpc,brand_search,Paid,30.34,30.34,2.0,1,1,['Drinkware'],1,True,,15.17,22,Friday,1766
T0001529,3956919.5093350420.1728939805,3956919.5093350420,2024-10-14 21:15:45.482613,2024-10-14,mobile,Mexico,google,organic,(organic),Organic Search,30.31,30.31,2.0,2,2,['Accessories' 'Stationery'],1,True,,15.16,21,Monday,1767
T0001741,5711037.6282320329.1729330621,5711037.6282320329,2024-10-19 10:00:02.063437,2024-10-19,desktop,India,google,cpc,shopping_feed,Paid,30.19,30.19,2.0,2,2,['Office' 'Stationery'],1,True,,15.1,10,Saturday,1768
T0001078,9513595.2981919767.1727977675,9513595.2981919767,2024-10-03 17:49:23.478103,2024-10-03,desktop,United States,(direct),(none),(direct),Direct,30.13,30.13,2.0,2,2,['Accessories' 'Lifestyle'],1,True,,15.07,17,Thursday,1769
T0001421,9855659.7644278067.1728727922,9855659.7644278067,2024-10-12 10:23:28.407806,2024-10-12,mobile,United States,google,cpc,shopping_feed,Paid,29.97,29.97,2.0,2,2,['Headgear' 'Stationery'],1,True,,14.99,10,Saturday,1770
T0000433,6649059.1644088078.1726544345,6649059.1644088078,2024-09-17 03:36:46.989464,2024-09-17,desktop,United States,google,organic,(organic),Organic Search,29.97,29.97,2.0,2,2,['Headgear' 'Stationery'],1,True,,14.99,3,Tuesday,1770
T0002610,3986257.7380962290.1730844070,3986257.7380962290,2024-11-05 22:02:44.031661,2024-11-05,mobile,United States,newsletter,email,weekly_drop,Email,29.97,29.97,2.0,2,2,['Headgear' 'Stationery'],1,True,,14.99,22,Tuesday,1770
T0003599,5315718.7088703161.1732540645,5315718.7088703161,2024-11-25 13:16:01.787377,2024-11-25,mobile,Canada,google,cpc,brand_search,Paid,29.89,29.89,2.0,2,2,['Drinkware' 'Office'],2,False,15,14.95,13,Monday,1771
T0002473,5342973.4946212769.1730618667,5342973.4946212769,2024-11-03 07:16:03.717175,2024-11-03,desktop,Brazil,google,cpc,shopping_feed,Paid,29.88,29.88,2.0,2,1,['Accessories'],1,True,,14.94,7,Sunday,1772
T0001932,7314847.9669321544.1729692609,7314847.9669321544,2024-10-23 14:15:09.827338,2024-10-23,desktop,Canada,youtube.com,referral,(referral),Referral,29.76,29.76,1.0,1,1,['Headgear'],1,True,,29.76,14,Wednesday,1773
T0000116,7135098.2674008968.1725710997,7135098.2674008968,2024-09-07 12:11:41.620234,2024-09-07,mobile,United States,(direct),(none),(direct),Direct,29.76,29.76,1.0,1,1,['Headgear'],1,True,,29.76,12,Saturday,1773
T0004373,8421233.4234839721.1732948382,8421233.4234839721,2024-11-30 06:39:28.294611,2024-11-30,mobile,United Kingdom,facebook,paid_social,prospecting_broad,Paid,29.76,29.76,1.0,1,1,['Headgear'],1,True,,29.76,6,Saturday,1773
T0002917,4453105.7680533544.1731369047,4453105.7680533544,2024-11-11 23:59:48.048708,2024-11-11,desktop,India,(direct),(none),(direct),Direct,29.74,29.74,2.0,1,1,['Stationery'],1,True,,14.87,23,Monday,1774
T0002495,7507628.9286279502.1730650976,7507628.9286279502,2024-11-03 16:21:16.008458,2024-11-03,mobile,Japan,google,cpc,shopping_feed,Paid,29.74,29.74,2.0,1,1,['Stationery'],1,True,,14.87,16,Sunday,1774
T0000643,3251980.5092694742.1727029196,3251980.5092694742,2024-09-22 18:12:47.279423,2024-09-22,mobile,United States,(direct),(none),(direct),Direct,29.72,29.72,1.0,1,1,['Accessories'],1,True,,29.72,18,Sunday,1775
T0001957,9686799.9990808335.1729725016,9686799.9990808335,2024-10-23 23:06:24.035710,2024-10-23,desktop,United Kingdom,google,cpc,brand_search,Paid,29.72,29.72,1.0,1,1,['Accessories'],1,True,,29.72,23,Wednesday,1775
T0004070,3600071.2802872144.1732801665,3600071.2802872144,2024-11-28 13:50:58.440741,2024-11-28,desktop,United States,(direct),(none),(direct),Direct,29.72,29.72,1.0,1,1,['Accessories'],2,False,2,29.72,13,Thursday,1775
T0000188,8200594.5163669682.1725925672,8200594.5163669682,2024-09-09 23:50:18.774422,2024-09-09,desktop,Japan,(direct),(none),(direct),Direct,29.7,29.7,2.0,2,2,['Accessories' 'Apparel'],1,True,,14.85,23,Monday,1776
T0004283,7701226.7869588689.1732899162,7701226.7869588689,2024-11-29 17:01:28.170992,2024-11-29,desktop,United States,(direct),(none),(direct),Direct,29.7,29.7,2.0,2,2,['Accessories' 'Apparel'],1,True,,14.85,17,Friday,1776
T0003247,5076849.7800735844.1732013426,5076849.7800735844,2024-11-19 10:42:10.372155,2024-11-19,mobile,United States,partners,affiliate,coupon_partners,Affiliate,29.7,29.7,2.0,2,2,['Accessories' 'Apparel'],1,True,,14.85,10,Tuesday,1776
T0001759,9593890.6328415769.1729366886,9593890.6328415769,2024-10-19 19:40:50.751012,2024-10-19,mobile,United States,(direct),(none),(direct),Direct,29.65,29.65,2.0,2,2,['Apparel' 'Drinkware'],1,True,,14.83,19,Saturday,1777
T0000400,7256474.1975294770.1726485012,7256474.1975294770,2024-09-16 11:12:48.789526,2024-09-16,desktop,United States,partners,affiliate,coupon_partners,Affiliate,29.64,29.64,2.0,1,1,['Headgear'],1,True,,14.82,11,Monday,1778
T0003709,3890604.5135796692.1732614821,3890604.5135796692,2024-11-26 09:51:21.139748,2024-11-26,mobile,United States,google,cpc,shopping_feed,Paid,29.64,29.64,2.0,1,1,['Headgear'],1,True,,14.82,9,Tuesday,1778
T0003914,4948773.6645012826.1732722132,4948773.6645012826,2024-11-27 15:45:31.057957,2024-11-27,mobile,Canada,(direct),(none),(direct),Direct,29.61,29.61,2.0,2,2,['Drinkware' 'Stationery'],1,True,,14.81,15,Wednesday,1779
T0004363,7121425.9690081249.1732939141,7121425.9690081249,2024-11-30 03:50:31.394970,2024-11-30,desktop,United States,facebook,paid_social,prospecting_broad,Paid,29.48,29.48,2.0,2,2,['Drinkware' 'Lifestyle'],1,True,,14.74,3,Saturday,1780
T0003046,8463399.2235935832.1731634695,8463399.2235935832,2024-11-15 01:28:39.357147,2024-11-15,mobile,United States,newsletter,email,weekly_drop,Email,29.45,29.45,1.0,1,1,['Office'],1,True,,29.45,1,Friday,1781
T0003781,7818495.1970723474.1732648030,7818495.1970723474,2024-11-26 19:14:30.649514,2024-11-26,tablet,Australia,google,cpc,shopping_feed,Paid,29.45,29.45,1.0,1,1,['Office'],1,True,,29.45,19,Tuesday,1781
T0000618,6405036.4037197627.1726967958,6405036.4037197627,2024-09-22 01:17:38.032634,2024-09-22,desktop,United States,google,organic,(organic),Organic Search,29.45,29.45,1.0,1,1,['Office'],1,True,,29.45,1,Sunday,1781
T0004397,6594978.1348861432.1732969563,6594978.1348861432,2024-11-30 12:21:39.631531,2024-11-30,desktop,United States,google,organic,(organic),Organic Search,29.45,29.45,1.0,1,1,['Office'],1,True,,29.45,12,Saturday,1781
T0004446,1628123.3613195618.1732989775,1628123.3613195618,2024-11-30 18:12:32.908824,2024-11-30,mobile,United States,google,cpc,shopping_feed,Paid,29.45,29.45,1.0,1,1,['Office'],1,True,,29.45,18,Saturday,1781
T0002337,7392917.2484815637.1730402147,7392917.2484815637,2024-10-31 19:08:42.273088,2024-10-31,desktop,Germany,google,organic,(organic),Organic Search,29.45,29.45,1.0,1,1,['Office'],1,True,,29.45,19,Thursday,1781
T0001137,5675785.8451909968.1728127835,5675785.8451909968,2024-10-05 11:28:34.799169,2024-10-05,desktop,United States,google,organic,(organic),Organic Search,29.45,29.45,1.0,1,1,['Office'],1,True,,29.45,11,Saturday,1781
T0000151,9275601.4155977326.1725821523,9275601.4155977326,2024-09-08 19:03:41.230108,2024-09-08,desktop,United States,google,cpc,brand_search,Paid,29.45,29.45,1.0,1,1,['Office'],1,True,,29.45,19,Sunday,1781
T0002678,8195270.9969643391.1730967142,8195270.9969643391,2024-11-07 08:25:31.620449,2024-11-07,desktop,Brazil,google,organic,(organic),Organic Search,29.44,29.44,2.0,2,2,['Apparel' 'Drinkware'],1,True,,14.72,8,Thursday,1782
T0000822,3110771.6931651576.1727431399,3110771.6931651576,2024-09-27 10:05:10.486549,2024-09-27,mobile,Australia,newsletter,email,weekly_drop,Email,29.41,29.41,1.0,1,1,['Apparel'],1,True,,29.41,10,Friday,1783
T0002615,8300161.3798696496.1730847867,8300161.3798696496,2024-11-05 23:05:54.495134,2024-11-05,tablet,Australia,google,cpc,brand_search,Paid,29.41,29.41,1.0,1,1,['Apparel'],1,True,,29.41,23,Tuesday,1783
T0002490,7132424.3091604273.1730642834,7132424.3091604273,2024-11-03 14:06:19.962786,2024-11-03,tablet,United States,google,cpc,shopping_feed,Paid,29.41,29.41,1.0,1,1,['Apparel'],1,True,,29.41,14,Sunday,1783
T0000563,2877442.9177015677.1726853985,2877442.9177015677,2024-09-20 17:43:55.284455,2024-09-20,desktop,United States,(direct),(none),(direct),Direct,29.41,29.41,1.0,1,1,['Apparel'],1,True,,29.41,17,Friday,1783
T0003175,4010293.5278116739.1731866756,4010293.5278116739,2024-11-17 18:16:08.274815,2024-11-17,mobile,India,(direct),(none),(direct),Direct,29.41,29.41,1.0,1,1,['Apparel'],1,True,,29.41,18,Sunday,1783
T0002944,4543722.2528938169.1731435998,4543722.2528938169,2024-11-12 18:33:01.484744,2024-11-12,desktop,United Kingdom,google,organic,(organic),Organic Search,29.41,29.41,1.0,1,1,['Apparel'],1,True,,29.41,18,Tuesday,1783
T0000460,2693244.5824529302.1726611593,2693244.5824529302,2024-09-17 22:19:35.430406,2024-09-17,mobile,United States,google,organic,(organic),Organic Search,29.41,29.41,1.0,1,1,['Apparel'],1,True,,29.41,22,Tuesday,1783
T0001048,4572424.4388600597.1727896303,4572424.4388600597,2024-10-02 19:20:56.997275,2024-10-02,mobile,United States,google,cpc,brand_search,Paid,29.41,29.41,1.0,1,1,['Apparel'],1,True,,29.41,19,Wednesday,1783
T0001844,5494295.9944913531.1729551372,5494295.9944913531,2024-10-21 23:02:15.901650,2024-10-21,desktop,Netherlands,newsletter,email,weekly_drop,Email,29.41,29.41,1.0,1,1,['Apparel'],1,True,,29.41,23,Monday,1783
T0002229,8766991.3920415370.1730208741,8766991.3920415370,2024-10-29 13:32:30.430167,2024-10-29,desktop,India,newsletter,email,weekly_drop,Email,29.41,29.41,1.0,1,1,['Apparel'],1,True,,29.41,13,Tuesday,1783
T0001238,2870721.1537509807.1728340162,2870721.1537509807,2024-10-07 22:46:00.882788,2024-10-07,mobile,Canada,newsletter,email,weekly_drop,Email,29.41,29.41,1.0,1,1,['Apparel'],2,False,2,29.41,22,Monday,1783
T0001267,9296087.1098850405.1728405403,9296087.1098850405,2024-10-08 16:43:11.059903,2024-10-08,desktop,Germany,newsletter,email,weekly_drop,Email,29.41,29.41,1.0,1,1,['Apparel'],1,True,,29.41,16,Tuesday,1783
T0000651,5180005.7454726290.1727043704,5180005.7454726290,2024-09-22 22:18:36.619512,2024-09-22,desktop,France,google,organic,(organic),Organic Search,29.41,29.41,1.0,1,1,['Apparel'],1,True,,29.41,22,Sunday,1783
T0002329,6734841.7116333179.1730393293,6734841.7116333179,2024-10-31 16:52:52.247521,2024-10-31,tablet,United Kingdom,google,cpc,shopping_feed,Paid,29.41,29.41,1.0,1,1,['Apparel'],1,True,,29.41,16,Thursday,1783
T0002233,9888987.5404966168.1730218776,9888987.5404966168,2024-10-29 16:29:16.491716,2024-10-29,mobile,Canada,google,cpc,brand_search,Paid,29.41,29.41,1.0,1,1,['Apparel'],1,True,,29.41,16,Tuesday,1783
T0003673,7189141.5569802340.1732577294,7189141.5569802340,2024-11-25 23:25:45.133973,2024-11-25,desktop,India,(direct),(none),(direct),Direct,29.41,29.41,1.0,1,1,['Apparel'],1,True,,29.41,23,Monday,1783
T0002332,9266321.5016086466.1730399237,9266321.5016086466,2024-10-31 18:27:36.632240,2024-10-31,tablet,United States,(direct),(none),(direct),Direct,29.41,29.41,1.0,1,1,['Apparel'],1,True,,29.41,18,Thursday,1783
T0000988,9493474.6172595449.1727766521,9493474.6172595449,2024-10-01 07:12:51.138490,2024-10-01,mobile,Singapore,google,organic,(organic),Organic Search,29.41,29.41,1.0,1,1,['Apparel'],2,False,10,29.41,7,Tuesday,1783
T0001027,8515810.8336100324.1727838546,8515810.8336100324,2024-10-02 03:06:19.651423,2024-10-02,desktop,Brazil,(direct),(none),(direct),Direct,29.41,29.41,1.0,1,1,['Apparel'],1,True,,29.41,3,Wednesday,1783
T0000894,5927634.9983852062.1727557579,5927634.9983852062,2024-09-28 20:58:49.137575,2024-09-28,desktop,India,(direct),(none),(direct),Direct,29.41,29.41,1.0,1,1,['Apparel'],1,True,,29.41,20,Saturday,1783
T0002635,9471703.3772933062.1730898613,9471703.3772933062,2024-11-06 13:12:23.137182,2024-11-06,desktop,United States,(direct),(none),(direct),Direct,29.41,29.41,1.0,1,1,['Apparel'],1,True,,29.41,13,Wednesday,1783
T0000163,5701033.8348686220.1725850846,5701033.8348686220,2024-09-09 03:09:02.680745,2024-09-09,desktop,United States,google,organic,(organic),Organic Search,29.41,29.41,1.0,1,1,['Apparel'],1,True,,29.41,3,Monday,1783
T0003782,8053399.9833248886.1732648572,8053399.9833248886,2024-11-26 19:19:05.770983,2024-11-26,desktop,United States,google,cpc,brand_search,Paid,29.41,29.41,1.0,1,1,['Apparel'],1,True,,29.41,19,Tuesday,1783
T0000764,2797880.3513285761.1727285500,2797880.3513285761,2024-09-25 17:29:21.578508,2024-09-25,mobile,United States,google,cpc,brand_search,Paid,29.41,29.41,1.0,1,1,['Apparel'],2,False,6,29.41,17,Wednesday,1783
T0000011,7740066.1105024431.1725227253,7740066.1105024431,2024-09-01 21:54:50.918556,2024-09-01,mobile,United States,google,organic,(organic),Organic Search,29.41,29.41,1.0,1,1,['Apparel'],1,True,,29.41,21,Sunday,1783
T0002448,8373606.6149331325.1730575775,8373606.6149331325,2024-11-02 19:39:57.785874,2024-11-02,mobile,United Kingdom,google,cpc,brand_search,Paid,29.41,29.41,1.0,1,1,['Apparel'],1,True,,29.41,19,Saturday,1783
T0003437,9616609.4023637930.1732310633,9616609.4023637930,2024-11-22 21:20:37.622670,2024-11-22,desktop,United States,(direct),(none),(direct),Direct,29.41,29.41,1.0,1,1,['Apparel'],1,True,,29.41,21,Friday,1783
T0003171,2673392.9897761088.1731856581,2673392.9897761088,2024-11-17 15:29:38.355707,2024-11-17,desktop,India,google,organic,(organic),Organic Search,29.41,29.41,1.0,1,1,['Apparel'],1,True,,29.41,15,Sunday,1783
T0000485,7919689.6512083938.1726686281,7919689.6512083938,2024-09-18 19:02:20.022556,2024-09-18,desktop,United States,google,cpc,brand_search,Paid,29.41,29.41,1.0,1,1,['Apparel'],1,True,,29.41,19,Wednesday,1783
T0003773,5122017.4617700042.1732642629,5122017.4617700042,2024-11-26 17:36:29.999708,2024-11-26,desktop,Brazil,google,cpc,shopping_feed,Paid,29.41,29.41,1.0,1,1,['Apparel'],2,False,26,29.41,17,Tuesday,1783
T0004033,3143702.4407956443.1732789630,3143702.4407956443,2024-11-28 10:25:39.066392,2024-11-28,desktop,United States,newsletter,email,weekly_drop,Email,29.41,29.41,1.0,1,1,['Apparel'],2,False,2,29.41,10,Thursday,1783
T0001751,3176626.4426397438.1729346056,3176626.4426397438,2024-10-19 13:56:00.400120,2024-10-19,mobile,India,(direct),(none),(direct),Direct,29.41,29.41,1.0,1,1,['Apparel'],2,False,13,29.41,13,Saturday,1783
T0000632,6469863.8639814680.1727010807,6469863.8639814680,2024-09-22 13:11:20.681644,2024-09-22,desktop,Canada,google,cpc,shopping_feed,Paid,29.41,29.41,1.0,1,1,['Apparel'],1,True,,29.41,13,Sunday,1783
T0003264,7255129.8345270049.1732031867,7255129.8345270049,2024-11-19 15:47:01.064714,2024-11-19,desktop,United States,google,organic,(organic),Organic Search,29.41,29.41,1.0,1,1,['Apparel'],1,True,,29.41,15,Tuesday,1783
T0002085,3362465.1741237637.1729966971,3362465.1741237637,2024-10-26 18:32:30.160012,2024-10-26,mobile,United States,partners,affiliate,coupon_partners,Affiliate,29.41,29.41,1.0,1,1,['Apparel'],1,True,,29.41,18,Saturday,1783
T0002212,2505705.3814122329.1730186166,2505705.3814122329,2024-10-29 07:19:06.978528,2024-10-29,desktop,United States,(direct),(none),(direct),Direct,29.41,29.41,1.0,1,1,['Apparel'],1,True,,29.41,7,Tuesday,1783
T0000283,9608319.4425485481.1726175519,9608319.4425485481,2024-09-12 21:21:35.636151,2024-09-12,mobile,Brazil,google,cpc,brand_search,Paid,29.41,29.41,1.0,1,1,['Apparel'],1,True,,29.41,21,Thursday,1783
T0000958,7706759.8608708939.1727712790,7706759.8608708939,2024-09-30 16:17:29.750848,2024-09-30,desktop,Mexico,(direct),(none),(direct),Direct,29.41,29.41,1.0,1,1,['Apparel'],1,True,,29.41,16,Monday,1783
T0000844,7877159.8737105647.1727460849,7877159.8737105647,2024-09-27 18:17:16.282154,2024-09-27,desktop,United States,(direct),(none),(direct),Direct,29.41,29.41,1.0,1,1,['Apparel'],1,True,,29.41,18,Friday,1783
T0004172,8501117.6777778257.1732837979,8501117.6777778257,2024-11-28 23:48:11.146524,2024-11-28,desktop,Germany,newsletter,email,weekly_drop,Email,29.41,29.41,1.0,1,1,['Apparel'],1,True,,29.41,23,Thursday,1783
T0002108,5462210.2655088971.1729999516,5462210.2655088971,2024-10-27 03:27:23.741976,2024-10-27,mobile,Australia,(direct),(none),(direct),Direct,29.41,29.41,1.0,1,1,['Apparel'],1,True,,29.41,3,Sunday,1783
T0000395,7378888.6771147632.1726480184,7378888.6771147632,2024-09-16 10:01:11.136379,2024-09-16,desktop,United States,(direct),(none),(direct),Direct,29.41,29.41,1.0,1,1,['Apparel'],1,True,,29.41,10,Monday,1783
T0002434,5847187.8188966968.1730559228,5847187.8188966968,2024-11-02 15:03:30.381487,2024-11-02,mobile,India,google,organic,(organic),Organic Search,29.41,29.41,1.0,1,1,['Apparel'],1,True,,29.41,15,Saturday,1783
T0001684,2285414.4950765263.1729216698,2285414.4950765263,2024-10-18 01:55:08.495698,2024-10-18,mobile,United States,(direct),(none),(direct),Direct,29.41,29.41,1.0,1,1,['Apparel'],1,True,,29.41,1,Friday,1783
T0004362,5533796.7438977110.1732938615,5533796.7438977110,2024-11-30 03:43:51.007108,2024-11-30,mobile,United Kingdom,google,cpc,brand_search,Paid,29.41,29.41,1.0,1,1,['Apparel'],1,True,,29.41,3,Saturday,1783
T0003215,4448431.7185837385.1731950154,4448431.7185837385,2024-11-18 17:09:24.402336,2024-11-18,desktop,United States,google,organic,(organic),Organic Search,29.41,29.41,1.0,1,1,['Apparel'],1,True,,29.41,17,Monday,1783
T0002938,9346241.6699011562.1731418344,9346241.6699011562,2024-11-12 13:30:47.153674,2024-11-12,desktop,Singapore,google,cpc,shopping_feed,Paid,29.41,29.41,1.0,1,1,['Apparel'],1,True,,29.41,13,Tuesday,1783
T0003650,7692013.3390498463.1732567738,7692013.3390498463,2024-11-25 20:52:45.671816,2024-11-25,tablet,United Kingdom,facebook,paid_social,prospecting_broad,Paid,29.41,29.41,1.0,1,1,['Apparel'],1,True,,29.41,20,Monday,1783
T0000612,6223988.2452001406.1726955245,6223988.2452001406,2024-09-21 21:49:04.843940,2024-09-21,mobile,United States,google,organic,(organic),Organic Search,29.41,29.41,1.0,1,1,['Apparel'],1,True,,29.41,21,Saturday,1783
T0001129,1443586.2605081554.1728098310,1443586.2605081554,2024-10-05 03:22:57.059828,2024-10-05,mobile,France,google,cpc,brand_search,Paid,29.41,29.41,1.0,1,1,['Apparel'],2,False,4,29.41,3,Saturday,1783
T0002624,4259794.1085676112.1730881842,4259794.1085676112,2024-11-06 08:31:11.004520,2024-11-06,mobile,Mexico,newsletter,email,weekly_drop,Email,29.41,29.41,1.0,1,1,['Apparel'],1,True,,29.41,8,Wednesday,1783
T0002061,5033826.8355870450.1729934323,5033826.8355870450,2024-10-26 09:14:59.829968,2024-10-26,mobile,Germany,google,organic,(organic),Organic Search,29.41,29.41,1.0,1,1,['Apparel'],1,True,,29.41,9,Saturday,1783
T0000308,2229940.4561287753.1726240989,2229940.4561287753,2024-09-13 15:30:15.558475,2024-09-13,desktop,United States,google,organic,(organic),Organic Search,29.41,29.41,1.0,1,1,['Apparel'],1,True,,29.41,15,Friday,1783
T0003149,6704769.4314753793.1731829964,6704769.4314753793,2024-11-17 07:56:09.643973,2024-11-17,desktop,United States,(direct),(none),(direct),Direct,29.41,29.41,1.0,1,1,['Apparel'],1,True,,29.41,7,Sunday,1783
T0000577,4205040.6498050515.1726892403,4205040.6498050515,2024-09-21 04:23:18.821758,2024-09-21,desktop,United States,google,organic,(organic),Organic Search,29.29,29.29,1.0,1,1,['Drinkware'],1,True,,29.29,4,Saturday,1784
T0004145,4653574.8202915173.1732828123,4653574.8202915173,2024-11-28 21:11:28.655714,2024-11-28,mobile,Australia,(direct),(none),(direct),Direct,29.29,29.29,1.0,1,1,['Drinkware'],1,True,,29.29,21,Thursday,1784
T0000808,4691918.8562678036.1727388731,4691918.8562678036,2024-09-26 22:08:29.527967,2024-09-26,desktop,United States,google,cpc,brand_search,Paid,29.29,29.29,1.0,1,1,['Drinkware'],1,True,,29.29,22,Thursday,1784
T0001687,6588595.5171163934.1729229051,6588595.5171163934,2024-10-18 05:16:50.201656,2024-10-18,desktop,United States,(direct),(none),(direct),Direct,29.29,29.29,1.0,1,1,['Drinkware'],1,True,,29.29,5,Friday,1784
T0003884,3172177.8186210590.1732706601,3172177.8186210590,2024-11-27 11:42:42.055349,2024-11-27,desktop,Netherlands,newsletter,email,weekly_drop,Email,29.29,29.29,1.0,1,1,['Drinkware'],1,True,,29.29,11,Wednesday,1784
T0003109,4256804.6534662042.1731761135,4256804.6534662042,2024-11-16 12:38:52.505304,2024-11-16,desktop,United States,(direct),(none),(direct),Direct,29.29,29.29,1.0,1,1,['Drinkware'],1,True,,29.29,12,Saturday,1784
T0001281,7348347.9195550521.1728423506,7348347.9195550521,2024-10-08 21:34:47.038875,2024-10-08,mobile,United States,google,organic,(organic),Organic Search,29.29,29.29,1.0,1,1,['Drinkware'],1,True,,29.29,21,Tuesday,1784
T0002988,7278638.6752491583.1731517322,7278638.6752491583,2024-11-13 17:14:40.918181,2024-11-13,mobile,United States,(direct),(none),(direct),Direct,29.29,29.29,1.0,1,1,['Drinkware'],1,True,,29.29,17,Wednesday,1784
T0003566,7663382.7762832359.1732515793,7663382.7762832359,2024-11-25 06:24:17.260956,2024-11-25,desktop,Mexico,(direct),(none),(direct),Direct,29.29,29.29,1.0,1,1,['Drinkware'],1,True,,29.29,6,Monday,1784
T0002281,2993830.4401566375.1730315950,2993830.4401566375,2024-10-30 19:14:51.091855,2024-10-30,desktop,United States,google,organic,(organic),Organic Search,29.29,29.29,1.0,1,1,['Drinkware'],2,False,2,29.29,19,Wednesday,1784
T0004460,9392860.5634046612.1732998192,9392860.5634046612,2024-11-30 20:19:33.570756,2024-11-30,desktop,United Kingdom,facebook,paid_social,prospecting_broad,Paid,29.29,29.29,1.0,1,1,['Drinkware'],1,True,,29.29,20,Saturday,1784
T0003443,3407163.2728606472.1732315004,3407163.2728606472,2024-11-22 22:37:10.722610,2024-11-22,desktop,France,google,cpc,shopping_feed,Paid,29.29,29.29,1.0,1,1,['Drinkware'],1,True,,29.29,22,Friday,1784
T0003603,8665094.1102530382.1732544876,8665094.1102530382,2024-11-25 14:27:19.041491,2024-11-25,desktop,United States,google,organic,(organic),Organic Search,29.29,29.29,1.0,1,1,['Drinkware'],1,True,,29.29,14,Monday,1784
T0002324,7826307.2541901414.1730386971,7826307.2541901414,2024-10-31 15:09:06.357897,2024-10-31,mobile,Canada,(direct),(none),(direct),Direct,29.29,29.29,1.0,1,1,['Drinkware'],1,True,,29.29,15,Thursday,1784
T0002280,3850314.4103425647.1730314156,3850314.4103425647,2024-10-30 19:04:00.637934,2024-10-30,desktop,India,google,cpc,brand_search,Paid,29.29,29.29,1.0,1,1,['Drinkware'],1,True,,29.29,19,Wednesday,1784
T0001206,2260055.3165462214.1728273412,2260055.3165462214,2024-10-07 03:53:02.471319,2024-10-07,desktop,Mexico,(direct),(none),(direct),Direct,29.29,29.29,1.0,1,1,['Drinkware'],1,True,,29.29,3,Monday,1784
T0003826,4978469.9834339299.1732662647,4978469.9834339299,2024-11-26 23:19:49.835281,2024-11-26,mobile,United Kingdom,newsletter,email,weekly_drop,Email,29.29,29.29,1.0,1,1,['Drinkware'],1,True,,29.29,23,Tuesday,1784
T0002467,3545973.8302594074.1730608527,3545973.8302594074,2024-11-03 04:40:59.054047,2024-11-03,mobile,United States,newsletter,email,weekly_drop,Email,29.29,29.29,1.0,1,1,['Drinkware'],1,True,,29.29,4,Sunday,1784
T0002847,2062763.4177498428.1731258940,2062763.4177498428,2024-11-10 17:20:30.718727,2024-11-10,desktop,United States,(direct),(none),(direct),Direct,29.29,29.29,1.0,1,1,['Drinkware'],1,True,,29.29,17,Sunday,1784
T0001473,7668109.1020538742.1728856872,7668109.1020538742,2024-10-13 22:09:12.779633,2024-10-13,mobile,Australia,newsletter,email,weekly_drop,Email,29.29,29.29,1.0,1,1,['Drinkware'],1,True,,29.29,22,Sunday,1784
T0001451,8588805.7997106226.1728809021,8588805.7997106226,2024-10-13 08:53:12.283334,2024-10-13,desktop,United States,youtube.com,referral,(referral),Referral,29.29,29.29,1.0,1,1,['Drinkware'],1,True,,29.29,8,Sunday,1784
T0001963,8582911.2347393594.1729738118,8582911.2347393594,2024-10-24 02:49:18.652351,2024-10-24,mobile,Japan,google,organic,(organic),Organic Search,29.29,29.29,1.0,1,1,['Drinkware'],1,True,,29.29,2,Thursday,1784
T0002951,3686550.8330391553.1731446218,3686550.8330391553,2024-11-12 21:32:02.459813,2024-11-12,mobile,United States,(direct),(none),(direct),Direct,29.29,29.29,1.0,1,1,['Drinkware'],2,False,35,29.29,21,Tuesday,1784
T0004071,2957986.6284304090.1732801394,2957986.6284304090,2024-11-28 13:52:04.246691,2024-11-28,mobile,France,(direct),(none),(direct),Direct,29.22,29.22,1.0,1,1,['Electronics'],1,True,,29.22,13,Thursday,1785
T0001808,6619761.7705116373.1729470218,6619761.7705116373,2024-10-21 00:28:24.682331,2024-10-21,desktop,India,(direct),(none),(direct),Direct,29.22,29.22,1.0,1,1,['Electronics'],1,True,,29.22,0,Monday,1785
T0001517,7130189.5314757701.1728925897,7130189.5314757701,2024-10-14 17:22:03.626598,2024-10-14,mobile,United States,youtube.com,referral,(referral),Referral,29.22,29.22,1.0,1,1,['Electronics'],1,True,,29.22,17,Monday,1785
T0000146,6425167.5065368905.1725803611,6425167.5065368905,2024-09-08 13:54:08.201545,2024-09-08,desktop,United Kingdom,(direct),(none),(direct),Direct,29.22,29.22,1.0,1,1,['Electronics'],1,True,,29.22,13,Sunday,1785
T0002937,7766234.2106086092.1731414802,7766234.2106086092,2024-11-12 12:40:35.425511,2024-11-12,desktop,United Kingdom,google,cpc,shopping_feed,Paid,29.22,29.22,1.0,1,1,['Electronics'],1,True,,29.22,12,Tuesday,1785
T0002009,7237826.2830301912.1729814459,7237826.2830301912,2024-10-25 00:19:27.129791,2024-10-25,mobile,United States,google,cpc,shopping_feed,Paid,29.22,29.22,1.0,1,1,['Electronics'],1,True,,29.22,0,Friday,1785
T0002038,6637888.1262488611.1729875275,6637888.1262488611,2024-10-25 16:55:15.288787,2024-10-25,desktop,Brazil,google,cpc,shopping_feed,Paid,29.22,29.22,1.0,1,1,['Electronics'],1,True,,29.22,16,Friday,1785
T0003319,4481990.8742227258.1732120173,4481990.8742227258,2024-11-20 16:36:50.621105,2024-11-20,mobile,United States,google,cpc,brand_search,Paid,29.22,29.22,1.0,1,1,['Electronics'],1,True,,29.22,16,Wednesday,1785
T0003481,4352653.8046358530.1732388714,4352653.8046358530,2024-11-23 19:02:04.038602,2024-11-23,mobile,United States,google,organic,(organic),Organic Search,29.22,29.22,1.0,1,1,['Electronics'],1,True,,29.22,19,Saturday,1785
T0002266,4541000.4568723208.1730297112,4541000.4568723208,2024-10-30 14:15:13.921968,2024-10-30,desktop,United States,(direct),(none),(direct),Direct,29.22,29.22,1.0,1,1,['Electronics'],1,True,,29.22,14,Wednesday,1785
T0003568,4584753.1716055406.1732517134,4584753.1716055406,2024-11-25 06:44:36.310809,2024-11-25,desktop,United States,(direct),(none),(direct),Direct,29.18,29.18,1.0,1,1,['Headgear'],1,True,,29.18,6,Monday,1786
T0001920,2894102.8489072988.1729676429,2894102.8489072988,2024-10-23 09:43:52.769845,2024-10-23,desktop,United Kingdom,google,cpc,brand_search,Paid,29.02,29.02,2.0,2,2,['Accessories' 'Apparel'],1,True,,14.51,9,Wednesday,1787
T0002116,2560359.6565039254.1730010787,2560359.6565039254,2024-10-27 06:37:36.855124,2024-10-27,desktop,United States,google,cpc,shopping_feed,Paid,29.0,29.0,1.0,1,1,['Electronics'],1,True,,29.0,6,Sunday,1788
T0000611,3330017.9250963588.1726953014,3330017.9250963588,2024-09-21 21:16:21.444315,2024-09-21,mobile,United States,google,cpc,shopping_feed,Paid,29.0,29.0,1.0,1,1,['Electronics'],1,True,,29.0,21,Saturday,1788
T0004415,1674366.5198193593.1732974498,1674366.5198193593,2024-11-30 13:50:07.815637,2024-11-30,desktop,United States,newsletter,email,weekly_drop,Email,29.0,29.0,1.0,1,1,['Electronics'],1,True,,29.0,13,Saturday,1788
T0002377,8535278.4292273930.1730478178,8535278.4292273930,2024-11-01 16:13:53.725120,2024-11-01,desktop,United States,(direct),(none),(direct),Direct,29.0,29.0,1.0,1,1,['Electronics'],1,True,,29.0,16,Friday,1788
T0000467,6897343.7395595795.1726633108,6897343.7395595795,2024-09-18 04:25:12.135334,2024-09-18,mobile,United States,google,organic,(organic),Organic Search,29.0,29.0,1.0,1,1,['Electronics'],1,True,,29.0,4,Wednesday,1788
T0001563,4323523.3737328679.1729011585,4323523.3737328679,2024-10-15 16:57:12.916317,2024-10-15,desktop,United States,google,organic,(organic),Organic Search,29.0,29.0,1.0,1,1,['Electronics'],1,True,,29.0,16,Tuesday,1788
T0002952,2198589.3229771483.1731447777,2198589.3229771483,2024-11-12 21:49:01.658868,2024-11-12,desktop,France,(direct),(none),(direct),Direct,29.0,29.0,1.0,1,1,['Electronics'],1,True,,29.0,21,Tuesday,1788
T0003275,2342386.6353057131.1732043714,2342386.6353057131,2024-11-19 19:22:27.444489,2024-11-19,tablet,United States,google,organic,(organic),Organic Search,29.0,29.0,1.0,1,1,['Electronics'],1,True,,29.0,19,Tuesday,1788
T0002729,1301033.4352400341.1731071615,1301033.4352400341,2024-11-08 13:20:12.788556,2024-11-08,mobile,France,partners,affiliate,coupon_partners,Affiliate,29.0,29.0,1.0,1,1,['Electronics'],1,True,,29.0,13,Friday,1788
T0000802,8851964.4864759971.1727375258,8851964.4864759971,2024-09-26 18:22:17.833201,2024-09-26,desktop,Mexico,(direct),(none),(direct),Direct,29.0,29.0,1.0,1,1,['Electronics'],1,True,,29.0,18,Thursday,1788
T0000397,5636795.2560013362.1726482632,5636795.2560013362,2024-09-16 10:25:25.182656,2024-09-16,desktop,Germany,google,organic,(organic),Organic Search,29.0,29.0,1.0,1,1,['Electronics'],1,True,,29.0,10,Monday,1788
T0000421,6877256.9360636349.1726513460,6877256.9360636349,2024-09-16 19:15:12.107351,2024-09-16,mobile,France,(direct),(none),(direct),Direct,29.0,29.0,1.0,1,1,['Electronics'],2,False,2,29.0,19,Monday,1788
T0002012,2871667.3418073687.1729818926,2871667.3418073687,2024-10-25 01:27:57.419044,2024-10-25,mobile,United States,partners,affiliate,coupon_partners,Affiliate,29.0,29.0,1.0,1,1,['Electronics'],1,True,,29.0,1,Friday,1788
T0004053,6432229.2484546824.1732798130,6432229.2484546824,2024-11-28 12:45:03.500393,2024-11-28,desktop,United Kingdom,newsletter,email,weekly_drop,Email,28.88,28.88,2.0,1,1,['Stationery'],2,False,21,14.44,12,Thursday,1789
T0002065,5555856.9203833578.1729937355,5555856.9203833578,2024-10-26 10:07:45.397949,2024-10-26,desktop,India,youtube.com,referral,(referral),Referral,28.88,28.88,2.0,1,1,['Stationery'],1,True,,14.44,10,Saturday,1789
T0003249,7146542.5957339596.1732014663,7146542.5957339596,2024-11-19 11:06:15.037430,2024-11-19,mobile,India,google,organic,(organic),Organic Search,28.88,28.88,2.0,1,1,['Stationery'],1,True,,14.44,11,Tuesday,1789
T0003491,3542771.7272042224.1732404552,3542771.7272042224,2024-11-23 23:46:50.326774,2024-11-23,mobile,United Kingdom,(direct),(none),(direct),Direct,28.88,28.88,2.0,1,1,['Stationery'],1,True,,14.44,23,Saturday,1789
T0001981,4992086.3019455932.1729787405,4992086.3019455932,2024-10-24 16:39:39.274664,2024-10-24,mobile,United Kingdom,google,organic,(organic),Organic Search,28.88,28.88,2.0,1,1,['Stationery'],1,True,,14.44,16,Thursday,1789
T0002722,6174565.6054561580.1731055076,6174565.6054561580,2024-11-08 08:49:57.301882,2024-11-08,mobile,Mexico,newsletter,email,weekly_drop,Email,28.88,28.88,2.0,1,1,['Stationery'],1,True,,14.44,8,Friday,1789
T0001711,2943749.4552598945.1729271919,2943749.4552598945,2024-10-18 17:28:32.532949,2024-10-18,desktop,France,google,organic,(organic),Organic Search,28.88,28.88,2.0,1,1,['Stationery'],1,True,,14.44,17,Friday,1789
T0001640,4134103.8157649661.1729149077,4134103.8157649661,2024-10-17 07:16:13.435236,2024-10-17,desktop,United States,google,cpc,shopping_feed,Paid,28.88,28.88,2.0,1,1,['Stationery'],1,True,,14.44,7,Thursday,1789
T0002400,9512862.3207716106.1730497883,9512862.3207716106,2024-11-01 21:49:32.523811,2024-11-01,mobile,United States,google,cpc,shopping_feed,Paid,28.88,28.88,2.0,1,1,['Stationery'],1,True,,14.44,21,Friday,1789
T0002111,9476116.3381998158.1730004242,9476116.3381998158,2024-10-27 04:45:08.175382,2024-10-27,mobile,United States,google,cpc,shopping_feed,Paid,28.88,28.88,2.0,1,1,['Stationery'],1,True,,14.44,4,Sunday,1789
T0000830,8098797.9429608097.1727441097,8098797.9429608097,2024-09-27 12:47:09.585485,2024-09-27,mobile,United Kingdom,google,cpc,shopping_feed,Paid,28.88,28.88,2.0,1,1,['Stationery'],1,True,,14.44,12,Friday,1789
T0004287,9221094.8312353134.1732901241,9221094.8312353134,2024-11-29 17:30:34.242875,2024-11-29,desktop,United States,facebook,paid_social,prospecting_broad,Paid,28.88,28.88,2.0,1,1,['Stationery'],1,True,,14.44,17,Friday,1789
T0001700,3898592.3830130457.1729261237,3898592.3830130457,2024-10-18 14:16:58.881857,2024-10-18,mobile,United States,(direct),(none),(direct),Direct,28.88,28.88,2.0,1,1,['Stationery'],1,True,,14.44,14,Friday,1789
T0003522,3576646.3451636233.1732467383,3576646.3451636233,2024-11-24 16:54:23.424861,2024-11-24,mobile,France,youtube.com,referral,(referral),Referral,28.88,28.88,2.0,1,1,['Stationery'],1,True,,14.44,16,Sunday,1789
T0000922,3348910.8185767230.1727640487,3348910.8185767230,2024-09-29 20:16:09.336081,2024-09-29,desktop,United States,google,cpc,brand_search,Paid,28.88,28.88,2.0,1,1,['Stationery'],1,True,,14.44,20,Sunday,1789
T0002259,7995318.5664928653.1730282741,7995318.5664928653,2024-10-30 10:11:50.763828,2024-10-30,mobile,United States,(direct),(none),(direct),Direct,28.88,28.88,2.0,1,1,['Stationery'],1,True,,14.44,10,Wednesday,1789
T0001544,7450942.1405777116.1728971769,7450942.1405777116,2024-10-15 05:53:54.232956,2024-10-15,desktop,India,google,organic,(organic),Organic Search,28.88,28.88,2.0,1,1,['Stationery'],1,True,,14.44,5,Tuesday,1789
T0003981,5805665.2084524407.1732752166,5805665.2084524407,2024-11-28 00:11:30.318608,2024-11-28,mobile,United States,(direct),(none),(direct),Direct,28.88,28.88,2.0,1,1,['Stationery'],1,True,,14.44,0,Thursday,1789
T0000911,4595105.4135375473.1727611225,4595105.4135375473,2024-09-29 11:57:01.558008,2024-09-29,mobile,United States,google,organic,(organic),Organic Search,28.88,28.88,2.0,1,1,['Stationery'],1,True,,14.44,11,Sunday,1789
T0002845,5095771.3312844183.1731257436,5095771.3312844183,2024-11-10 16:57:36.964543,2024-11-10,mobile,United States,(direct),(none),(direct),Direct,28.88,28.88,2.0,1,1,['Stationery'],1,True,,14.44,16,Sunday,1789
T0003554,9123703.7844549693.1732503136,9123703.7844549693,2024-11-25 02:55:03.499342,2024-11-25,desktop,United States,partners,affiliate,coupon_partners,Affiliate,28.88,28.88,2.0,1,1,['Stationery'],1,True,,14.44,2,Monday,1789
T0002157,2164115.2804036623.1730070466,2164115.2804036623,2024-10-27 23:17:20.802213,2024-10-27,desktop,United States,google,cpc,shopping_feed,Paid,28.88,28.88,2.0,1,1,['Stationery'],1,True,,14.44,23,Sunday,1789
T0002886,1096030.2211072606.1731331725,1096030.2211072606,2024-11-11 13:31:56.207274,2024-11-11,desktop,Brazil,newsletter,email,weekly_drop,Email,28.88,28.88,2.0,1,1,['Stationery'],1,True,,14.44,13,Monday,1789
T0002697,7678518.5906706078.1731003497,7678518.5906706078,2024-11-07 18:11:24.496104,2024-11-07,desktop,United States,google,organic,(organic),Organic Search,28.88,28.88,2.0,1,1,['Stationery'],1,True,,14.44,18,Thursday,1789
T0002043,6558143.8804705594.1729886373,6558143.8804705594,2024-10-25 20:08:16.713816,2024-10-25,desktop,Brazil,google,organic,(organic),Organic Search,28.88,28.88,2.0,1,1,['Stationery'],1,True,,14.44,20,Friday,1789
T0002430,5959046.1558721206.1730551488,5959046.1558721206,2024-11-02 12:43:39.244250,2024-11-02,mobile,United States,google,organic,(organic),Organic Search,28.88,28.88,2.0,1,1,['Stationery'],1,True,,14.44,12,Saturday,1789
T0000513,2866344.9732437701.1726755080,2866344.9732437701,2024-09-19 14:18:37.844661,2024-09-19,desktop,United Kingdom,(direct),(none),(direct),Direct,28.88,28.88,2.0,1,1,['Stationery'],1,True,,14.44,14,Thursday,1789
T0003686,5764997.1647287724.1732587804,5764997.1647287724,2024-11-26 02:14:38.636086,2024-11-26,desktop,Brazil,google,organic,(organic),Organic Search,28.88,28.88,2.0,1,1,['Stationery'],1,True,,14.44,2,Tuesday,1789
T0001102,6357682.3812445079.1728045389,6357682.3812445079,2024-10-04 12:36:19.876573,2024-10-04,mobile,Canada,google,cpc,brand_search,Paid,28.88,28.88,2.0,1,1,['Stationery'],1,True,,14.44,12,Friday,1789
T0002409,2895567.2916314466.1730519575,2895567.2916314466,2024-11-02 03:46:56.186529,2024-11-02,mobile,United States,newsletter,email,weekly_drop,Email,28.88,28.88,2.0,1,1,['Stationery'],1,True,,14.44,3,Saturday,1789
T0003843,8567434.6011712525.1732673795,8567434.6011712525,2024-11-27 02:20:05.923005,2024-11-27,desktop,United States,google,cpc,shopping_feed,Paid,28.77,28.77,2.0,2,1,['Accessories'],1,True,,14.39,2,Wednesday,1790
T0003742,2043857.4047617260.1732626867,2043857.4047617260,2024-11-26 13:19:42.109126,2024-11-26,mobile,United States,newsletter,email,weekly_drop,Email,28.68,28.68,2.0,1,1,['Drinkware'],1,True,,14.34,13,Tuesday,1791
T0001542,6865215.8254749260.1728952112,6865215.8254749260,2024-10-15 00:39:54.533587,2024-10-15,desktop,Brazil,newsletter,email,weekly_drop,Email,28.59,28.59,1.0,1,1,['Office'],1,True,,28.59,0,Tuesday,1792
T0000821,4823899.3455688126.1727422515,4823899.3455688126,2024-09-27 07:47:27.319916,2024-09-27,desktop,United States,google,cpc,shopping_feed,Paid,28.59,28.59,1.0,1,1,['Office'],1,True,,28.59,7,Friday,1792
T0003021,2015062.3368504200.1731579999,2015062.3368504200,2024-11-14 10:34:56.933351,2024-11-14,mobile,Germany,google,cpc,brand_search,Paid,28.59,28.59,1.0,1,1,['Office'],1,True,,28.59,10,Thursday,1792
T0000244,3609723.2322018272.1726079329,3609723.2322018272,2024-09-11 18:43:30.336248,2024-09-11,tablet,Canada,(direct),(none),(direct),Direct,28.59,28.59,1.0,1,1,['Office'],1,True,,28.59,18,Wednesday,1792
T0000425,4901416.7989247433.1726519558,4901416.7989247433,2024-09-16 20:53:48.918834,2024-09-16,desktop,United States,(direct),(none),(direct),Direct,28.55,28.55,2.0,2,2,['Accessories' 'Lifestyle'],1,True,,14.28,20,Monday,1793
T0001530,5172922.3702609218.1728941290,5172922.3702609218,2024-10-14 21:21:59.983724,2024-10-14,desktop,India,newsletter,email,weekly_drop,Email,28.55,28.55,2.0,2,2,['Accessories' 'Lifestyle'],2,False,5,14.28,21,Monday,1793
T0004176,4963476.3104037494.1732839810,4963476.3104037494,2024-11-29 00:21:41.856022,2024-11-29,desktop,United States,newsletter,email,weekly_drop,Email,28.54,28.54,1.0,1,1,['Bags'],1,True,,28.54,0,Friday,1794
T0002176,9507371.2929741753.1730125827,9507371.2929741753,2024-10-28 14:42:32.657027,2024-10-28,desktop,Netherlands,(direct),(none),(direct),Direct,28.46,28.46,1.0,1,1,['Office'],1,True,,28.46,14,Monday,1795
T0002596,6499762.3393754787.1730825805,6499762.3393754787,2024-11-05 16:58:40.450530,2024-11-05,desktop,India,google,organic,(organic),Organic Search,28.11,28.11,2.0,2,2,['Apparel' 'Office'],2,False,2,14.06,16,Tuesday,1796
T0000389,4020039.7473320005.1726438621,4020039.7473320005,2024-09-15 22:20:29.731441,2024-09-15,mobile,United States,(direct),(none),(direct),Direct,28.09,28.09,1.0,1,1,['Accessories'],1,True,,28.09,22,Sunday,1797
T0002767,5971504.6269395180.1731119912,5971504.6269395180,2024-11-09 02:42:28.371762,2024-11-09,desktop,United States,google,cpc,shopping_feed,Paid,28.09,28.09,1.0,1,1,['Accessories'],1,True,,28.09,2,Saturday,1797
T0000269,3784136.4564256376.1726142290,3784136.4564256376,2024-09-12 12:03:24.323374,2024-09-12,desktop,United States,google,cpc,brand_search,Paid,28.09,28.09,1.0,1,1,['Accessories'],1,True,,28.09,12,Thursday,1797
T0003949,8990505.7269991681.1732738059,8990505.7269991681,2024-11-27 20:22:58.028949,2024-11-27,desktop,United States,facebook,paid_social,prospecting_broad,Paid,28.09,28.09,1.0,1,1,['Accessories'],1,True,,28.09,20,Wednesday,1797
T0002756,1395761.1734297865.1731097749,1395761.1734297865,2024-11-08 20:23:12.648835,2024-11-08,desktop,France,google,cpc,shopping_feed,Paid,28.09,28.09,1.0,1,1,['Accessories'],1,True,,28.09,20,Friday,1797
T0000310,1595585.6458242304.1726247607,1595585.6458242304,2024-09-13 17:11:58.002334,2024-09-13,desktop,United States,google,cpc,shopping_feed,Paid,28.09,28.09,1.0,1,1,['Accessories'],1,True,,28.09,17,Friday,1797
T0002466,4580504.1069387158.1730607583,4580504.1069387158,2024-11-03 04:31:44.708623,2024-11-03,mobile,United States,(direct),(none),(direct),Direct,28.09,28.09,1.0,1,1,['Accessories'],1,True,,28.09,4,Sunday,1797
T0003458,3683004.5547700271.1732357954,3683004.5547700271,2024-11-23 10:39:43.220650,2024-11-23,mobile,United States,google,cpc,shopping_feed,Paid,28.09,28.09,1.0,1,1,['Accessories'],1,True,,28.09,10,Saturday,1797
T0000428,7128503.5566134291.1726530738,7128503.5566134291,2024-09-16 23:47:18.794842,2024-09-16,desktop,Germany,google,organic,(organic),Organic Search,28.09,28.09,1.0,1,1,['Accessories'],1,True,,28.09,23,Monday,1797
T0002759,1399297.2257702097.1731100452,1399297.2257702097,2024-11-08 21:15:49.155668,2024-11-08,mobile,Canada,partners,affiliate,coupon_partners,Affiliate,28.09,28.09,1.0,1,1,['Accessories'],1,True,,28.09,21,Friday,1797
T0000033,4914934.7596107759.1725348129,4914934.7596107759,2024-09-03 07:35:49.289455,2024-09-03,desktop,United States,google,organic,(organic),Organic Search,28.09,28.09,1.0,1,1,['Accessories'],1,True,,28.09,7,Tuesday,1797
T0001013,1798084.4802229092.1727806306,1798084.4802229092,2024-10-01 18:02:36.587835,2024-10-01,desktop,Netherlands,google,organic,(organic),Organic Search,28.09,28.09,1.0,1,1,['Accessories'],1,True,,28.09,18,Tuesday,1797
T0000519,1400025.3952284674.1726764620,1400025.3952284674,2024-09-19 16:47:09.523196,2024-09-19,desktop,India,google,organic,(organic),Organic Search,28.09,28.09,1.0,1,1,['Accessories'],1,True,,28.09,16,Thursday,1797
T0000747,1631542.8977794869.1727244094,1631542.8977794869,2024-09-25 06:15:10.506025,2024-09-25,mobile,Germany,(direct),(none),(direct),Direct,28.09,28.09,1.0,1,1,['Accessories'],1,True,,28.09,6,Wednesday,1797
T0003192,4724644.2777364001.1731886995,4724644.2777364001,2024-11-17 23:48:25.996536,2024-11-17,mobile,United States,newsletter,email,weekly_drop,Email,28.09,28.09,1.0,1,1,['Accessories'],1,True,,28.09,23,Sunday,1797
T0001423,5870266.1751251567.1728731485,5870266.1751251567,2024-10-12 11:14:53.499435,2024-10-12,desktop,United States,google,cpc,brand_search,Paid,28.09,28.09,1.0,1,1,['Accessories'],1,True,,28.09,11,Saturday,1797
T0000155,2021564.6901081745.1725827439,2021564.6901081745,2024-09-08 20:30:36.045361,2024-09-08,desktop,United States,(direct),(none),(direct),Direct,28.09,28.09,1.0,1,1,['Accessories'],1,True,,28.09,20,Sunday,1797
T0001643,1435863.6916903472.1729158372,1435863.6916903472,2024-10-17 09:53:53.919039,2024-10-17,desktop,United States,google,cpc,brand_search,Paid,28.09,28.09,1.0,1,1,['Accessories'],1,True,,28.09,9,Thursday,1797
T0002688,6716505.8411924899.1730988408,6716505.8411924899,2024-11-07 14:13:17.099270,2024-11-07,mobile,Canada,google,organic,(organic),Organic Search,28.09,28.09,1.0,1,1,['Accessories'],1,True,,28.09,14,Thursday,1797
T0004126,3391254.7103471437.1732822021,3391254.7103471437,2024-11-28 19:29:12.697719,2024-11-28,tablet,Germany,(direct),(none),(direct),Direct,28.09,28.09,1.0,1,1,['Accessories'],1,True,,28.09,19,Thursday,1797
T0001865,9750997.5476631169.1729600260,9750997.5476631169,2024-10-22 12:27:29.882158,2024-10-22,desktop,Brazil,google,cpc,shopping_feed,Paid,28.09,28.09,1.0,1,1,['Accessories'],1,True,,28.09,12,Tuesday,1797
T0002969,8275945.1429309680.1731480744,8275945.1429309680,2024-11-13 07:04:39.133077,2024-11-13,desktop,Germany,google,organic,(organic),Organic Search,28.09,28.09,1.0,1,1,['Accessories'],1,True,,28.09,7,Wednesday,1797
T0001114,6819759.3985525212.1728071151,6819759.3985525212,2024-10-04 19:44:02.661560,2024-10-04,mobile,Australia,google,cpc,shopping_feed,Paid,28.09,28.09,1.0,1,1,['Accessories'],2,False,9,28.09,19,Friday,1797
T0004277,6834610.7572324452.1732896722,6834610.7572324452,2024-11-29 16:15:37.491753,2024-11-29,mobile,Australia,google,organic,(organic),Organic Search,28.09,28.09,1.0,1,1,['Accessories'],1,True,,28.09,16,Friday,1797
T0003714,8249508.5745718640.1732617863,8249508.5745718640,2024-11-26 10:53:52.770032,2024-11-26,mobile,United Kingdom,facebook,paid_social,prospecting_broad,Paid,28.09,28.09,1.0,1,1,['Accessories'],1,True,,28.09,10,Tuesday,1797
T0003423,1899757.2098422606.1732291525,1899757.2098422606,2024-11-22 16:03:53.833676,2024-11-22,desktop,United States,(direct),(none),(direct),Direct,28.09,28.09,1.0,1,1,['Accessories'],1,True,,28.09,16,Friday,1797
T0003031,1693532.4725589478.1731606754,1693532.4725589478,2024-11-14 17:52:13.052400,2024-11-14,mobile,Mexico,(direct),(none),(direct),Direct,28.09,28.09,1.0,1,1,['Accessories'],1,True,,28.09,17,Thursday,1797
T0000752,3016478.1971474861.1727260297,3016478.1971474861,2024-09-25 10:26:07.403088,2024-09-25,mobile,Brazil,google,organic,(organic),Organic Search,28.09,28.09,1.0,1,1,['Accessories'],1,True,,28.09,10,Wednesday,1797
T0002103,5060760.8611352874.1729984433,5060760.8611352874,2024-10-26 23:09:35.686287,2024-10-26,desktop,United States,(direct),(none),(direct),Direct,28.09,28.09,1.0,1,1,['Accessories'],1,True,,28.09,23,Saturday,1797
T0004360,8681956.3659088577.1732935628,8681956.3659088577,2024-11-30 02:57:53.962144,2024-11-30,tablet,United States,(direct),(none),(direct),Direct,28.09,28.09,1.0,1,1,['Accessories'],2,False,4,28.09,2,Saturday,1797
T0000065,2440856.2159275076.1725482991,2440856.2159275076,2024-09-04 20:45:05.859366,2024-09-04,desktop,United Kingdom,(direct),(none),(direct),Direct,28.09,28.09,1.0,1,1,['Accessories'],1,True,,28.09,20,Wednesday,1797
T0000178,9878997.2380144658.1725904810,9878997.2380144658,2024-09-09 18:04:58.134546,2024-09-09,desktop,Germany,google,cpc,shopping_feed,Paid,28.09,28.09,1.0,1,1,['Accessories'],1,True,,28.09,18,Monday,1797
T0002791,9003188.8221369568.1731163133,9003188.8221369568,2024-11-09 14:59:09.401611,2024-11-09,mobile,United States,(direct),(none),(direct),Direct,28.09,28.09,1.0,1,1,['Accessories'],1,True,,28.09,14,Saturday,1797
T0003219,7896099.1057086607.1731953465,7896099.1057086607,2024-11-18 18:14:25.691923,2024-11-18,tablet,United States,(direct),(none),(direct),Direct,28.09,28.09,1.0,1,1,['Accessories'],1,True,,28.09,18,Monday,1797
T0003401,7896099.1057086607.1732271884,7896099.1057086607,2024-11-22 10:47:43.275137,2024-11-22,tablet,United States,(direct),(none),(direct),Direct,28.09,28.09,1.0,1,1,['Accessories'],2,False,4,28.09,10,Friday,1797
T0000886,8020756.8195269326.1727545870,8020756.8195269326,2024-09-28 17:59:44.699016,2024-09-28,tablet,United Kingdom,(direct),(none),(direct),Direct,28.09,28.09,1.0,1,1,['Accessories'],1,True,,28.09,17,Saturday,1797
T0000411,2887169.7215649838.1726495983,2887169.7215649838,2024-09-16 14:17:16.603753,2024-09-16,mobile,United States,newsletter,email,weekly_drop,Email,28.09,28.09,1.0,1,1,['Accessories'],1,True,,28.09,14,Monday,1797
T0003365,9645240.8479498067.1732199066,9645240.8479498067,2024-11-21 14:35:22.618378,2024-11-21,mobile,Netherlands,(direct),(none),(direct),Direct,28.09,28.09,1.0,1,1,['Accessories'],1,True,,28.09,14,Thursday,1797
T0002240,2658636.9795800907.1730233328,2658636.9795800907,2024-10-29 20:33:03.375024,2024-10-29,desktop,Australia,(direct),(none),(direct),Direct,28.09,28.09,1.0,1,1,['Accessories'],1,True,,28.09,20,Tuesday,1797
T0002182,3318692.8000408278.1730136165,3318692.8000408278,2024-10-28 17:25:52.555005,2024-10-28,mobile,United States,google,cpc,brand_search,Paid,28.09,28.09,1.0,1,1,['Accessories'],1,True,,28.09,17,Monday,1797
T0003179,6728577.6706104793.1731875534,6728577.6706104793,2024-11-17 20:42:53.279036,2024-11-17,desktop,United States,(direct),(none),(direct),Direct,28.09,28.09,1.0,1,1,['Accessories'],1,True,,28.09,20,Sunday,1797
T0002739,7843644.3101108464.1731082874,7843644.3101108464,2024-11-08 16:30:06.678364,2024-11-08,desktop,Canada,google,organic,(organic),Organic Search,28.09,28.09,1.0,1,1,['Accessories'],1,True,,28.09,16,Friday,1797
T0001721,1853315.1400766660.1729285353,1853315.1400766660,2024-10-18 21:00:44.006259,2024-10-18,desktop,Singapore,google,cpc,brand_search,Paid,28.09,28.09,1.0,1,1,['Accessories'],1,True,,28.09,21,Friday,1797
T0001382,1560546.1471616104.1728659636,1560546.1471616104,2024-10-11 15:09:44.031892,2024-10-11,desktop,United States,(direct),(none),(direct),Direct,28.09,28.09,1.0,1,1,['Accessories'],1,True,,28.09,15,Friday,1797
T0001691,7462166.8548635638.1729247163,7462166.8548635638,2024-10-18 10:37:03.951114,2024-10-18,desktop,United States,partners,affiliate,coupon_partners,Affiliate,28.09,28.09,1.0,1,1,['Accessories'],1,True,,28.09,10,Friday,1797
T0000653,6071230.3210005728.1727045152,6071230.3210005728,2024-09-22 23:03:30.597555,2024-09-22,tablet,Canada,google,cpc,shopping_feed,Paid,28.09,28.09,1.0,1,1,['Accessories'],1,True,,28.09,23,Sunday,1797
T0000960,8560846.7353633797.1727716297,8560846.7353633797,2024-09-30 17:16:08.036856,2024-09-30,desktop,United States,google,organic,(organic),Organic Search,28.09,28.09,1.0,1,1,['Accessories'],1,True,,28.09,17,Monday,1797
T0003771,6838802.6988200142.1732640533,6838802.6988200142,2024-11-26 17:15:50.689229,2024-11-26,desktop,Singapore,google,organic,(organic),Organic Search,28.09,28.09,1.0,1,1,['Accessories'],1,True,,28.09,17,Tuesday,1797
T0003433,3686643.7375823782.1732301189,3686643.7375823782,2024-11-22 18:49:07.351064,2024-11-22,desktop,United States,partners,affiliate,coupon_partners,Affiliate,28.09,28.09,1.0,1,1,['Accessories'],1,True,,28.09,18,Friday,1797
T0002687,1769143.9317038320.1730987772,1769143.9317038320,2024-11-07 13:54:47.467616,2024-11-07,tablet,United States,newsletter,email,weekly_drop,Email,28.09,28.09,1.0,1,1,['Accessories'],1,True,,28.09,13,Thursday,1797
T0002643,2296829.3061431798.1730906010,2296829.3061431798,2024-11-06 15:05:22.663910,2024-11-06,desktop,United States,google,cpc,brand_search,Paid,28.09,28.09,1.0,1,1,['Accessories'],1,True,,28.09,15,Wednesday,1797
T0000642,8949918.8779806005.1727028413,8949918.8779806005,2024-09-22 18:08:16.638823,2024-09-22,tablet,United States,google,cpc,shopping_feed,Paid,28.09,28.09,1.0,1,1,['Accessories'],1,True,,28.09,18,Sunday,1797
T0001225,2303379.1760551165.1728324224,2303379.1760551165,2024-10-07 18:01:52.935690,2024-10-07,mobile,United States,(direct),(none),(direct),Direct,28.09,28.09,1.0,1,1,['Accessories'],1,True,,28.09,18,Monday,1797
T0000190,5651150.1113522759.1725928998,5651150.1113522759,2024-09-10 00:46:44.689415,2024-09-10,desktop,France,google,organic,(organic),Organic Search,28.09,28.09,1.0,1,1,['Accessories'],1,True,,28.09,0,Tuesday,1797
T0001374,7230406.2230455989.1728645704,7230406.2230455989,2024-10-11 11:16:00.892507,2024-10-11,desktop,United Kingdom,google,organic,(organic),Organic Search,28.09,28.09,1.0,1,1,['Accessories'],1,True,,28.09,11,Friday,1797
T0003157,8297355.5561549723.1731840568,8297355.5561549723,2024-11-17 10:59:17.482992,2024-11-17,tablet,Singapore,(direct),(none),(direct),Direct,28.09,28.09,1.0,1,1,['Accessories'],1,True,,28.09,10,Sunday,1797
T0000840,4010886.6533935793.1727452677,4010886.6533935793,2024-09-27 16:00:16.795633,2024-09-27,tablet,Canada,google,organic,(organic),Organic Search,28.09,28.09,1.0,1,1,['Accessories'],1,True,,28.09,16,Friday,1797
T0003840,5702543.4520930739.1732668135,5702543.4520930739,2024-11-27 00:48:07.786459,2024-11-27,mobile,United States,google,cpc,shopping_feed,Paid,28.09,28.09,1.0,1,1,['Accessories'],1,True,,28.09,0,Wednesday,1797
T0002976,3817582.3683698790.1731495462,3817582.3683698790,2024-11-13 11:02:09.049066,2024-11-13,mobile,United States,newsletter,email,weekly_drop,Email,28.09,28.09,1.0,1,1,['Accessories'],1,True,,28.09,11,Wednesday,1797
T0004082,4924984.7290614660.1732805677,4924984.7290614660,2024-11-28 14:57:30.308731,2024-11-28,mobile,Australia,google,cpc,brand_search,Paid,28.09,28.09,1.0,1,1,['Accessories'],1,True,,28.09,14,Thursday,1797
T0003867,7901410.7094991892.1732695762,7901410.7094991892,2024-11-27 08:28:03.561238,2024-11-27,mobile,United States,google,organic,(organic),Organic Search,28.09,28.09,1.0,1,1,['Accessories'],1,True,,28.09,8,Wednesday,1797
T0003961,9462984.2989772882.1732746822,9462984.2989772882,2024-11-27 22:31:57.666886,2024-11-27,mobile,United Kingdom,(direct),(none),(direct),Direct,28.09,28.09,1.0,1,1,['Accessories'],1,True,,28.09,22,Wednesday,1797
T0001405,1363266.3731305851.1728685846,1363266.3731305851,2024-10-11 22:38:19.727154,2024-10-11,mobile,United States,partners,affiliate,coupon_partners,Affiliate,28.09,28.09,1.0,1,1,['Accessories'],1,True,,28.09,22,Friday,1797
T0001381,9995705.7035713659.1728658272,9995705.7035713659,2024-10-11 15:00:55.290859,2024-10-11,tablet,India,(direct),(none),(direct),Direct,28.09,28.09,1.0,1,1,['Accessories'],1,True,,28.09,15,Friday,1797
T0001471,5581791.7464449923.1728854563,5581791.7464449923,2024-10-13 21:26:59.194704,2024-10-13,mobile,Singapore,google,cpc,shopping_feed,Paid,28.09,28.09,1.0,1,1,['Accessories'],2,False,5,28.09,21,Sunday,1797
T0002357,4021817.7869337897.1730437160,4021817.7869337897,2024-11-01 05:02:42.005884,2024-11-01,mobile,United States,(direct),(none),(direct),Direct,28.09,28.09,1.0,1,1,['Accessories'],1,True,,28.09,5,Friday,1797
T0000870,7604380.7309314376.1727513499,7604380.7309314376,2024-09-28 08:54:46.212251,2024-09-28,desktop,Japan,(direct),(none),(direct),Direct,28.09,28.09,1.0,1,1,['Accessories'],1,True,,28.09,8,Saturday,1797
T0002036,4398960.8575431684.1729872439,4398960.8575431684,2024-10-25 16:14:34.792236,2024-10-25,tablet,Germany,(direct),(none),(direct),Direct,28.09,28.09,1.0,1,1,['Accessories'],1,True,,28.09,16,Friday,1797
T0004153,2096271.9796841456.1732829988,2096271.9796841456,2024-11-28 21:37:42.702179,2024-11-28,mobile,United Kingdom,google,organic,(organic),Organic Search,28.09,28.09,1.0,1,1,['Accessories'],1,True,,28.09,21,Thursday,1797
T0004028,4411175.8641726452.1732785506,4411175.8641726452,2024-11-28 09:21:49.799547,2024-11-28,mobile,United States,google,organic,(organic),Organic Search,28.09,28.09,1.0,1,1,['Accessories'],1,True,,28.09,9,Thursday,1797
T0000884,9168273.9656869122.1727542412,9168273.9656869122,2024-09-28 17:19:12.809193,2024-09-28,mobile,Canada,google,organic,(organic),Organic Search,28.09,28.09,1.0,1,1,['Accessories'],1,True,,28.09,17,Saturday,1797
T0004016,1604118.1856553691.1732777840,1604118.1856553691,2024-11-28 07:12:46.096113,2024-11-28,mobile,United States,(direct),(none),(direct),Direct,28.09,28.09,1.0,1,1,['Accessories'],1,True,,28.09,7,Thursday,1797
T0004246,9193830.4218306623.1732882124,9193830.4218306623,2024-11-29 12:12:04.374466,2024-11-29,desktop,United States,(direct),(none),(direct),Direct,28.09,28.09,1.0,1,1,['Accessories'],2,False,13,28.09,12,Friday,1797
T0003722,7869939.8667397344.1732621001,7869939.8667397344,2024-11-26 11:32:38.178015,2024-11-26,desktop,United States,google,cpc,shopping_feed,Paid,28.09,28.09,1.0,1,1,['Accessories'],1,True,,28.09,11,Tuesday,1797
T0004300,1006810.9086299302.1732906652,1006810.9086299302,2024-11-29 18:57:30.344142,2024-11-29,desktop,United States,google,cpc,shopping_feed,Paid,28.09,28.09,1.0,1,1,['Accessories'],1,True,,28.09,18,Friday,1797
T0000408,4502102.5786080327.1726495174,4502102.5786080327,2024-09-16 13:55:45.364544,2024-09-16,mobile,United States,newsletter,email,weekly_drop,Email,28.09,28.09,1.0,1,1,['Accessories'],1,True,,28.09,13,Monday,1797
T0002874,7294955.5396845104.1731305090,7294955.5396845104,2024-11-11 06:10:51.804918,2024-11-11,desktop,Brazil,newsletter,email,weekly_drop,Email,28.09,28.09,1.0,1,1,['Accessories'],2,False,21,28.09,6,Monday,1797
T0004201,6576790.5871020278.1732856350,6576790.5871020278,2024-11-29 04:55:44.516886,2024-11-29,desktop,Netherlands,(direct),(none),(direct),Direct,28.09,28.09,1.0,1,1,['Accessories'],1,True,,28.09,4,Friday,1797
T0001871,2667317.6184265936.1729606608,2667317.6184265936,2024-10-22 14:21:15.802534,2024-10-22,desktop,Canada,(direct),(none),(direct),Direct,28.09,28.09,1.0,1,1,['Accessories'],1,True,,28.09,14,Tuesday,1797
T0002930,9494894.5202017394.1731408286,9494894.5202017394,2024-11-12 10:49:57.642877,2024-11-12,mobile,United States,google,cpc,brand_search,Paid,28.09,28.09,1.0,1,1,['Accessories'],1,True,,28.09,10,Tuesday,1797
T0004286,2300069.3085254428.1732900625,2300069.3085254428,2024-11-29 17:17:29.400856,2024-11-29,mobile,United Kingdom,partners,affiliate,coupon_partners,Affiliate,28.09,28.09,1.0,1,1,['Accessories'],1,True,,28.09,17,Friday,1797
T0000980,8606408.2431467856.1727747682,8606408.2431467856,2024-10-01 02:04:05.619020,2024-10-01,desktop,United Kingdom,(direct),(none),(direct),Direct,28.09,28.09,1.0,1,1,['Accessories'],1,True,,28.09,2,Tuesday,1797
T0000438,9517938.2164567040.1726556316,9517938.2164567040,2024-09-17 06:53:09.589850,2024-09-17,desktop,United States,(direct),(none),(direct),Direct,28.09,28.09,1.0,1,1,['Accessories'],1,True,,28.09,6,Tuesday,1797
T0002675,8340125.5821905883.1730960011,8340125.5821905883,2024-11-07 06:03:07.308979,2024-11-07,mobile,United States,google,cpc,brand_search,Paid,28.09,28.09,1.0,1,1,['Accessories'],1,True,,28.09,6,Thursday,1797
T0002942,7725589.9396980894.1731429359,7725589.9396980894,2024-11-12 16:42:42.132804,2024-11-12,desktop,Canada,newsletter,email,weekly_drop,Email,28.09,28.09,1.0,1,1,['Accessories'],1,True,,28.09,16,Tuesday,1797
T0001136,4881001.2156751312.1728126093,4881001.2156751312,2024-10-05 11:07:00.441013,2024-10-05,mobile,United States,(direct),(none),(direct),Direct,28.09,28.09,1.0,1,1,['Accessories'],1,True,,28.09,11,Saturday,1797
T0003729,4051418.5775135501.1732624119,4051418.5775135501,2024-11-26 12:23:25.022253,2024-11-26,mobile,United States,google,organic,(organic),Organic Search,28.09,28.09,1.0,1,1,['Accessories'],1,True,,28.09,12,Tuesday,1797
T0000341,6151441.2020008820.1726340929,6151441.2020008820,2024-09-14 19:19:44.979209,2024-09-14,mobile,Japan,google,organic,(organic),Organic Search,28.09,28.09,1.0,1,1,['Accessories'],1,True,,28.09,19,Saturday,1797
T0001616,6948564.2795287489.1729110130,6948564.2795287489,2024-10-16 20:37:15.986225,2024-10-16,desktop,United Kingdom,google,cpc,brand_search,Paid,28.09,28.09,1.0,1,1,['Accessories'],1,True,,28.09,20,Wednesday,1797
T0003680,8010288.7513199975.1732580715,8010288.7513199975,2024-11-26 00:30:53.620270,2024-11-26,desktop,United States,google,cpc,brand_search,Paid,28.09,28.09,1.0,1,1,['Accessories'],1,True,,28.09,0,Tuesday,1797
T0002154,5953574.6316921694.1730066994,5953574.6316921694,2024-10-27 22:17:38.936188,2024-10-27,desktop,Singapore,google,organic,(organic),Organic Search,28.09,28.09,1.0,1,1,['Accessories'],1,True,,28.09,22,Sunday,1797
T0003756,3641135.5331204637.1732634263,3641135.5331204637,2024-11-26 15:12:49.238814,2024-11-26,mobile,United States,newsletter,email,weekly_drop,Email,28.09,28.09,1.0,1,1,['Accessories'],1,True,,28.09,15,Tuesday,1797
T0002912,2282979.4361656627.1731364198,2282979.4361656627,2024-11-11 22:39:31.720081,2024-11-11,desktop,Singapore,(direct),(none),(direct),Direct,28.09,28.09,1.0,1,1,['Accessories'],1,True,,28.09,22,Monday,1797
T0003738,6029060.1869825578.1732626154,6029060.1869825578,2024-11-26 12:58:33.871760,2024-11-26,mobile,United States,newsletter,email,weekly_drop,Email,28.09,28.09,1.0,1,1,['Accessories'],1,True,,28.09,12,Tuesday,1797
T0002340,5953574.6316921694.1730404885,5953574.6316921694,2024-10-31 20:04:57.344733,2024-10-31,desktop,Singapore,google,organic,(organic),Organic Search,28.09,28.09,1.0,1,1,['Accessories'],2,False,4,28.09,20,Thursday,1797
T0000075,3013611.8059494518.1725554806,3013611.8059494518,2024-09-05 17:00:08.959091,2024-09-05,mobile,Canada,newsletter,email,weekly_drop,Email,28.09,28.09,1.0,1,1,['Accessories'],1,True,,28.09,17,Thursday,1797
T0000547,2079109.1896041490.1726827549,2079109.1896041490,2024-09-20 10:24:50.842377,2024-09-20,desktop,United States,(direct),(none),(direct),Direct,28.09,28.09,1.0,1,1,['Accessories'],1,True,,28.09,10,Friday,1797
T0001301,8169268.8812244931.1728474846,8169268.8812244931,2024-10-09 12:07:06.745990,2024-10-09,tablet,Japan,(direct),(none),(direct),Direct,28.09,28.09,1.0,1,1,['Accessories'],1,True,,28.09,12,Wednesday,1797
T0002666,5924581.1694835182.1730934488,5924581.1694835182,2024-11-06 23:11:50.175841,2024-11-06,desktop,Germany,google,organic,(organic),Organic Search,28.09,28.09,1.0,1,1,['Accessories'],1,True,,28.09,23,Wednesday,1797
T0002148,3797828.2208298234.1730061279,3797828.2208298234,2024-10-27 20:44:47.609460,2024-10-27,mobile,United States,google,organic,(organic),Organic Search,28.09,28.09,1.0,1,1,['Accessories'],1,True,,28.09,20,Sunday,1797
T0003669,3804298.4195713917.1732576425,3804298.4195713917,2024-11-25 23:06:59.039193,2024-11-25,desktop,United States,newsletter,email,weekly_drop,Email,28.09,28.09,1.0,1,1,['Accessories'],1,True,,28.09,23,Monday,1797
T0004350,3961311.1607435140.1732925087,3961311.1607435140,2024-11-30 00:10:11.524954,2024-11-30,mobile,United Kingdom,google,cpc,shopping_feed,Paid,28.09,28.09,1.0,1,1,['Accessories'],1,True,,28.09,0,Saturday,1797
T0003805,9204696.6655439917.1732658272,9204696.6655439917,2024-11-26 21:57:08.785369,2024-11-26,desktop,United States,(direct),(none),(direct),Direct,28.09,28.09,1.0,1,1,['Accessories'],1,True,,28.09,21,Tuesday,1797
T0004074,7414041.1759520971.1732803116,7414041.1759520971,2024-11-28 14:09:55.437698,2024-11-28,desktop,United States,google,organic,(organic),Organic Search,28.09,28.09,1.0,1,1,['Accessories'],1,True,,28.09,14,Thursday,1797
T0003040,3999926.5193683790.1731620898,3999926.5193683790,2024-11-14 21:59:04.207491,2024-11-14,mobile,United States,(direct),(none),(direct),Direct,28.09,28.09,1.0,1,1,['Accessories'],1,True,,28.09,21,Thursday,1797
T0000538,9957614.8534806124.1726789755,9957614.8534806124,2024-09-19 23:56:25.113686,2024-09-19,tablet,Japan,(direct),(none),(direct),Direct,28.09,28.09,1.0,1,1,['Accessories'],1,True,,28.09,23,Thursday,1797
T0000156,9087802.8235251969.1725828377,9087802.8235251969,2024-09-08 20:47:21.907341,2024-09-08,mobile,Germany,google,organic,(organic),Organic Search,28.09,28.09,1.0,1,1,['Accessories'],1,True,,28.09,20,Sunday,1797
T0001209,9854911.1982461990.1728284981,9854911.1982461990,2024-10-07 07:17:07.437943,2024-10-07,desktop,United States,(direct),(none),(direct),Direct,28.09,28.09,1.0,1,1,['Accessories'],2,False,22,28.09,7,Monday,1797
T0003480,1138457.8118743492.1732386556,1138457.8118743492,2024-11-23 18:45:32.670420,2024-11-23,mobile,United States,google,organic,(organic),Organic Search,28.09,28.09,1.0,1,1,['Accessories'],3,False,19,28.09,18,Saturday,1797
T0002614,1436747.2609864738.1730847838,1436747.2609864738,2024-11-05 23:03:00.523320,2024-11-05,mobile,United States,(direct),(none),(direct),Direct,28.09,28.09,1.0,1,1,['Accessories'],1,True,,28.09,23,Tuesday,1797
T0000168,7137113.3454494463.1725887631,7137113.3454494463,2024-09-09 13:11:31.404078,2024-09-09,mobile,United States,partners,affiliate,coupon_partners,Affiliate,28.09,28.09,1.0,1,1,['Accessories'],1,True,,28.09,13,Monday,1797
T0002950,4722418.2742973081.1731443425,4722418.2742973081,2024-11-12 20:35:25.627698,2024-11-12,desktop,Japan,google,cpc,shopping_feed,Paid,28.09,28.09,1.0,1,1,['Accessories'],1,True,,28.09,20,Tuesday,1797
T0004411,3062240.6931591772.1732973033,3062240.6931591772,2024-11-30 13:26:28.848372,2024-11-30,desktop,Canada,google,organic,(organic),Organic Search,28.09,28.09,1.0,1,1,['Accessories'],1,True,,28.09,13,Saturday,1797
T0003755,4212230.4373145071.1732633658,4212230.4373145071,2024-11-26 15:09:58.153577,2024-11-26,desktop,Australia,google,organic,(organic),Organic Search,28.09,28.09,1.0,1,1,['Accessories'],1,True,,28.09,15,Tuesday,1797
T0001314,6490442.1950507676.1728489599,6490442.1950507676,2024-10-09 16:03:09.597093,2024-10-09,desktop,United States,(direct),(none),(direct),Direct,28.09,28.09,1.0,1,1,['Accessories'],1,True,,28.09,16,Wednesday,1797
T0002736,1442481.9164340691.1731078417,1442481.9164340691,2024-11-08 14:59:22.465960,2024-11-08,desktop,United States,(direct),(none),(direct),Direct,28.09,28.09,1.0,1,1,['Accessories'],1,True,,28.09,14,Friday,1797
T0002716,5472247.3517686922.1731044598,5472247.3517686922,2024-11-08 05:39:05.167588,2024-11-08,mobile,United States,google,organic,(organic),Organic Search,28.09,28.09,1.0,1,1,['Accessories'],1,True,,28.09,5,Friday,1797
T0002445,2558986.1470381701.1730572618,2558986.1470381701,2024-11-02 18:42:48.412008,2024-11-02,mobile,United States,google,cpc,brand_search,Paid,28.09,28.09,1.0,1,1,['Accessories'],1,True,,28.09,18,Saturday,1797
T0000252,3976660.6541991591.1726088918,3976660.6541991591,2024-09-11 21:12:25.396047,2024-09-11,mobile,United States,(direct),(none),(direct),Direct,28.09,28.09,1.0,1,1,['Accessories'],1,True,,28.09,21,Wednesday,1797
T0002545,8497224.9165204949.1730731393,8497224.9165204949,2024-11-04 14:48:01.386765,2024-11-04,mobile,Japan,newsletter,email,weekly_drop,Email,28.09,28.09,1.0,1,1,['Accessories'],1,True,,28.09,14,Monday,1797
T0000022,9037971.1833684501.1725280116,9037971.1833684501,2024-09-02 12:30:19.848174,2024-09-02,mobile,United States,facebook,paid_social,prospecting_broad,Paid,28.09,28.09,1.0,1,1,['Accessories'],1,True,,28.09,12,Monday,1797
T0000817,4800691.5419277316.1727414633,4800691.5419277316,2024-09-27 05:37:38.141949,2024-09-27,desktop,Canada,youtube.com,referral,(referral),Referral,28.09,28.09,1.0,1,1,['Accessories'],1,True,,28.09,5,Friday,1797
T0001486,3243204.9012200865.1728885045,3243204.9012200865,2024-10-14 05:55:57.886426,2024-10-14,mobile,India,(direct),(none),(direct),Direct,28.09,28.09,1.0,1,1,['Accessories'],1,True,,28.09,5,Monday,1797
T0003663,7019661.8041673653.1732572675,7019661.8041673653,2024-11-25 22:25:25.605785,2024-11-25,desktop,United States,(direct),(none),(direct),Direct,28.09,28.09,1.0,1,1,['Accessories'],1,True,,28.09,22,Monday,1797
T0003164,1261198.4946169427.1731853473,1261198.4946169427,2024-11-17 14:17:54.424157,2024-11-17,mobile,Germany,google,cpc,shopping_feed,Paid,28.09,28.09,1.0,1,1,['Accessories'],1,True,,28.09,14,Sunday,1797
T0000312,3328424.6665037546.1726252177,3328424.6665037546,2024-09-13 18:36:22.244573,2024-09-13,mobile,United States,newsletter,email,weekly_drop,Email,28.09,28.09,1.0,1,1,['Accessories'],1,True,,28.09,18,Friday,1797
T0003428,2788818.5700433942.1732296534,2788818.5700433942,2024-11-22 17:25:28.476771,2024-11-22,desktop,United States,newsletter,email,weekly_drop,Email,28.09,28.09,1.0,1,1,['Accessories'],1,True,,28.09,17,Friday,1797
T0004345,9640186.8464961232.1732922577,9640186.8464961232,2024-11-29 23:18:34.792168,2024-11-29,mobile,United States,newsletter,email,weekly_drop,Email,28.09,28.09,1.0,1,1,['Accessories'],1,True,,28.09,23,Friday,1797
T0000948,6884143.3436437771.1727697026,6884143.3436437771,2024-09-30 11:50:42.827818,2024-09-30,desktop,Germany,google,organic,(organic),Organic Search,28.09,28.09,1.0,1,1,['Accessories'],1,True,,28.09,11,Monday,1797
T0000401,5577238.7100602205.1726485470,5577238.7100602205,2024-09-16 11:18:54.784634,2024-09-16,mobile,Japan,google,cpc,brand_search,Paid,28.09,28.09,1.0,1,1,['Accessories'],1,True,,28.09,11,Monday,1797
T0004355,1696945.2205604329.1732931088,1696945.2205604329,2024-11-30 01:47:12.829791,2024-11-30,desktop,Germany,(direct),(none),(direct),Direct,28.09,28.09,1.0,1,1,['Accessories'],1,True,,28.09,1,Saturday,1797
T0002569,2136953.4010675741.1730777633,2136953.4010675741,2024-11-05 03:32:16.857796,2024-11-05,desktop,United States,newsletter,email,weekly_drop,Email,28.09,28.09,1.0,1,1,['Accessories'],1,True,,28.09,3,Tuesday,1797
T0000917,6916582.8329752148.1727624622,6916582.8329752148,2024-09-29 15:44:25.402499,2024-09-29,mobile,Germany,(direct),(none),(direct),Direct,28.09,28.09,1.0,1,1,['Accessories'],1,True,,28.09,15,Sunday,1797
T0002334,4068384.2974105511.1730399976,4068384.2974105511,2024-10-31 18:39:05.707347,2024-10-31,desktop,United Kingdom,(direct),(none),(direct),Direct,28.09,28.09,1.0,1,1,['Accessories'],1,True,,28.09,18,Thursday,1797
T0003383,5945087.6237408013.1732223030,5945087.6237408013,2024-11-21 21:02:49.194861,2024-11-21,desktop,United States,(direct),(none),(direct),Direct,28.09,28.09,1.0,1,1,['Accessories'],1,True,,28.09,21,Thursday,1797
T0004219,7107648.3381201021.1732871863,7107648.3381201021,2024-11-29 09:23:12.164671,2024-11-29,desktop,United States,(direct),(none),(direct),Direct,28.09,28.09,1.0,1,1,['Accessories'],1,True,,28.09,9,Friday,1797
T0000952,8972094.1674324100.1727700457,8972094.1674324100,2024-09-30 12:47:36.375102,2024-09-30,desktop,United Kingdom,(direct),(none),(direct),Direct,28.09,28.09,1.0,1,1,['Accessories'],1,True,,28.09,12,Monday,1797
T0003174,7276605.4902025424.1731861503,7276605.4902025424,2024-11-17 16:44:41.011555,2024-11-17,mobile,United States,(direct),(none),(direct),Direct,28.09,28.09,1.0,1,1,['Accessories'],1,True,,28.09,16,Sunday,1797
T0002529,2464102.9137676000.1730711837,2464102.9137676000,2024-11-04 09:17:50.603690,2024-11-04,mobile,Netherlands,google,cpc,shopping_feed,Paid,28.09,28.09,1.0,1,1,['Accessories'],1,True,,28.09,9,Monday,1797
T0000548,7186337.9412019310.1726828505,7186337.9412019310,2024-09-20 10:35:03.780536,2024-09-20,desktop,United Kingdom,google,cpc,shopping_feed,Paid,28.09,28.09,1.0,1,1,['Accessories'],1,True,,28.09,10,Friday,1797
T0001117,8804642.1771914091.1728072737,8804642.1771914091,2024-10-04 20:07:29.500679,2024-10-04,mobile,United States,(direct),(none),(direct),Direct,28.09,28.09,1.0,1,1,['Accessories'],1,True,,28.09,20,Friday,1797
T0003008,7645958.7639242372.1731538089,7645958.7639242372,2024-11-13 22:50:16.017891,2024-11-13,mobile,United States,(direct),(none),(direct),Direct,28.09,28.09,1.0,1,1,['Accessories'],2,False,2,28.09,22,Wednesday,1797
T0001641,3539996.5395598258.1729156356,3539996.5395598258,2024-10-17 09:19:36.332817,2024-10-17,tablet,United States,google,cpc,brand_search,Paid,28.09,28.09,1.0,1,1,['Accessories'],1,True,,28.09,9,Thursday,1797
T0003580,2536718.9340009024.1732526906,2536718.9340009024,2024-11-25 09:25:41.739714,2024-11-25,desktop,Germany,(direct),(none),(direct),Direct,28.09,28.09,1.0,1,1,['Accessories'],1,True,,28.09,9,Monday,1797
T0002071,2221222.5887177684.1729948881,2221222.5887177684,2024-10-26 13:37:28.971798,2024-10-26,desktop,United States,google,organic,(organic),Organic Search,28.09,28.09,1.0,1,1,['Accessories'],1,True,,28.09,13,Saturday,1797
T0003358,8919806.9631424798.1732192285,8919806.9631424798,2024-11-21 12:33:07.251943,2024-11-21,mobile,United States,google,cpc,shopping_feed,Paid,28.09,28.09,1.0,1,1,['Accessories'],2,False,12,28.09,12,Thursday,1797
T0002880,1093985.3037150762.1731316274,1093985.3037150762,2024-11-11 09:12:16.719968,2024-11-11,tablet,United States,(direct),(none),(direct),Direct,28.09,28.09,1.0,1,1,['Accessories'],2,False,10,28.09,9,Monday,1797
T0001773,4746557.5902023673.1729381771,4746557.5902023673,2024-10-19 23:46:22.702486,2024-10-19,mobile,United States,(direct),(none),(direct),Direct,28.09,28.09,1.0,1,1,['Accessories'],1,True,,28.09,23,Saturday,1797
T0003055,3751242.6593321610.1731663648,3751242.6593321610,2024-11-15 09:48:41.149442,2024-11-15,desktop,Canada,(direct),(none),(direct),Direct,28.09,28.09,1.0,1,1,['Accessories'],1,True,,28.09,9,Friday,1797
T0000382,6156645.5775120525.1726437104,6156645.5775120525,2024-09-15 21:41:07.830181,2024-09-15,desktop,France,newsletter,email,weekly_drop,Email,28.09,28.09,1.0,1,1,['Accessories'],1,True,,28.09,21,Sunday,1797
T0002868,6264720.8126207814.1731283053,6264720.8126207814,2024-11-11 00:12:22.521518,2024-11-11,desktop,United States,google,organic,(organic),Organic Search,28.09,28.09,1.0,1,1,['Accessories'],1,True,,28.09,0,Monday,1797
T0000110,7259394.7181935567.1725665753,7259394.7181935567,2024-09-06 23:26:35.934557,2024-09-06,mobile,Canada,google,organic,(organic),Organic Search,28.09,28.09,1.0,1,1,['Accessories'],1,True,,28.09,23,Friday,1797
T0004405,8862033.3123806280.1732970734,8862033.3123806280,2024-11-30 12:51:41.570750,2024-11-30,mobile,United States,newsletter,email,weekly_drop,Email,28.09,28.09,1.0,1,1,['Accessories'],1,True,,28.09,12,Saturday,1797
T0002424,9004189.2819908246.1730543940,9004189.2819908246,2024-11-02 10:45:06.709930,2024-11-02,desktop,United States,google,cpc,brand_search,Paid,28.09,28.09,1.0,1,1,['Accessories'],1,True,,28.09,10,Saturday,1797
T0003197,9355013.9908003914.1731908837,9355013.9908003914,2024-11-18 05:48:56.227344,2024-11-18,desktop,Netherlands,google,cpc,shopping_feed,Paid,28.09,28.09,1.0,1,1,['Accessories'],1,True,,28.09,5,Monday,1797
T0002293,9559087.3500187183.1730324859,9559087.3500187183,2024-10-30 22:04:20.575315,2024-10-30,tablet,United States,google,cpc,shopping_feed,Paid,28.09,28.09,1.0,1,1,['Accessories'],1,True,,28.09,22,Wednesday,1797
T0003039,1330730.9909011132.1731619055,1330730.9909011132,2024-11-14 21:20:37.318843,2024-11-14,desktop,Mexico,(direct),(none),(direct),Direct,28.09,28.09,1.0,1,1,['Accessories'],1,True,,28.09,21,Thursday,1797
T0000199,1331642.8630963401.1725971141,1331642.8630963401,2024-09-10 12:25:47.554181,2024-09-10,desktop,United States,(direct),(none),(direct),Direct,28.09,28.09,1.0,1,1,['Accessories'],1,True,,28.09,12,Tuesday,1797
T0001581,2878487.3667967009.1729037026,2878487.3667967009,2024-10-16 00:09:49.479693,2024-10-16,mobile,Germany,google,organic,(organic),Organic Search,28.09,28.09,1.0,1,1,['Accessories'],1,True,,28.09,0,Wednesday,1797
T0002542,5773355.3584177321.1730726346,5773355.3584177321,2024-11-04 13:24:53.108648,2024-11-04,tablet,Canada,(direct),(none),(direct),Direct,28.09,28.09,1.0,1,1,['Accessories'],1,True,,28.09,13,Monday,1797
T0004148,6015094.6668260597.1732829181,6015094.6668260597,2024-11-28 21:27:26.692438,2024-11-28,tablet,United States,newsletter,email,weekly_drop,Email,28.09,28.09,1.0,1,1,['Accessories'],1,True,,28.09,21,Thursday,1797
T0001744,6865670.9823785034.1729336427,6865670.9823785034,2024-10-19 11:19:57.333291,2024-10-19,mobile,United States,(direct),(none),(direct),Direct,28.09,28.09,1.0,1,1,['Accessories'],1,True,,28.09,11,Saturday,1797
T0001413,7357460.3330945597.1728705594,7357460.3330945597,2024-10-12 04:08:56.683928,2024-10-12,desktop,United Kingdom,(direct),(none),(direct),Direct,28.09,28.09,1.0,1,1,['Accessories'],1,True,,28.09,4,Saturday,1797
T0001896,8246801.2092559014.1729629171,8246801.2092559014,2024-10-22 20:33:11.801498,2024-10-22,desktop,United States,facebook,paid_social,prospecting_broad,Paid,28.09,28.09,1.0,1,1,['Accessories'],1,True,,28.09,20,Tuesday,1797
T0003830,8281677.9753464010.1732664501,8281677.9753464010,2024-11-26 23:33:31.399049,2024-11-26,desktop,United States,newsletter,email,weekly_drop,Email,28.09,28.09,1.0,1,1,['Accessories'],2,False,6,28.09,23,Tuesday,1797
T0001923,9000713.2104458164.1729680803,9000713.2104458164,2024-10-23 11:01:27.170720,2024-10-23,desktop,United Kingdom,(direct),(none),(direct),Direct,28.09,28.09,1.0,1,1,['Accessories'],1,True,,28.09,11,Wednesday,1797
T0003448,9181527.7976316524.1732319373,9181527.7976316524,2024-11-23 00:02:56.105395,2024-11-23,desktop,Brazil,(direct),(none),(direct),Direct,28.09,28.09,1.0,1,1,['Accessories'],1,True,,28.09,0,Saturday,1797
T0000126,4392135.4102534113.1725731696,4392135.4102534113,2024-09-07 18:03:25.066977,2024-09-07,desktop,United States,google,organic,(organic),Organic Search,28.09,28.09,1.0,1,1,['Accessories'],1,True,,28.09,18,Saturday,1797
T0001782,4680927.7216421564.1729417597,4680927.7216421564,2024-10-20 10:01:05.524661,2024-10-20,desktop,India,partners,affiliate,coupon_partners,Affiliate,28.09,28.09,1.0,1,1,['Accessories'],1,True,,28.09,10,Sunday,1797
T0001349,4761039.4421399121.1728571557,4761039.4421399121,2024-10-10 14:58:03.080512,2024-10-10,mobile,United States,google,cpc,shopping_feed,Paid,28.09,28.09,1.0,1,1,['Accessories'],1,True,,28.09,14,Thursday,1797
T0003294,1528899.6867357017.1732062858,1528899.6867357017,2024-11-20 00:33:18.936796,2024-11-20,mobile,United States,(direct),(none),(direct),Direct,28.09,28.09,1.0,1,1,['Accessories'],1,True,,28.09,0,Wednesday,1797
T0003591,5406316.1700609379.1732535194,5406316.1700609379,2024-11-25 11:45:20.595268,2024-11-25,desktop,United States,google,organic,(organic),Organic Search,28.09,28.09,1.0,1,1,['Accessories'],1,True,,28.09,11,Monday,1797
T0003260,5417557.2488319988.1732027764,5417557.2488319988,2024-11-19 14:50:15.748738,2024-11-19,desktop,India,google,cpc,brand_search,Paid,28.09,28.09,1.0,1,1,['Accessories'],1,True,,28.09,14,Tuesday,1797
T0001233,6043903.8380272616.1728335325,6043903.8380272616,2024-10-07 21:14:43.203823,2024-10-07,mobile,Canada,google,organic,(organic),Organic Search,28.09,28.09,1.0,1,1,['Accessories'],1,True,,28.09,21,Monday,1797
T0001651,6182071.3999558082.1729173071,6182071.3999558082,2024-10-17 13:54:01.933406,2024-10-17,desktop,United States,(direct),(none),(direct),Direct,28.09,28.09,1.0,1,1,['Accessories'],1,True,,28.09,13,Thursday,1797
T0003172,6277244.3473687786.1731860478,6277244.3473687786,2024-11-17 16:22:29.447790,2024-11-17,desktop,India,(direct),(none),(direct),Direct,28.09,28.09,1.0,1,1,['Accessories'],1,True,,28.09,16,Sunday,1797
T0004289,9654865.8530294315.1732901005,9654865.8530294315,2024-11-29 17:35:12.411413,2024-11-29,mobile,United States,google,cpc,brand_search,Paid,28.09,28.09,1.0,1,1,['Accessories'],1,True,,28.09,17,Friday,1797
T0003948,9966044.3073379764.1732738560,9966044.3073379764,2024-11-27 20:13:16.174353,2024-11-27,desktop,Singapore,google,organic,(organic),Organic Search,28.09,28.09,1.0,1,1,['Accessories'],1,True,,28.09,20,Wednesday,1797
T0001154,2465587.6263282196.1728163186,2465587.6263282196,2024-10-05 21:27:24.920444,2024-10-05,mobile,United States,newsletter,email,weekly_drop,Email,28.09,28.09,1.0,1,1,['Accessories'],1,True,,28.09,21,Saturday,1797
T0000260,5316281.6363294359.1726113952,5316281.6363294359,2024-09-12 04:12:40.994615,2024-09-12,mobile,United Kingdom,(direct),(none),(direct),Direct,28.09,28.09,1.0,1,1,['Accessories'],1,True,,28.09,4,Thursday,1797
T0003274,5342627.5793269710.1732043178,5342627.5793269710,2024-11-19 19:06:37.952896,2024-11-19,desktop,France,(direct),(none),(direct),Direct,28.09,28.09,1.0,1,1,['Accessories'],1,True,,28.09,19,Tuesday,1797
T0003703,6351648.2560981729.1732610237,6351648.2560981729,2024-11-26 08:32:01.801792,2024-11-26,desktop,United States,google,cpc,brand_search,Paid,28.09,28.09,1.0,1,1,['Accessories'],1,True,,28.09,8,Tuesday,1797
T0003935,7963496.4262191714.1732733472,7963496.4262191714,2024-11-27 18:56:45.155723,2024-11-27,mobile,Canada,google,organic,(organic),Organic Search,28.09,28.09,1.0,1,1,['Accessories'],1,True,,28.09,18,Wednesday,1797
T0003090,9931277.4960945606.1731708013,9931277.4960945606,2024-11-15 22:00:57.659211,2024-11-15,mobile,United States,(direct),(none),(direct),Direct,28.09,28.09,1.0,1,1,['Accessories'],3,False,6,28.09,22,Friday,1797
T0004043,3998131.3462553719.1732794541,3998131.3462553719,2024-11-28 11:52:41.571053,2024-11-28,desktop,United States,google,organic,(organic),Organic Search,28.09,28.09,1.0,1,1,['Accessories'],1,True,,28.09,11,Thursday,1797
T0002419,6105918.9162885543.1730536989,6105918.9162885543,2024-11-02 08:49:28.917651,2024-11-02,mobile,United States,google,cpc,brand_search,Paid,28.09,28.09,1.0,1,1,['Accessories'],1,True,,28.09,8,Saturday,1797
T0003337,1661754.7767895606.1732140543,1661754.7767895606,2024-11-20 22:14:49.066007,2024-11-20,mobile,France,facebook,paid_social,prospecting_broad,Paid,28.09,28.09,1.0,1,1,['Accessories'],1,True,,28.09,22,Wednesday,1797
T0001849,1490224.9728695746.1729563387,1490224.9728695746,2024-10-22 02:20:53.656482,2024-10-22,desktop,United States,(direct),(none),(direct),Direct,28.09,28.09,1.0,1,1,['Accessories'],2,False,8,28.09,2,Tuesday,1797
T0003359,9689444.5663979699.1732192204,9689444.5663979699,2024-11-21 12:37:34.165230,2024-11-21,desktop,United States,(direct),(none),(direct),Direct,28.09,28.09,1.0,1,1,['Accessories'],1,True,,28.09,12,Thursday,1797
T0003824,7645925.2002261913.1732662216,7645925.2002261913,2024-11-26 23:11:15.339282,2024-11-26,desktop,Australia,(direct),(none),(direct),Direct,28.09,28.09,1.0,1,1,['Accessories'],1,True,,28.09,23,Tuesday,1797
T0000409,9782778.3987608114.1726495016,9782778.3987608114,2024-09-16 13:55:51.606508,2024-09-16,tablet,Japan,google,cpc,brand_search,Paid,28.09,28.09,1.0,1,1,['Accessories'],1,True,,28.09,13,Monday,1797
T0003003,9520241.9149038786.1731534860,9520241.9149038786,2024-11-13 21:54:58.788026,2024-11-13,desktop,United Kingdom,newsletter,email,weekly_drop,Email,28.09,28.09,1.0,1,1,['Accessories'],2,False,3,28.09,21,Wednesday,1797
T0002328,7027092.6921566954.1730391713,7027092.6921566954,2024-10-31 16:34:33.878393,2024-10-31,desktop,United States,(direct),(none),(direct),Direct,28.09,28.09,1.0,1,1,['Accessories'],1,True,,28.09,16,Thursday,1797
T0001088,9447962.8136123424.1727992085,9447962.8136123424,2024-10-03 22:01:38.547612,2024-10-03,mobile,India,newsletter,email,weekly_drop,Email,28.09,28.09,1.0,1,1,['Accessories'],1,True,,28.09,22,Thursday,1797
T0000933,2501674.9109469253.1727654168,2501674.9109469253,2024-09-29 23:54:09.530170,2024-09-29,desktop,United Kingdom,newsletter,email,weekly_drop,Email,28.09,28.09,1.0,1,1,['Accessories'],1,True,,28.09,23,Sunday,1797
T0001733,9450332.4112514386.1729298305,9450332.4112514386,2024-10-19 00:30:49.222635,2024-10-19,desktop,United States,(direct),(none),(direct),Direct,28.09,28.09,1.0,1,1,['Accessories'],1,True,,28.09,0,Saturday,1797
T0003983,5112679.2641858978.1732752361,5112679.2641858978,2024-11-28 00:20:22.632110,2024-11-28,desktop,United States,google,organic,(organic),Organic Search,28.09,28.09,1.0,1,1,['Accessories'],1,True,,28.09,0,Thursday,1797
T0004271,6533842.8392691137.1732893049,6533842.8392691137,2024-11-29 15:10:42.674002,2024-11-29,tablet,France,google,cpc,shopping_feed,Paid,28.09,28.09,1.0,1,1,['Accessories'],1,True,,28.09,15,Friday,1797
T0003404,2330368.6353384244.1732273557,2330368.6353384244,2024-11-22 11:15:49.189394,2024-11-22,mobile,United States,newsletter,email,weekly_drop,Email,28.09,28.09,1.0,1,1,['Accessories'],1,True,,28.09,11,Friday,1797
T0004418,4119521.5928563302.1732977865,4119521.5928563302,2024-11-30 14:43:01.953260,2024-11-30,mobile,United States,youtube.com,referral,(referral),Referral,28.09,28.09,1.0,1,1,['Accessories'],1,True,,28.09,14,Saturday,1797
T0004351,7601347.7359328641.1732924912,7601347.7359328641,2024-11-30 00:14:59.535236,2024-11-30,mobile,India,google,organic,(organic),Organic Search,28.09,28.09,1.0,1,1,['Accessories'],1,True,,28.09,0,Saturday,1797
T0003195,1214851.6464999381.1731904107,1214851.6464999381,2024-11-18 04:38:37.435246,2024-11-18,mobile,Netherlands,google,organic,(organic),Organic Search,28.09,28.09,1.0,1,1,['Accessories'],1,True,,28.09,4,Monday,1797
T0000041,3025697.4615106886.1725391081,3025697.4615106886,2024-09-03 19:19:41.185064,2024-09-03,mobile,Mexico,google,organic,(organic),Organic Search,28.09,28.09,1.0,1,1,['Accessories'],1,True,,28.09,19,Tuesday,1797
T0001916,5957245.8393761578.1729667206,5957245.8393761578,2024-10-23 07:17:44.764700,2024-10-23,desktop,United States,newsletter,email,weekly_drop,Email,28.09,28.09,1.0,1,1,['Accessories'],1,True,,28.09,7,Wednesday,1797
T0002575,1258128.9683594701.1730803242,1258128.9683594701,2024-11-05 10:37:01.206021,2024-11-05,desktop,Germany,newsletter,email,weekly_drop,Email,28.09,28.09,1.0,1,1,['Accessories'],1,True,,28.09,10,Tuesday,1797
T0000470,9333606.1635948847.1726655815,9333606.1635948847,2024-09-18 10:54:21.314171,2024-09-18,desktop,India,(direct),(none),(direct),Direct,28.09,28.09,1.0,1,1,['Accessories'],1,True,,28.09,10,Wednesday,1797
T0002223,9372623.7321098129.1730204131,9372623.7321098129,2024-10-29 12:14:34.173712,2024-10-29,desktop,United States,google,organic,(organic),Organic Search,28.09,28.09,1.0,1,1,['Accessories'],1,True,,28.09,12,Tuesday,1797
T0002981,8905912.1420653160.1731503553,8905912.1420653160,2024-11-13 13:19:19.367409,2024-11-13,desktop,United States,(direct),(none),(direct),Direct,28.09,28.09,1.0,1,1,['Accessories'],1,True,,28.09,13,Wednesday,1797
T0002336,7310247.4070675593.1730401202,7310247.4070675593,2024-10-31 18:57:15.395673,2024-10-31,desktop,Singapore,(direct),(none),(direct),Direct,28.09,28.09,1.0,1,1,['Accessories'],1,True,,28.09,18,Thursday,1797
T0004174,2872452.4497670163.1732838975,2872452.4497670163,2024-11-29 00:13:22.030150,2024-11-29,mobile,Canada,(direct),(none),(direct),Direct,28.09,28.09,1.0,1,1,['Accessories'],1,True,,28.09,0,Friday,1797
T0002894,2796467.1009894704.1731343877,2796467.1009894704,2024-11-11 17:05:26.501246,2024-11-11,desktop,Germany,google,organic,(organic),Organic Search,28.09,28.09,1.0,1,1,['Accessories'],1,True,,28.09,17,Monday,1797
T0003420,2282548.7778375107.1732288016,2282548.7778375107,2024-11-22 15:20:41.033939,2024-11-22,tablet,Netherlands,google,organic,(organic),Organic Search,28.09,28.09,1.0,1,1,['Accessories'],1,True,,28.09,15,Friday,1797
T0003452,2296310.4941882637.1732326674,2296310.4941882637,2024-11-23 02:10:48.447899,2024-11-23,desktop,United States,(direct),(none),(direct),Direct,28.09,28.09,1.0,1,1,['Accessories'],1,True,,28.09,2,Saturday,1797
T0001484,1723839.8955496592.1728882765,1723839.8955496592,2024-10-14 05:26:10.543911,2024-10-14,desktop,Canada,(direct),(none),(direct),Direct,28.09,28.09,1.0,1,1,['Accessories'],1,True,,28.09,5,Monday,1797
T0000114,1393201.7915377995.1725697576,1393201.7915377995,2024-09-07 08:37:49.013222,2024-09-07,desktop,United States,(direct),(none),(direct),Direct,28.09,28.09,1.0,1,1,['Accessories'],1,True,,28.09,8,Saturday,1797
T0002780,2723083.8559296689.1731155201,2723083.8559296689,2024-11-09 12:21:39.268593,2024-11-09,desktop,United States,(direct),(none),(direct),Direct,28.09,28.09,1.0,1,1,['Accessories'],1,True,,28.09,12,Saturday,1797
T0000181,6516959.3672472232.1725913193,6516959.3672472232,2024-09-09 20:23:45.913376,2024-09-09,mobile,United Kingdom,(direct),(none),(direct),Direct,28.09,28.09,1.0,1,1,['Accessories'],1,True,,28.09,20,Monday,1797
T0000028,1181373.7200226329.1725302707,1181373.7200226329,2024-09-02 18:55:37.470059,2024-09-02,desktop,United States,facebook,paid_social,prospecting_broad,Paid,28.09,28.09,1.0,1,1,['Accessories'],1,True,,28.09,18,Monday,1797
T0004478,8426743.5891969912.1733004131,8426743.5891969912,2024-11-30 22:06:29.574531,2024-11-30,desktop,France,(direct),(none),(direct),Direct,28.09,28.09,1.0,1,1,['Accessories'],1,True,,28.09,22,Saturday,1797
T0003585,9681212.8393075003.1732531189,9681212.8393075003,2024-11-25 10:45:45.845364,2024-11-25,desktop,India,newsletter,email,weekly_drop,Email,28.09,28.09,1.0,1,1,['Accessories'],1,True,,28.09,10,Monday,1797
T0002663,1507509.5057887566.1730931079,1507509.5057887566,2024-11-06 22:04:18.104435,2024-11-06,tablet,United States,facebook,paid_social,prospecting_broad,Paid,28.09,28.09,1.0,1,1,['Accessories'],1,True,,28.09,22,Wednesday,1797
T0000528,5575487.4588121396.1726776414,5575487.4588121396,2024-09-19 20:12:32.221931,2024-09-19,desktop,United States,newsletter,email,weekly_drop,Email,28.09,28.09,1.0,1,1,['Accessories'],1,True,,28.09,20,Thursday,1797
T0004380,6392820.3855921988.1732958698,6392820.3855921988,2024-11-30 09:22:35.976756,2024-11-30,desktop,United States,google,organic,(organic),Organic Search,28.09,28.09,1.0,1,1,['Accessories'],1,True,,28.09,9,Saturday,1797
T0000557,5627403.9246039136.1726845023,5627403.9246039136,2024-09-20 15:17:52.937192,2024-09-20,mobile,United States,google,cpc,brand_search,Paid,28.09,28.09,1.0,1,1,['Accessories'],1,True,,28.09,15,Friday,1797
T0004000,9571556.6484154413.1732766931,9571556.6484154413,2024-11-28 04:09:47.010677,2024-11-28,desktop,Japan,facebook,paid_social,prospecting_broad,Paid,28.09,28.09,1.0,1,1,['Accessories'],1,True,,28.09,4,Thursday,1797
T0000086,7677815.8492012850.1725571715,7677815.8492012850,2024-09-05 21:32:34.421338,2024-09-05,desktop,Canada,google,organic,(organic),Organic Search,28.09,28.09,1.0,1,1,['Accessories'],1,True,,28.09,21,Thursday,1797
T0001890,1723839.8955496592.1729624306,1723839.8955496592,2024-10-22 19:21:54.021077,2024-10-22,desktop,Canada,(direct),(none),(direct),Direct,28.09,28.09,1.0,1,1,['Accessories'],2,False,8,28.09,19,Tuesday,1797
T0002660,1203318.7928847963.1730926104,1203318.7928847963,2024-11-06 20:43:25.548023,2024-11-06,desktop,United States,(direct),(none),(direct),Direct,28.09,28.09,1.0,1,1,['Accessories'],1,True,,28.09,20,Wednesday,1797
T0002129,1315557.5757438534.1730036955,1315557.5757438534,2024-10-27 13:57:07.706256,2024-10-27,mobile,United States,newsletter,email,weekly_drop,Email,28.09,28.09,1.0,1,1,['Accessories'],1,True,,28.09,13,Sunday,1797
T0001450,2555613.1872236222.1728804336,2555613.1872236222,2024-10-13 07:32:13.027062,2024-10-13,desktop,United Kingdom,google,organic,(organic),Organic Search,28.09,28.09,1.0,1,1,['Accessories'],1,True,,28.09,7,Sunday,1797
T0002707,7737012.3037394996.1731016375,7737012.3037394996,2024-11-07 21:59:11.457399,2024-11-07,desktop,United Kingdom,google,cpc,brand_search,Paid,28.09,28.09,1.0,1,1,['Accessories'],1,True,,28.09,21,Thursday,1797
T0003833,9090198.7351946254.1732665914,9090198.7351946254,2024-11-26 23:59:34.666517,2024-11-26,desktop,United States,google,organic,(organic),Organic Search,28.09,28.09,1.0,1,1,['Accessories'],3,False,26,28.09,23,Tuesday,1797
T0000936,6753586.1109149709.1727659860,6753586.1109149709,2024-09-30 01:29:50.276752,2024-09-30,desktop,United States,newsletter,email,weekly_drop,Email,28.03,28.03,2.0,2,2,['Lifestyle' 'Stationery'],1,True,,14.02,1,Monday,1798
T0000466,2309982.3382798697.1726628851,2309982.3382798697,2024-09-18 03:06:20.807502,2024-09-18,desktop,United Kingdom,google,cpc,brand_search,Paid,27.95,27.95,1.0,1,1,['Accessories'],1,True,,27.95,3,Wednesday,1799
T0002338,3667050.7846459996.1730402295,3667050.7846459996,2024-10-31 19:19:41.331424,2024-10-31,desktop,Australia,newsletter,email,weekly_drop,Email,27.95,27.95,1.0,1,1,['Accessories'],1,True,,27.95,19,Thursday,1799
T0001786,7900739.8428322350.1729425840,7900739.8428322350,2024-10-20 12:04:50.313802,2024-10-20,desktop,United States,google,organic,(organic),Organic Search,27.95,27.95,1.0,1,1,['Accessories'],1,True,,27.95,12,Sunday,1799
T0002311,7225324.7138455470.1730370827,7225324.7138455470,2024-10-31 10:37:22.997350,2024-10-31,mobile,Netherlands,(direct),(none),(direct),Direct,27.95,27.95,1.0,1,1,['Accessories'],1,True,,27.95,10,Thursday,1799
T0002708,6268903.3401646368.1731018249,6268903.3401646368,2024-11-07 22:28:50.389306,2024-11-07,desktop,India,(direct),(none),(direct),Direct,27.95,27.95,1.0,1,1,['Accessories'],1,True,,27.95,22,Thursday,1799
T0001185,9207361.3782959406.1728226331,9207361.3782959406,2024-10-06 14:44:25.078080,2024-10-06,desktop,United Kingdom,(direct),(none),(direct),Direct,27.95,27.95,1.0,1,1,['Accessories'],1,True,,27.95,14,Sunday,1799
T0000892,7103563.4367943140.1727552440,7103563.4367943140,2024-09-28 19:35:30.174736,2024-09-28,desktop,Canada,(direct),(none),(direct),Direct,27.95,27.95,1.0,1,1,['Accessories'],1,True,,27.95,19,Saturday,1799
T0004381,4662368.8987107856.1732958302,4662368.8987107856,2024-11-30 09:24:06.079741,2024-11-30,mobile,United Kingdom,google,organic,(organic),Organic Search,27.95,27.95,1.0,1,1,['Accessories'],1,True,,27.95,9,Saturday,1799
T0002622,1307743.1246608857.1730875592,1307743.1246608857,2024-11-06 06:42:52.691682,2024-11-06,mobile,United States,youtube.com,referral,(referral),Referral,27.95,27.95,1.0,1,1,['Accessories'],1,True,,27.95,6,Wednesday,1799
T0002320,9083806.9860624349.1730381822,9083806.9860624349,2024-10-31 13:28:44.261531,2024-10-31,desktop,India,facebook,paid_social,prospecting_broad,Paid,27.95,27.95,1.0,1,1,['Accessories'],1,True,,27.95,13,Thursday,1799
T0003248,9929882.9787223308.1732013349,9929882.9787223308,2024-11-19 10:57:45.431833,2024-11-19,desktop,Mexico,google,organic,(organic),Organic Search,27.95,27.95,1.0,1,1,['Accessories'],1,True,,27.95,10,Tuesday,1799
T0000918,3207310.3639588676.1727625095,3207310.3639588676,2024-09-29 15:56:26.929721,2024-09-29,desktop,United States,google,organic,(organic),Organic Search,27.95,27.95,1.0,1,1,['Accessories'],1,True,,27.95,15,Sunday,1799
T0003553,2046622.3232978395.1732500454,2046622.3232978395,2024-11-25 02:17:42.116525,2024-11-25,mobile,United States,google,cpc,shopping_feed,Paid,27.95,27.95,1.0,1,1,['Accessories'],1,True,,27.95,2,Monday,1799
T0000212,1438864.5991920163.1725998962,1438864.5991920163,2024-09-10 20:09:16.403793,2024-09-10,desktop,France,(direct),(none),(direct),Direct,27.95,27.95,1.0,1,1,['Accessories'],1,True,,27.95,20,Tuesday,1799
T0004129,5613114.3319088188.1732823703,5613114.3319088188,2024-11-28 19:48:49.942193,2024-11-28,desktop,Germany,(direct),(none),(direct),Direct,27.95,27.95,1.0,1,1,['Accessories'],2,False,3,27.95,19,Thursday,1799
T0002815,5290037.6938201781.1731201512,5290037.6938201781,2024-11-10 01:21:16.391711,2024-11-10,desktop,Canada,(direct),(none),(direct),Direct,27.95,27.95,1.0,1,1,['Accessories'],1,True,,27.95,1,Sunday,1799
T0000654,9880959.8047197957.1727045770,9880959.8047197957,2024-09-22 23:04:07.431435,2024-09-22,desktop,United States,facebook,paid_social,prospecting_broad,Paid,27.95,27.95,1.0,1,1,['Accessories'],1,True,,27.95,23,Sunday,1799
T0000035,2177239.1480414786.1725366439,2177239.1480414786,2024-09-03 12:50:22.491686,2024-09-03,mobile,United Kingdom,(direct),(none),(direct),Direct,27.95,27.95,1.0,1,1,['Accessories'],1,True,,27.95,12,Tuesday,1799
T0001213,9045109.5687976240.1728296227,9045109.5687976240,2024-10-07 10:20:47.205842,2024-10-07,desktop,United States,youtube.com,referral,(referral),Referral,27.95,27.95,1.0,1,1,['Accessories'],1,True,,27.95,10,Monday,1799
T0001662,3715751.8997070615.1729185810,3715751.8997070615,2024-10-17 17:30:25.227074,2024-10-17,desktop,United States,newsletter,email,weekly_drop,Email,27.95,27.95,1.0,1,1,['Accessories'],1,True,,27.95,17,Thursday,1799
T0004441,5045048.9108236172.1732986984,5045048.9108236172,2024-11-30 17:14:24.434347,2024-11-30,desktop,India,(direct),(none),(direct),Direct,27.95,27.95,1.0,1,1,['Accessories'],1,True,,27.95,17,Saturday,1799
T0003941,6790615.6372687786.1732735196,6790615.6372687786,2024-11-27 19:36:18.722204,2024-11-27,desktop,United States,(direct),(none),(direct),Direct,27.95,27.95,1.0,1,1,['Accessories'],1,True,,27.95,19,Wednesday,1799
T0001367,1999291.3461917915.1728628096,1999291.3461917915,2024-10-11 06:32:25.679251,2024-10-11,mobile,Netherlands,google,cpc,brand_search,Paid,27.95,27.95,1.0,1,1,['Accessories'],1,True,,27.95,6,Friday,1799
T0001548,7671335.8176629578.1728983466,7671335.8176629578,2024-10-15 09:17:29.232722,2024-10-15,mobile,France,google,organic,(organic),Organic Search,27.95,27.95,1.0,1,1,['Accessories'],1,True,,27.95,9,Tuesday,1799
T0004047,1115220.6864259105.1732796447,1115220.6864259105,2024-11-28 12:13:30.902422,2024-11-28,desktop,United States,(direct),(none),(direct),Direct,27.95,27.95,1.0,1,1,['Accessories'],1,True,,27.95,12,Thursday,1799
T0002437,8791091.4487796954.1730563198,8791091.4487796954,2024-11-02 16:15:07.494213,2024-11-02,desktop,United States,youtube.com,referral,(referral),Referral,27.95,27.95,1.0,1,1,['Accessories'],1,True,,27.95,16,Saturday,1799
T0002871,7675392.1135203892.1731298946,7675392.1135203892,2024-11-11 04:27:49.221710,2024-11-11,mobile,United States,(direct),(none),(direct),Direct,27.95,27.95,1.0,1,1,['Accessories'],1,True,,27.95,4,Monday,1799
T0004368,8159712.5902712986.1732941455,8159712.5902712986,2024-11-30 04:35:16.271568,2024-11-30,mobile,Germany,google,organic,(organic),Organic Search,27.95,27.95,1.0,1,1,['Accessories'],2,False,3,27.95,4,Saturday,1799
T0003001,5643509.8156159738.1731533786,5643509.8156159738,2024-11-13 21:40:41.889118,2024-11-13,mobile,Germany,(direct),(none),(direct),Direct,27.95,27.95,1.0,1,1,['Accessories'],1,True,,27.95,21,Wednesday,1799
T0001072,8560846.7353633797.1727967640,8560846.7353633797,2024-10-03 15:09:57.798295,2024-10-03,desktop,United States,google,organic,(organic),Organic Search,27.95,27.95,1.0,1,1,['Accessories'],2,False,3,27.95,15,Thursday,1799
T0000497,7276364.8457179034.1726720843,7276364.8457179034,2024-09-19 04:34:59.473776,2024-09-19,tablet,United States,(direct),(none),(direct),Direct,27.95,27.95,1.0,1,1,['Accessories'],1,True,,27.95,4,Thursday,1799
T0002857,4178735.5312216392.1731272021,4178735.5312216392,2024-11-10 21:00:25.073081,2024-11-10,desktop,Japan,google,cpc,shopping_feed,Paid,27.95,27.95,1.0,1,1,['Accessories'],1,True,,27.95,21,Sunday,1799
T0002197,6734275.6496439135.1730154550,6734275.6496439135,2024-10-28 22:32:30.277174,2024-10-28,mobile,United States,google,cpc,shopping_feed,Paid,27.95,27.95,1.0,1,1,['Accessories'],1,True,,27.95,22,Monday,1799
T0001195,8043037.9529695790.1728240090,8043037.9529695790,2024-10-06 18:53:09.136360,2024-10-06,mobile,United States,newsletter,email,weekly_drop,Email,27.95,27.95,1.0,1,1,['Accessories'],1,True,,27.95,18,Sunday,1799
T0001156,3377783.6385266173.1728165035,3377783.6385266173,2024-10-05 21:42:27.432848,2024-10-05,mobile,Australia,google,organic,(organic),Organic Search,27.95,27.95,1.0,1,1,['Accessories'],1,True,,27.95,21,Saturday,1799
T0003547,4431270.6271622524.1732498141,4431270.6271622524,2024-11-25 01:28:49.385127,2024-11-25,desktop,United Kingdom,google,cpc,shopping_feed,Paid,27.95,27.95,1.0,1,1,['Accessories'],1,True,,27.95,1,Monday,1799
T0002735,8633388.1499341227.1731078162,8633388.1499341227,2024-11-08 14:55:28.737955,2024-11-08,mobile,United States,(direct),(none),(direct),Direct,27.95,27.95,1.0,1,1,['Accessories'],1,True,,27.95,14,Friday,1799
T0004140,1813706.8762865949.1732827899,1813706.8762865949,2024-11-28 21:05:20.921196,2024-11-28,desktop,France,newsletter,email,weekly_drop,Email,27.95,27.95,1.0,1,1,['Accessories'],1,True,,27.95,21,Thursday,1799
T0003799,7874051.7314409313.1732655699,7874051.7314409313,2024-11-26 21:18:53.505299,2024-11-26,desktop,United States,google,organic,(organic),Organic Search,27.95,27.95,1.0,1,1,['Accessories'],1,True,,27.95,21,Tuesday,1799
T0003966,8548197.7208670252.1732748047,8548197.7208670252,2024-11-27 22:57:39.208842,2024-11-27,desktop,India,(direct),(none),(direct),Direct,27.95,27.95,1.0,1,1,['Accessories'],1,True,,27.95,22,Wednesday,1799
T0000131,7875314.2677008496.1725741825,7875314.2677008496,2024-09-07 20:53:01.963692,2024-09-07,desktop,United States,google,cpc,shopping_feed,Paid,27.95,27.95,1.0,1,1,['Accessories'],1,True,,27.95,20,Saturday,1799
T0000567,6265715.7499548621.1726860517,6265715.7499548621,2024-09-20 19:35:36.262605,2024-09-20,desktop,Canada,google,organic,(organic),Organic Search,27.95,27.95,1.0,1,1,['Accessories'],1,True,,27.95,19,Friday,1799
T0001702,3417111.8598069909.1729262489,3417111.8598069909,2024-10-18 14:39:58.203256,2024-10-18,mobile,United States,google,organic,(organic),Organic Search,27.95,27.95,1.0,1,1,['Accessories'],1,True,,27.95,14,Friday,1799
T0000791,4537108.2944004321.1727348712,4537108.2944004321,2024-09-26 11:15:32.123884,2024-09-26,mobile,United States,(direct),(none),(direct),Direct,27.95,27.95,1.0,1,1,['Accessories'],2,False,10,27.95,11,Thursday,1799
T0000267,3448961.6215330981.1726136261,3448961.6215330981,2024-09-12 10:13:46.331595,2024-09-12,desktop,Singapore,(direct),(none),(direct),Direct,27.95,27.95,1.0,1,1,['Accessories'],1,True,,27.95,10,Thursday,1799
T0001816,2909129.5048144414.1729501001,2909129.5048144414,2024-10-21 09:05:43.126617,2024-10-21,mobile,United Kingdom,google,cpc,shopping_feed,Paid,27.95,27.95,1.0,1,1,['Accessories'],1,True,,27.95,9,Monday,1799
T0000256,7591255.2690211721.1726097472,7591255.2690211721,2024-09-11 23:34:50.132253,2024-09-11,desktop,France,(direct),(none),(direct),Direct,27.95,27.95,1.0,1,1,['Accessories'],1,True,,27.95,23,Wednesday,1799
T0002059,9183426.1455263313.1729931483,9183426.1455263313,2024-10-26 08:31:49.238233,2024-10-26,desktop,Canada,partners,affiliate,coupon_partners,Affiliate,27.95,27.95,1.0,1,1,['Accessories'],1,True,,27.95,8,Saturday,1799
T0001145,2132260.2021786317.1728143441,2132260.2021786317,2024-10-05 15:49:33.862715,2024-10-05,desktop,United States,(direct),(none),(direct),Direct,27.95,27.95,1.0,1,1,['Accessories'],1,True,,27.95,15,Saturday,1799
T0001642,5888723.1772515853.1729156336,5888723.1772515853,2024-10-17 09:25:18.561692,2024-10-17,desktop,United States,newsletter,email,weekly_drop,Email,27.95,27.95,1.0,1,1,['Accessories'],1,True,,27.95,9,Thursday,1799
T0000371,9854911.1982461990.1726418256,9854911.1982461990,2024-09-15 16:40:46.847724,2024-09-15,desktop,United States,(direct),(none),(direct),Direct,27.95,27.95,1.0,1,1,['Accessories'],1,True,,27.95,16,Sunday,1799
T0001221,3827805.6985374206.1728313214,3827805.6985374206,2024-10-07 14:52:45.736481,2024-10-07,mobile,United States,google,cpc,shopping_feed,Paid,27.95,27.95,1.0,1,1,['Accessories'],1,True,,27.95,14,Monday,1799
T0004038,3547804.5553676395.1732793114,3547804.5553676395,2024-11-28 11:23:48.628884,2024-11-28,desktop,United States,google,cpc,brand_search,Paid,27.95,27.95,1.0,1,1,['Accessories'],1,True,,27.95,11,Thursday,1799
T0002504,1610084.3716102298.1730664428,1610084.3716102298,2024-11-03 20:22:34.987421,2024-11-03,mobile,United States,google,organic,(organic),Organic Search,27.95,27.95,1.0,1,1,['Accessories'],1,True,,27.95,20,Sunday,1799
T0001319,3902262.1022869655.1728507109,3902262.1022869655,2024-10-09 20:52:30.783062,2024-10-09,mobile,United Kingdom,newsletter,email,weekly_drop,Email,27.95,27.95,1.0,1,1,['Accessories'],1,True,,27.95,20,Wednesday,1799
T0002718,3134566.8565982456.1731050996,3134566.8565982456,2024-11-08 07:26:48.859304,2024-11-08,mobile,United States,(direct),(none),(direct),Direct,27.95,27.95,1.0,1,1,['Accessories'],1,True,,27.95,7,Friday,1799
T0000525,1850241.7252012344.1726772908,1850241.7252012344,2024-09-19 19:18:16.814448,2024-09-19,mobile,United States,(direct),(none),(direct),Direct,27.95,27.95,1.0,1,1,['Accessories'],1,True,,27.95,19,Thursday,1799
T0002885,1363957.2416448607.1731330899,1363957.2416448607,2024-11-11 13:12:54.904632,2024-11-11,mobile,United States,newsletter,email,weekly_drop,Email,27.95,27.95,1.0,1,1,['Accessories'],1,True,,27.95,13,Monday,1799
T0004065,1441649.1888800472.1732800044,1441649.1888800472,2024-11-28 13:31:42.205441,2024-11-28,desktop,Brazil,(direct),(none),(direct),Direct,27.95,27.95,1.0,1,1,['Accessories'],1,True,,27.95,13,Thursday,1799
T0000154,1420541.6474814668.1725823678,1420541.6474814668,2024-09-08 19:29:41.545060,2024-09-08,desktop,Brazil,(direct),(none),(direct),Direct,27.95,27.95,1.0,1,1,['Accessories'],1,True,,27.95,19,Sunday,1799
T0001010,5314932.9815873703.1727797555,5314932.9815873703,2024-10-01 16:12:34.492253,2024-10-01,mobile,Germany,newsletter,email,weekly_drop,Email,27.95,27.95,1.0,1,1,['Accessories'],1,True,,27.95,16,Tuesday,1799
T0000362,7137113.3454494463.1726401010,7137113.3454494463,2024-09-15 11:44:36.362609,2024-09-15,mobile,United States,partners,affiliate,coupon_partners,Affiliate,27.95,27.95,1.0,1,1,['Accessories'],2,False,6,27.95,11,Sunday,1799
T0003169,9659022.6523317478.1731856797,9659022.6523317478,2024-11-17 15:18:51.740287,2024-11-17,mobile,United States,(direct),(none),(direct),Direct,27.95,27.95,1.0,1,1,['Accessories'],1,True,,27.95,15,Sunday,1799
T0000826,8951223.9806298044.1727438729,8951223.9806298044,2024-09-27 12:03:03.060681,2024-09-27,desktop,Netherlands,google,organic,(organic),Organic Search,27.95,27.95,1.0,1,1,['Accessories'],1,True,,27.95,12,Friday,1799
T0000658,6411326.2868444951.1727060842,6411326.2868444951,2024-09-23 03:09:17.862160,2024-09-23,mobile,United Kingdom,google,cpc,brand_search,Paid,27.95,27.95,1.0,1,1,['Accessories'],1,True,,27.95,3,Monday,1799
T0003748,6935404.9369377487.1732628995,6935404.9369377487,2024-11-26 13:42:54.971290,2024-11-26,desktop,France,google,organic,(organic),Organic Search,27.95,27.95,1.0,1,1,['Accessories'],1,True,,27.95,13,Tuesday,1799
T0002172,1469329.6155320073.1730122501,1469329.6155320073,2024-10-28 13:28:15.427605,2024-10-28,desktop,Canada,google,organic,(organic),Organic Search,27.95,27.95,1.0,1,1,['Accessories'],1,True,,27.95,13,Monday,1799
T0001984,4855426.7538204033.1729789367,4855426.7538204033,2024-10-24 16:59:28.778741,2024-10-24,desktop,France,(direct),(none),(direct),Direct,27.95,27.95,1.0,1,1,['Accessories'],1,True,,27.95,16,Thursday,1799
T0000016,3877564.4780491764.1725230850,3877564.4780491764,2024-09-01 22:59:02.559004,2024-09-01,desktop,United States,google,organic,(organic),Organic Search,27.95,27.95,1.0,1,1,['Accessories'],1,True,,27.95,22,Sunday,1799
T0003238,4827827.6778168455.1731973215,4827827.6778168455,2024-11-18 23:57:23.587602,2024-11-18,desktop,United States,(direct),(none),(direct),Direct,27.95,27.95,1.0,1,1,['Accessories'],1,True,,27.95,23,Monday,1799
T0003209,1412116.6690634945.1731935482,1412116.6690634945,2024-11-18 13:14:34.527033,2024-11-18,desktop,Singapore,(direct),(none),(direct),Direct,27.95,27.95,1.0,1,1,['Accessories'],1,True,,27.95,13,Monday,1799
T0000679,5452261.7797810683.1727117051,5452261.7797810683,2024-09-23 18:50:34.205884,2024-09-23,desktop,United States,google,organic,(organic),Organic Search,27.95,27.95,1.0,1,1,['Accessories'],1,True,,27.95,18,Monday,1799
T0004224,8294659.2142172232.1732874115,8294659.2142172232,2024-11-29 09:53:16.974032,2024-11-29,desktop,United States,youtube.com,referral,(referral),Referral,27.95,27.95,1.0,1,1,['Accessories'],1,True,,27.95,9,Friday,1799
T0000009,8990866.6615956638.1725225865,8990866.6615956638,2024-09-01 21:29:12.176775,2024-09-01,desktop,Singapore,google,organic,(organic),Organic Search,27.95,27.95,1.0,1,1,['Accessories'],1,True,,27.95,21,Sunday,1799
T0002768,6471662.5301110087.1731120673,6471662.5301110087,2024-11-09 02:57:13.575145,2024-11-09,mobile,United States,facebook,paid_social,prospecting_broad,Paid,27.95,27.95,1.0,1,1,['Accessories'],1,True,,27.95,2,Saturday,1799
T0003910,9307540.1039975900.1732721396,9307540.1039975900,2024-11-27 15:32:13.923140,2024-11-27,desktop,United Kingdom,newsletter,email,weekly_drop,Email,27.95,27.95,1.0,1,1,['Accessories'],1,True,,27.95,15,Wednesday,1799
T0000164,4220286.5659084497.1725866141,4220286.5659084497,2024-09-09 07:12:43.291531,2024-09-09,tablet,United States,google,cpc,shopping_feed,Paid,27.95,27.95,1.0,1,1,['Accessories'],1,True,,27.95,7,Monday,1799
T0002691,1800167.9524871695.1730990954,1800167.9524871695,2024-11-07 14:54:03.254419,2024-11-07,mobile,United Kingdom,google,cpc,brand_search,Paid,27.95,27.95,1.0,1,1,['Accessories'],1,True,,27.95,14,Thursday,1799
T0002256,9353217.3403975706.1730276376,9353217.3403975706,2024-10-30 08:11:25.503364,2024-10-30,desktop,United Kingdom,(direct),(none),(direct),Direct,27.95,27.95,1.0,1,1,['Accessories'],2,False,4,27.95,8,Wednesday,1799
T0000471,7972504.8329451734.1726659488,7972504.8329451734,2024-09-18 11:39:29.927417,2024-09-18,desktop,United States,google,cpc,shopping_feed,Paid,27.95,27.95,1.0,1,1,['Accessories'],1,True,,27.95,11,Wednesday,1799
T0003367,8547646.5054053124.1732202358,8547646.5054053124,2024-11-21 15:14:35.108585,2024-11-21,desktop,United Kingdom,partners,affiliate,coupon_partners,Affiliate,27.95,27.95,1.0,1,1,['Accessories'],1,True,,27.95,15,Thursday,1799
T0001792,9548844.2488703909.1729443191,9548844.2488703909,2024-10-20 17:02:05.361972,2024-10-20,desktop,Australia,youtube.com,referral,(referral),Referral,27.95,27.95,1.0,1,1,['Accessories'],1,True,,27.95,17,Sunday,1799
T0003963,9632074.5024489527.1732747451,9632074.5024489527,2024-11-27 22:48:05.686763,2024-11-27,desktop,United States,google,cpc,brand_search,Paid,27.95,27.95,1.0,1,1,['Accessories'],1,True,,27.95,22,Wednesday,1799
T0001555,1307638.4367094064.1729001382,1307638.4367094064,2024-10-15 14:10:15.120191,2024-10-15,desktop,United States,google,organic,(organic),Organic Search,27.95,27.95,1.0,1,1,['Accessories'],1,True,,27.95,14,Tuesday,1799
T0003534,3529658.7897469970.1732480348,3529658.7897469970,2024-11-24 20:33:09.467906,2024-11-24,desktop,United Kingdom,google,cpc,shopping_feed,Paid,27.95,27.95,1.0,1,1,['Accessories'],1,True,,27.95,20,Sunday,1799
T0004066,6589485.1306488511.1732800281,6589485.1306488511,2024-11-28 13:32:30.778836,2024-11-28,mobile,Canada,facebook,paid_social,prospecting_broad,Paid,27.95,27.95,1.0,1,1,['Accessories'],1,True,,27.95,13,Thursday,1799
T0002265,6602896.6234929468.1730295513,6602896.6234929468,2024-10-30 13:34:54.019974,2024-10-30,desktop,United Kingdom,(direct),(none),(direct),Direct,27.95,27.95,1.0,1,1,['Accessories'],1,True,,27.95,13,Wednesday,1799
T0004449,2628459.2706510243.1732992621,2628459.2706510243,2024-11-30 18:52:44.184465,2024-11-30,desktop,Singapore,google,organic,(organic),Organic Search,27.95,27.95,1.0,1,1,['Accessories'],1,True,,27.95,18,Saturday,1799
T0001076,1863576.5969501201.1727974231,1863576.5969501201,2024-10-03 16:54:12.009857,2024-10-03,desktop,United States,(direct),(none),(direct),Direct,27.95,27.95,1.0,1,1,['Accessories'],1,True,,27.95,16,Thursday,1799
T0001298,1941055.7869902418.1728461177,1941055.7869902418,2024-10-09 08:03:03.132313,2024-10-09,desktop,United States,google,cpc,brand_search,Paid,27.95,27.95,1.0,1,1,['Accessories'],1,True,,27.95,8,Wednesday,1799
T0000142,3420661.6403109796.1725790343,3420661.6403109796,2024-09-08 10:01:06.889499,2024-09-08,desktop,India,google,organic,(organic),Organic Search,27.95,27.95,1.0,1,1,['Accessories'],1,True,,27.95,10,Sunday,1799
T0001823,6267181.2741975694.1729523206,6267181.2741975694,2024-10-21 15:02:34.110639,2024-10-21,mobile,Germany,(direct),(none),(direct),Direct,27.95,27.95,1.0,1,1,['Accessories'],1,True,,27.95,15,Monday,1799
T0000622,8513078.6830532735.1726978899,8513078.6830532735,2024-09-22 04:26:35.778509,2024-09-22,mobile,United States,(direct),(none),(direct),Direct,27.95,27.95,1.0,1,1,['Accessories'],1,True,,27.95,4,Sunday,1799
T0002901,6803549.1363370153.1731348387,6803549.1363370153,2024-11-11 18:21:37.086686,2024-11-11,desktop,Canada,newsletter,email,weekly_drop,Email,27.95,27.95,1.0,1,1,['Accessories'],1,True,,27.95,18,Monday,1799
T0000691,1167143.3003472750.1727136235,1167143.3003472750,2024-09-24 00:05:40.183678,2024-09-24,desktop,Germany,google,organic,(organic),Organic Search,27.95,27.95,1.0,1,1,['Accessories'],2,False,5,27.95,0,Tuesday,1799
T0002650,3482681.7297392759.1730912081,3482681.7297392759,2024-11-06 17:06:12.919256,2024-11-06,desktop,Australia,google,organic,(organic),Organic Search,27.95,27.95,1.0,1,1,['Accessories'],2,False,7,27.95,17,Wednesday,1799
T0000294,3651924.7825339913.1726225063,3651924.7825339913,2024-09-13 10:57:33.738310,2024-09-13,mobile,United States,(direct),(none),(direct),Direct,27.95,27.95,1.0,1,1,['Accessories'],1,True,,27.95,10,Friday,1799
T0004305,5293514.6080240661.1732906776,5293514.6080240661,2024-11-29 19:07:49.423398,2024-11-29,desktop,Canada,google,cpc,brand_search,Paid,27.95,27.95,1.0,1,1,['Accessories'],1,True,,27.95,19,Friday,1799
T0000241,6631598.9829165081.1726073305,6631598.9829165081,2024-09-11 16:52:28.917473,2024-09-11,desktop,United States,(direct),(none),(direct),Direct,27.95,27.95,1.0,1,1,['Accessories'],1,True,,27.95,16,Wednesday,1799
T0000007,5644049.1613174380.1725223380,5644049.1613174380,2024-09-01 20:46:18.779216,2024-09-01,desktop,United States,(direct),(none),(direct),Direct,27.95,27.95,1.0,1,1,['Accessories'],1,True,,27.95,20,Sunday,1799
T0003865,6966229.7370485524.1732695480,6966229.7370485524,2024-11-27 08:24:32.494427,2024-11-27,desktop,United States,google,organic,(organic),Organic Search,27.95,27.95,1.0,1,1,['Accessories'],1,True,,27.95,8,Wednesday,1799
T0000784,8059198.5924402125.1727329507,8059198.5924402125,2024-09-26 05:57:31.488127,2024-09-26,mobile,United States,newsletter,email,weekly_drop,Email,27.95,27.95,1.0,1,1,['Accessories'],1,True,,27.95,5,Thursday,1799
T0003479,3879745.1666085075.1732386734,3879745.1666085075,2024-11-23 18:45:16.936127,2024-11-23,tablet,France,google,organic,(organic),Organic Search,27.95,27.95,1.0,1,1,['Accessories'],1,True,,27.95,18,Saturday,1799
T0004091,7760367.9847354499.1732809628,7760367.9847354499,2024-11-28 16:14:41.385709,2024-11-28,mobile,United States,google,organic,(organic),Organic Search,27.95,27.95,1.0,1,1,['Accessories'],1,True,,27.95,16,Thursday,1799
T0001634,1566059.4710144198.1729136096,1566059.4710144198,2024-10-17 03:26:29.359490,2024-10-17,desktop,India,(direct),(none),(direct),Direct,27.95,27.95,1.0,1,1,['Accessories'],1,True,,27.95,3,Thursday,1799
T0003170,8391389.4566986526.1731857034,8391389.4566986526,2024-11-17 15:28:05.115445,2024-11-17,mobile,India,google,cpc,shopping_feed,Paid,27.95,27.95,1.0,1,1,['Accessories'],1,True,,27.95,15,Sunday,1799
T0000551,7092357.3492005233.1726831120,7092357.3492005233,2024-09-20 11:18:01.625490,2024-09-20,mobile,United States,newsletter,email,weekly_drop,Email,27.95,27.95,1.0,1,1,['Accessories'],1,True,,27.95,11,Friday,1799
T0002799,9931277.4960945606.1731172021,9931277.4960945606,2024-11-09 17:08:43.531358,2024-11-09,mobile,United States,(direct),(none),(direct),Direct,27.95,27.95,1.0,1,1,['Accessories'],2,False,15,27.95,17,Saturday,1799
T0000349,2701883.2693994035.1726350523,2701883.2693994035,2024-09-14 21:55:40.034182,2024-09-14,desktop,India,google,cpc,brand_search,Paid,27.95,27.95,1.0,1,1,['Accessories'],1,True,,27.95,21,Saturday,1799
T0004349,3631287.1099501390.1732924835,3631287.1099501390,2024-11-30 00:04:10.893711,2024-11-30,tablet,United States,partners,affiliate,coupon_partners,Affiliate,27.95,27.95,1.0,1,1,['Accessories'],1,True,,27.95,0,Saturday,1799
T0004100,6539120.9875905416.1732813448,6539120.9875905416,2024-11-28 17:13:58.257741,2024-11-28,desktop,United States,google,cpc,shopping_feed,Paid,27.95,27.95,1.0,1,1,['Accessories'],1,True,,27.95,17,Thursday,1799
T0004169,8093129.4405470960.1732835145,8093129.4405470960,2024-11-28 23:21:58.933044,2024-11-28,mobile,United States,newsletter,email,weekly_drop,Email,27.95,27.95,1.0,1,1,['Accessories'],1,True,,27.95,23,Thursday,1799
T0000942,6026059.2775782101.1727684621,6026059.2775782101,2024-09-30 08:32:12.980384,2024-09-30,desktop,United States,facebook,paid_social,prospecting_broad,Paid,27.95,27.95,1.0,1,1,['Accessories'],1,True,,27.95,8,Monday,1799
T0003237,9766036.5008631278.1731974267,9766036.5008631278,2024-11-18 23:50:35.449338,2024-11-18,desktop,United States,(direct),(none),(direct),Direct,27.95,27.95,1.0,1,1,['Accessories'],2,False,8,27.95,23,Monday,1799
T0000864,6749827.3244443662.1727500797,6749827.3244443662,2024-09-28 05:26:28.301706,2024-09-28,mobile,United States,(direct),(none),(direct),Direct,27.95,27.95,1.0,1,1,['Accessories'],1,True,,27.95,5,Saturday,1799
T0000292,7252488.8585002236.1726221005,7252488.8585002236,2024-09-13 09:50:41.841452,2024-09-13,desktop,United States,google,cpc,shopping_feed,Paid,27.95,27.95,1.0,1,1,['Accessories'],2,False,12,27.95,9,Friday,1799
T0004435,6033169.1405511565.1732984998,6033169.1405511565,2024-11-30 16:44:42.325530,2024-11-30,mobile,United Kingdom,google,organic,(organic),Organic Search,27.95,27.95,1.0,1,1,['Accessories'],1,True,,27.95,16,Saturday,1799
T0002436,4512810.5906264733.1730563326,4512810.5906264733,2024-11-02 16:13:00.673800,2024-11-02,desktop,Australia,(direct),(none),(direct),Direct,27.95,27.95,1.0,1,1,['Accessories'],1,True,,27.95,16,Saturday,1799
T0004290,6979062.4390181662.1732902225,6979062.4390181662,2024-11-29 17:45:02.878258,2024-11-29,desktop,United Kingdom,google,cpc,brand_search,Paid,27.95,27.95,1.0,1,1,['Accessories'],1,True,,27.95,17,Friday,1799
T0002773,3144592.6967559238.1731137055,3144592.6967559238,2024-11-09 07:33:43.112058,2024-11-09,desktop,United States,google,organic,(organic),Organic Search,27.95,27.95,1.0,1,1,['Accessories'],1,True,,27.95,7,Saturday,1799
T0001949,8251310.8067059411.1729711765,8251310.8067059411,2024-10-23 19:29:40.850872,2024-10-23,desktop,United States,(direct),(none),(direct),Direct,27.95,27.95,1.0,1,1,['Accessories'],1,True,,27.95,19,Wednesday,1799
T0001316,9780148.6140937058.1728495798,9780148.6140937058,2024-10-09 17:34:58.367819,2024-10-09,desktop,United States,newsletter,email,weekly_drop,Email,27.95,27.95,1.0,1,1,['Accessories'],1,True,,27.95,17,Wednesday,1799
T0003899,2807038.9243406734.1732715577,2807038.9243406734,2024-11-27 13:52:10.389699,2024-11-27,mobile,United States,(direct),(none),(direct),Direct,27.95,27.95,1.0,1,1,['Accessories'],1,True,,27.95,13,Wednesday,1799
T0002763,4666656.6787123627.1731105130,4666656.6787123627,2024-11-08 22:36:34.875012,2024-11-08,mobile,United States,(direct),(none),(direct),Direct,27.93,27.93,2.0,2,2,['Apparel' 'Drinkware'],1,True,,13.97,22,Friday,1800
T0000296,1938123.2184342198.1726228193,1938123.2184342198,2024-09-13 12:10:05.949680,2024-09-13,desktop,Mexico,newsletter,email,weekly_drop,Email,27.48,27.48,1.0,1,1,['Apparel'],2,False,4,27.48,12,Friday,1801
T0002626,5436067.3035017679.1730886162,5436067.3035017679,2024-11-06 09:47:34.469112,2024-11-06,mobile,Germany,(direct),(none),(direct),Direct,27.48,27.48,1.0,1,1,['Apparel'],1,True,,27.48,9,Wednesday,1801
T0000507,2797880.3513285761.1726744623,2797880.3513285761,2024-09-19 11:14:10.307959,2024-09-19,mobile,United States,google,cpc,brand_search,Paid,27.23,27.23,2.0,2,2,['Accessories' 'Apparel'],1,True,,13.62,11,Thursday,1802
T0002124,7133160.2922094717.1730027518,7133160.2922094717,2024-10-27 11:05:44.638622,2024-10-27,mobile,United States,google,organic,(organic),Organic Search,27.23,27.23,2.0,2,2,['Accessories' 'Apparel'],1,True,,13.62,11,Sunday,1802
T0004370,8128192.2856513193.1732945235,8128192.2856513193,2024-11-30 05:45:18.596575,2024-11-30,mobile,United States,google,cpc,brand_search,Paid,27.21,27.21,3.0,3,2,['Drinkware' 'Stationery'],1,True,,9.07,5,Saturday,1803
T0002794,6497204.8819250334.1731165597,6497204.8819250334,2024-11-09 15:25:15.012091,2024-11-09,desktop,Canada,(direct),(none),(direct),Direct,27.18,27.18,2.0,1,1,['Lifestyle'],1,True,,13.59,15,Saturday,1804
T0000891,7448546.3785629559.1727549655,7448546.3785629559,2024-09-28 19:02:58.903984,2024-09-28,desktop,Canada,google,cpc,shopping_feed,Paid,27.18,27.18,2.0,1,1,['Lifestyle'],1,True,,13.59,19,Saturday,1804
T0004374,6666044.5721732802.1732949566,6666044.5721732802,2024-11-30 07:02:18.882533,2024-11-30,tablet,United States,facebook,paid_social,prospecting_broad,Paid,26.57,26.57,2.0,2,2,['Office' 'Stationery'],1,True,,13.29,7,Saturday,1805
T0001475,4682780.7222525939.1728860790,4682780.7222525939,2024-10-13 23:15:22.544067,2024-10-13,desktop,Canada,google,cpc,shopping_feed,Paid,26.32,26.32,1.0,1,1,['Drinkware'],1,True,,26.32,23,Sunday,1806
T0002302,1671945.2803436042.1730344630,1671945.2803436042,2024-10-31 03:29:48.408447,2024-10-31,mobile,India,google,organic,(organic),Organic Search,26.32,26.32,1.0,1,1,['Drinkware'],1,True,,26.32,3,Thursday,1806
T0004147,8655190.7679399785.1732828895,8655190.7679399785,2024-11-28 21:21:06.707406,2024-11-28,mobile,United States,google,cpc,shopping_feed,Paid,26.31,26.31,1.0,1,1,['Drinkware'],1,True,,26.31,21,Thursday,1807
T0001663,6346141.8965922702.1729187830,6346141.8965922702,2024-10-17 18:19:38.037334,2024-10-17,mobile,Japan,google,cpc,brand_search,Paid,26.31,26.31,1.0,1,1,['Drinkware'],2,False,19,26.31,18,Thursday,1807
T0004386,7076242.4026662845.1732961195,7076242.4026662845,2024-11-30 10:15:16.475629,2024-11-30,mobile,France,google,organic,(organic),Organic Search,26.31,26.31,1.0,1,1,['Drinkware'],1,True,,26.31,10,Saturday,1807
T0003023,7119351.9733330913.1731587763,7119351.9733330913,2024-11-14 12:48:01.845332,2024-11-14,mobile,Canada,(direct),(none),(direct),Direct,26.31,26.31,1.0,1,1,['Drinkware'],1,True,,26.31,12,Thursday,1807
T0003315,2643789.3022476377.1732117847,2643789.3022476377,2024-11-20 15:49:09.451338,2024-11-20,desktop,United Kingdom,google,cpc,shopping_feed,Paid,26.31,26.31,1.0,1,1,['Drinkware'],1,True,,26.31,15,Wednesday,1807
T0000056,3195963.6863607401.1725449633,3195963.6863607401,2024-09-04 11:31:42.590265,2024-09-04,desktop,India,(direct),(none),(direct),Direct,26.31,26.31,1.0,1,1,['Drinkware'],1,True,,26.31,11,Wednesday,1807
T0000004,8922846.4849306127.1725216868,8922846.4849306127,2024-09-01 19:05:15.023292,2024-09-01,desktop,United States,(direct),(none),(direct),Direct,26.31,26.31,1.0,1,1,['Drinkware'],1,True,,26.31,19,Sunday,1807
T0003390,5105600.5751910371.1732238277,5105600.5751910371,2024-11-22 01:29:42.045018,2024-11-22,mobile,Singapore,google,cpc,brand_search,Paid,26.31,26.31,1.0,1,1,['Drinkware'],1,True,,26.31,1,Friday,1807
T0004245,6303685.3950797588.1732882042,6303685.3950797588,2024-11-29 12:09:12.973257,2024-11-29,mobile,United States,(direct),(none),(direct),Direct,26.31,26.31,1.0,1,1,['Drinkware'],1,True,,26.31,12,Friday,1807
T0001029,5932744.3235173280.1727845464,5932744.3235173280,2024-10-02 05:02:18.107386,2024-10-02,desktop,Germany,google,organic,(organic),Organic Search,26.31,26.31,1.0,1,1,['Drinkware'],1,True,,26.31,5,Wednesday,1807
T0001789,3545049.3297879867.1729437373,3545049.3297879867,2024-10-20 15:13:40.786682,2024-10-20,mobile,Canada,google,cpc,brand_search,Paid,26.31,26.31,1.0,1,1,['Drinkware'],1,True,,26.31,15,Sunday,1807
T0001358,1078251.5628469174.1728590366,1078251.5628469174,2024-10-10 19:57:17.295508,2024-10-10,mobile,Mexico,youtube.com,referral,(referral),Referral,26.31,26.31,1.0,1,1,['Drinkware'],1,True,,26.31,19,Thursday,1807
T0002401,6422451.9791343671.1730498246,6422451.9791343671,2024-11-01 22:03:29.844511,2024-11-01,desktop,United States,google,cpc,brand_search,Paid,26.31,26.31,1.0,1,1,['Drinkware'],1,True,,26.31,22,Friday,1807
T0000270,8771560.5107885912.1726144691,8771560.5107885912,2024-09-12 12:31:28.061187,2024-09-12,desktop,United States,google,cpc,brand_search,Paid,26.31,26.31,1.0,1,1,['Drinkware'],1,True,,26.31,12,Thursday,1807
T0000012,9519950.5067035727.1725227358,9519950.5067035727,2024-09-01 21:56:58.165014,2024-09-01,mobile,United States,google,organic,(organic),Organic Search,26.31,26.31,1.0,1,1,['Drinkware'],1,True,,26.31,21,Sunday,1807
T0003630,3565107.7394986833.1732559399,3565107.7394986833,2024-11-25 18:28:35.530400,2024-11-25,desktop,United States,google,organic,(organic),Organic Search,26.31,26.31,1.0,1,1,['Drinkware'],1,True,,26.31,18,Monday,1807
T0000695,4728935.8766844168.1727162825,4728935.8766844168,2024-09-24 07:22:21.439010,2024-09-24,desktop,Germany,google,organic,(organic),Organic Search,26.31,26.31,1.0,1,1,['Drinkware'],1,True,,26.31,7,Tuesday,1807
T0002335,4226608.4871962575.1730400288,4226608.4871962575,2024-10-31 18:47:51.449569,2024-10-31,desktop,India,google,organic,(organic),Organic Search,26.31,26.31,1.0,1,1,['Drinkware'],1,True,,26.31,18,Thursday,1807
T0001675,8644502.6652049094.1729202070,8644502.6652049094,2024-10-17 22:11:04.313305,2024-10-17,desktop,Germany,partners,affiliate,coupon_partners,Affiliate,26.31,26.31,1.0,1,1,['Drinkware'],1,True,,26.31,22,Thursday,1807
T0000318,3463567.3932652931.1726274559,3463567.3932652931,2024-09-14 00:47:03.986410,2024-09-14,desktop,India,google,organic,(organic),Organic Search,26.31,26.31,1.0,1,1,['Drinkware'],1,True,,26.31,0,Saturday,1807
T0003598,3557742.2785488225.1732540735,3557742.2785488225,2024-11-25 13:12:16.563440,2024-11-25,desktop,United States,google,cpc,shopping_feed,Paid,26.31,26.31,1.0,1,1,['Drinkware'],1,True,,26.31,13,Monday,1807
T0001249,4907410.2600140859.1728367736,4907410.2600140859,2024-10-08 06:11:49.267697,2024-10-08,desktop,India,google,cpc,brand_search,Paid,26.31,26.31,1.0,1,1,['Drinkware'],1,True,,26.31,6,Tuesday,1807
T0002905,4080255.9985155871.1731357149,4080255.9985155871,2024-11-11 20:35:09.502746,2024-11-11,mobile,United States,google,organic,(organic),Organic Search,26.31,26.31,1.0,1,1,['Drinkware'],1,True,,26.31,20,Monday,1807
T0002366,4412133.5701508129.1730459851,4412133.5701508129,2024-11-01 11:19:20.604291,2024-11-01,mobile,United States,google,organic,(organic),Organic Search,26.31,26.31,1.0,1,1,['Drinkware'],1,True,,26.31,11,Friday,1807
T0002308,2328538.4975234970.1730363874,2328538.4975234970,2024-10-31 08:41:59.675374,2024-10-31,mobile,Canada,(direct),(none),(direct),Direct,26.31,26.31,1.0,1,1,['Drinkware'],2,False,6,26.31,8,Thursday,1807
T0002123,1974475.4255619056.1730022863,1974475.4255619056,2024-10-27 10:01:11.000280,2024-10-27,desktop,Australia,(direct),(none),(direct),Direct,26.31,26.31,1.0,1,1,['Drinkware'],1,True,,26.31,10,Sunday,1807
T0000610,3789377.4155257368.1726951594,3789377.4155257368,2024-09-21 20:43:53.719740,2024-09-21,mobile,United States,google,organic,(organic),Organic Search,26.31,26.31,1.0,1,1,['Drinkware'],1,True,,26.31,20,Saturday,1807
T0002175,9985677.9174251070.1730124664,9985677.9174251070,2024-10-28 14:15:29.605986,2024-10-28,mobile,United States,(direct),(none),(direct),Direct,26.31,26.31,1.0,1,1,['Drinkware'],2,False,2,26.31,14,Monday,1807
T0002654,1393470.3605828485.1730916753,1393470.3605828485,2024-11-06 18:27:19.336134,2024-11-06,desktop,United States,(direct),(none),(direct),Direct,26.31,26.31,1.0,1,1,['Drinkware'],2,False,8,26.31,18,Wednesday,1807
T0001602,1956184.8871618208.1729086953,1956184.8871618208,2024-10-16 14:03:27.828076,2024-10-16,desktop,Australia,google,cpc,shopping_feed,Paid,26.31,26.31,1.0,1,1,['Drinkware'],1,True,,26.31,14,Wednesday,1807
T0001113,1104369.2922539475.1728068141,1104369.2922539475,2024-10-04 18:49:24.941905,2024-10-04,mobile,United States,google,cpc,brand_search,Paid,26.31,26.31,1.0,1,1,['Drinkware'],2,False,6,26.31,18,Friday,1807
T0002056,3793911.8219543439.1729922439,3793911.8219543439,2024-10-26 05:59:18.319755,2024-10-26,desktop,Australia,newsletter,email,weekly_drop,Email,26.31,26.31,1.0,1,1,['Drinkware'],1,True,,26.31,5,Saturday,1807
T0001685,9480572.3390860316.1729222636,9480572.3390860316,2024-10-18 03:35:23.441851,2024-10-18,desktop,United States,facebook,paid_social,prospecting_broad,Paid,26.31,26.31,1.0,1,1,['Drinkware'],1,True,,26.31,3,Friday,1807
T0000322,6050221.7988837399.1726290093,6050221.7988837399,2024-09-14 05:03:54.281415,2024-09-14,desktop,United States,(direct),(none),(direct),Direct,26.22,26.22,2.0,1,1,['Stationery'],1,True,,13.11,5,Saturday,1808
T0004423,7875390.4078496180.1732978318,7875390.4078496180,2024-11-30 14:58:07.071314,2024-11-30,desktop,United States,newsletter,email,weekly_drop,Email,26.07,26.07,2.0,2,2,['Accessories' 'Headgear'],1,True,,13.04,14,Saturday,1809
T0003791,7711031.3638967099.1732654164,7711031.3638967099,2024-11-26 20:48:58.787599,2024-11-26,desktop,United States,google,cpc,brand_search,Paid,25.95,25.95,1.0,1,1,['Office'],1,True,,25.95,20,Tuesday,1810
T0002743,8218734.8696412100.1731085226,8218734.8696412100,2024-11-08 17:08:28.506012,2024-11-08,desktop,United States,youtube.com,referral,(referral),Referral,25.95,25.95,1.0,1,1,['Office'],1,True,,25.95,17,Friday,1810
T0004098,7289346.9758382196.1732813740,7289346.9758382196,2024-11-28 17:05:45.387436,2024-11-28,desktop,Brazil,google,cpc,shopping_feed,Paid,25.95,25.95,1.0,1,1,['Office'],1,True,,25.95,17,Thursday,1810
T0002898,3773365.5774903153.1731347482,3773365.5774903153,2024-11-11 17:48:47.514013,2024-11-11,desktop,United States,google,cpc,shopping_feed,Paid,25.95,25.95,1.0,1,1,['Office'],1,True,,25.95,17,Monday,1810
T0002668,2887489.6577586530.1730939339,2887489.6577586530,2024-11-07 00:18:25.752602,2024-11-07,desktop,United Kingdom,facebook,paid_social,prospecting_broad,Paid,25.95,25.95,1.0,1,1,['Office'],1,True,,25.95,0,Thursday,1810
T0002269,3482681.7297392759.1730300123,3482681.7297392759,2024-10-30 15:01:28.165999,2024-10-30,desktop,Australia,google,organic,(organic),Organic Search,25.95,25.95,1.0,1,1,['Office'],1,True,,25.95,15,Wednesday,1810
T0002412,8302449.2283004161.1730521821,8302449.2283004161,2024-11-02 04:35:47.965047,2024-11-02,mobile,United States,google,organic,(organic),Organic Search,25.95,25.95,1.0,1,1,['Office'],1,True,,25.95,4,Saturday,1810
T0000605,3017215.2955351453.1726941747,3017215.2955351453,2024-09-21 18:12:54.131717,2024-09-21,mobile,Canada,(direct),(none),(direct),Direct,25.83,25.83,2.0,2,2,['Drinkware' 'Stationery'],1,True,,12.92,18,Saturday,1811
T0002283,4950939.8790674672.1730317168,4950939.8790674672,2024-10-30 19:42:34.750851,2024-10-30,desktop,United States,(direct),(none),(direct),Direct,25.7,25.7,1.0,1,1,['Drinkware'],1,True,,25.7,19,Wednesday,1812
T0000446,7949883.2392769299.1726576842,7949883.2392769299,2024-09-17 12:45:46.068346,2024-09-17,desktop,Germany,newsletter,email,weekly_drop,Email,25.48,25.48,2.0,2,2,['Accessories' 'Apparel'],1,True,,12.74,12,Tuesday,1813
T0000570,2027322.8005923746.1726863828,2027322.8005923746,2024-09-20 20:15:59.751431,2024-09-20,desktop,Japan,google,cpc,shopping_feed,Paid,25.48,25.48,2.0,2,2,['Accessories' 'Apparel'],1,True,,12.74,20,Friday,1813
T0002292,9288002.8367447848.1730325241,9288002.8367447848,2024-10-30 22:03:19.699153,2024-10-30,desktop,United States,newsletter,email,weekly_drop,Email,25.46,25.46,2.0,2,2,['Accessories' 'Headgear'],1,True,,12.73,22,Wednesday,1814
T0002500,7811713.4123778934.1730660487,7811713.4123778934,2024-11-03 19:08:22.521698,2024-11-03,desktop,United States,google,organic,(organic),Organic Search,25.31,25.31,1.0,1,1,['Drinkware'],1,True,,25.31,19,Sunday,1815
T0004462,2261649.7291907379.1732997722,2261649.7291907379,2024-11-30 20:21:50.707032,2024-11-30,desktop,Australia,youtube.com,referral,(referral),Referral,25.31,25.31,1.0,1,1,['Drinkware'],1,True,,25.31,20,Saturday,1815
T0003096,7489044.8407561510.1731715473,7489044.8407561510,2024-11-16 00:13:41.984570,2024-11-16,mobile,United States,google,cpc,brand_search,Paid,25.31,25.31,1.0,1,1,['Drinkware'],1,True,,25.31,0,Saturday,1815
T0000969,3425262.4835578283.1727728562,3425262.4835578283,2024-09-30 20:31:00.706091,2024-09-30,desktop,Germany,(direct),(none),(direct),Direct,25.31,25.31,1.0,1,1,['Drinkware'],1,True,,25.31,20,Monday,1815
T0001724,1574615.3982530282.1729287653,1574615.3982530282,2024-10-18 21:46:04.921474,2024-10-18,mobile,Canada,newsletter,email,weekly_drop,Email,25.31,25.31,1.0,1,1,['Drinkware'],1,True,,25.31,21,Friday,1815
T0001036,9813682.2429304909.1727868237,9813682.2429304909,2024-10-02 11:19:35.880351,2024-10-02,mobile,United States,partners,affiliate,coupon_partners,Affiliate,25.31,25.31,1.0,1,1,['Drinkware'],1,True,,25.31,11,Wednesday,1815
T0000549,5416011.3531690543.1726829733,5416011.3531690543,2024-09-20 10:53:07.313011,2024-09-20,tablet,United States,google,organic,(organic),Organic Search,25.3,25.3,2.0,2,2,['Drinkware' 'Stationery'],1,True,,12.65,10,Friday,1816
T0001057,2442912.6726588141.1727920157,2442912.6726588141,2024-10-03 01:56:58.278992,2024-10-03,desktop,Singapore,(direct),(none),(direct),Direct,25.3,25.3,2.0,2,2,['Drinkware' 'Stationery'],3,False,6,12.65,1,Thursday,1816
T0003761,5424982.7802957254.1732635679,5424982.7802957254,2024-11-26 15:43:09.874880,2024-11-26,desktop,United States,google,organic,(organic),Organic Search,25.1,25.1,1.0,1,1,['Apparel'],1,True,,25.1,15,Tuesday,1817
T0000710,6009860.8685234004.1727184298,6009860.8685234004,2024-09-24 13:34:47.597720,2024-09-24,desktop,India,google,cpc,brand_search,Paid,25.1,25.1,1.0,1,1,['Apparel'],1,True,,25.1,13,Tuesday,1817
T0001300,4644664.4806679454.1728469904,4644664.4806679454,2024-10-09 10:31:48.154409,2024-10-09,desktop,Brazil,(direct),(none),(direct),Direct,25.1,25.1,1.0,1,1,['Apparel'],1,True,,25.1,10,Wednesday,1817
T0002289,5964845.2372321719.1730322487,5964845.2372321719,2024-10-30 21:06:46.752379,2024-10-30,mobile,Germany,google,organic,(organic),Organic Search,25.1,25.1,1.0,1,1,['Apparel'],1,True,,25.1,21,Wednesday,1817
T0002741,7762871.5718759191.1731084927,7762871.5718759191,2024-11-08 17:03:36.969143,2024-11-08,desktop,United States,youtube.com,referral,(referral),Referral,25.1,25.1,1.0,1,1,['Apparel'],1,True,,25.1,17,Friday,1817
T0001827,3382196.4902277961.1729530912,3382196.4902277961,2024-10-21 17:08:50.627852,2024-10-21,mobile,United Kingdom,facebook,paid_social,prospecting_broad,Paid,25.1,25.1,1.0,1,1,['Apparel'],1,True,,25.1,17,Monday,1817
T0004321,2532937.1327313453.1732913849,2532937.1327313453,2024-11-29 21:05:49.518207,2024-11-29,tablet,United States,google,organic,(organic),Organic Search,25.1,25.1,1.0,1,1,['Apparel'],1,True,,25.1,21,Friday,1817
T0002380,5460569.1443295840.1730481156,5460569.1443295840,2024-11-01 17:21:27.871543,2024-11-01,tablet,United States,newsletter,email,weekly_drop,Email,25.1,25.1,1.0,1,1,['Apparel'],1,True,,25.1,17,Friday,1817
T0003579,4381852.4903034521.1732525918,4381852.4903034521,2024-11-25 09:23:58.842619,2024-11-25,mobile,United States,google,cpc,shopping_feed,Paid,25.1,25.1,1.0,1,1,['Apparel'],1,True,,25.1,9,Monday,1817
T0001543,1088269.8277864080.1728965283,1088269.8277864080,2024-10-15 04:11:38.536750,2024-10-15,mobile,United States,(direct),(none),(direct),Direct,24.6,24.6,2.0,1,1,['Accessories'],1,True,,12.3,4,Tuesday,1818
T0001201,1854437.4512601703.1728254039,1854437.4512601703,2024-10-06 22:32:29.753987,2024-10-06,desktop,United States,(direct),(none),(direct),Direct,24.38,24.38,1.0,1,1,['Drinkware'],1,True,,24.38,22,Sunday,1819
T0003565,5085444.4853104200.1732514645,5085444.4853104200,2024-11-25 06:13:17.423690,2024-11-25,mobile,United States,(direct),(none),(direct),Direct,24.38,24.38,1.0,1,1,['Drinkware'],1,True,,24.38,6,Monday,1819
T0001503,3580479.1465975146.1728909268,3580479.1465975146,2024-10-14 12:35:02.857863,2024-10-14,mobile,Canada,google,cpc,shopping_feed,Paid,24.38,24.38,1.0,1,1,['Drinkware'],1,True,,24.38,12,Monday,1819
T0003682,3495898.2215947817.1732584483,3495898.2215947817,2024-11-26 01:24:18.382898,2024-11-26,tablet,United States,google,cpc,shopping_feed,Paid,24.38,24.38,1.0,1,1,['Drinkware'],1,True,,24.38,1,Tuesday,1819
T0004203,1425438.2507748377.1732859862,1425438.2507748377,2024-11-29 06:10:26.941863,2024-11-29,mobile,United States,newsletter,email,weekly_drop,Email,24.38,24.38,1.0,1,1,['Drinkware'],1,True,,24.38,6,Friday,1819
T0002480,4600678.6700556523.1730631480,4600678.6700556523,2024-11-03 10:53:31.419940,2024-11-03,mobile,Canada,newsletter,email,weekly_drop,Email,24.38,24.38,1.0,1,1,['Drinkware'],1,True,,24.38,10,Sunday,1819
T0000139,7322192.2077088985.1725764649,7322192.2077088985,2024-09-08 03:08:57.195032,2024-09-08,mobile,Brazil,google,organic,(organic),Organic Search,24.38,24.38,1.0,1,1,['Drinkware'],1,True,,24.38,3,Sunday,1819
T0000001,8854549.8273999660.1725166839,8854549.8273999660,2024-09-01 04:58:13.643173,2024-09-01,desktop,United States,partners,affiliate,coupon_partners,Affiliate,24.38,24.38,1.0,1,1,['Drinkware'],1,True,,24.38,4,Sunday,1819
T0002879,7376471.7942260505.1731312841,7376471.7942260505,2024-11-11 08:18:50.980816,2024-11-11,desktop,India,(direct),(none),(direct),Direct,24.38,24.38,1.0,1,1,['Drinkware'],2,False,8,24.38,8,Monday,1819
T0000616,4775909.9731288797.1726962382,4775909.9731288797,2024-09-21 23:46:29.544791,2024-09-21,desktop,Canada,newsletter,email,weekly_drop,Email,24.38,24.38,1.0,1,1,['Drinkware'],1,True,,24.38,23,Saturday,1819
T0001220,1732398.3722631704.1728311374,1732398.3722631704,2024-10-07 14:25:32.353630,2024-10-07,mobile,Singapore,google,cpc,shopping_feed,Paid,24.37,24.37,2.0,2,2,['Accessories' 'Stationery'],1,True,,12.19,14,Monday,1820
T0000976,3960013.7289041049.1727734420,3960013.7289041049,2024-09-30 22:13:30.015498,2024-09-30,desktop,India,google,organic,(organic),Organic Search,24.25,24.25,1.0,1,1,['Accessories'],1,True,,24.25,22,Monday,1821
T0001680,1128391.4292044548.1729206671,1128391.4292044548,2024-10-17 23:28:05.265202,2024-10-17,desktop,Germany,(direct),(none),(direct),Direct,24.25,24.25,1.0,1,1,['Accessories'],1,True,,24.25,23,Thursday,1821
T0003660,7962713.9659022259.1732571958,7962713.9659022259,2024-11-25 22:13:28.207100,2024-11-25,tablet,Australia,(direct),(none),(direct),Direct,24.25,24.25,1.0,1,1,['Accessories'],1,True,,24.25,22,Monday,1821
T0003270,2531051.6428789345.1732040002,2531051.6428789345,2024-11-19 18:21:47.958242,2024-11-19,mobile,Singapore,google,organic,(organic),Organic Search,24.25,24.25,1.0,1,1,['Accessories'],1,True,,24.25,18,Tuesday,1821
T0004471,9928314.9692375450.1733001229,9928314.9692375450,2024-11-30 21:04:40.748126,2024-11-30,desktop,United Kingdom,newsletter,email,weekly_drop,Email,24.25,24.25,1.0,1,1,['Accessories'],1,True,,24.25,21,Saturday,1821
T0001999,4123885.6734170513.1729809294,4123885.6734170513,2024-10-24 22:38:58.045564,2024-10-24,desktop,United States,(direct),(none),(direct),Direct,24.25,24.25,1.0,1,1,['Accessories'],1,True,,24.25,22,Thursday,1821
T0002680,2327111.8806564843.1730975028,2327111.8806564843,2024-11-07 10:27:14.362968,2024-11-07,desktop,Canada,(direct),(none),(direct),Direct,23.93,23.93,1.0,1,1,['Headgear'],1,True,,23.93,10,Thursday,1822
T0003244,5400980.7207532362.1731993186,5400980.7207532362,2024-11-19 05:26:25.737519,2024-11-19,desktop,United States,(direct),(none),(direct),Direct,23.93,23.93,1.0,1,1,['Headgear'],1,True,,23.93,5,Tuesday,1822
T0001753,2174805.5348268483.1729349985,2174805.5348268483,2024-10-19 14:58:39.514133,2024-10-19,desktop,United States,partners,affiliate,coupon_partners,Affiliate,23.56,23.56,1.0,1,1,['Apparel'],1,True,,23.56,14,Saturday,1823
T0000430,1339537.7381615018.1726538849,1339537.7381615018,2024-09-17 02:00:54.268893,2024-09-17,mobile,Netherlands,newsletter,email,weekly_drop,Email,23.56,23.56,1.0,1,1,['Apparel'],1,True,,23.56,2,Tuesday,1823
T0000431,8539256.3105541903.1726541572,8539256.3105541903,2024-09-17 03:00:57.348482,2024-09-17,mobile,United States,youtube.com,referral,(referral),Referral,23.56,23.56,1.0,1,1,['Apparel'],1,True,,23.56,3,Tuesday,1823
T0001841,8685486.9368774157.1729548338,8685486.9368774157,2024-10-21 22:07:59.217612,2024-10-21,desktop,United States,(direct),(none),(direct),Direct,23.56,23.56,1.0,1,1,['Apparel'],1,True,,23.56,22,Monday,1823
T0002290,6382219.7051444815.1730322928,6382219.7051444815,2024-10-30 21:29:04.309913,2024-10-30,desktop,United States,google,cpc,brand_search,Paid,23.56,23.56,1.0,1,1,['Apparel'],2,False,16,23.56,21,Wednesday,1823
T0003506,6936195.4840929250.1732451554,6936195.4840929250,2024-11-24 12:39:09.057092,2024-11-24,mobile,Netherlands,newsletter,email,weekly_drop,Email,23.56,23.56,1.0,1,1,['Apparel'],1,True,,23.56,12,Sunday,1823
T0002918,4848830.1054075180.1731373008,4848830.1054075180,2024-11-12 00:53:28.319213,2024-11-12,mobile,United States,google,cpc,shopping_feed,Paid,23.56,23.56,1.0,1,1,['Apparel'],1,True,,23.56,0,Tuesday,1823
T0002489,7055057.6377220742.1730642525,7055057.6377220742,2024-11-03 14:03:55.959019,2024-11-03,tablet,Brazil,google,cpc,shopping_feed,Paid,23.56,23.56,1.0,1,1,['Apparel'],1,True,,23.56,14,Sunday,1823
T0004480,2668648.9821599655.1733004378,2668648.9821599655,2024-11-30 22:06:44.551279,2024-11-30,desktop,Netherlands,google,cpc,brand_search,Paid,23.56,23.56,1.0,1,1,['Apparel'],1,True,,23.56,22,Saturday,1823
T0002581,3825547.2185144906.1730810963,3825547.2185144906,2024-11-05 12:57:18.336665,2024-11-05,mobile,Germany,(direct),(none),(direct),Direct,23.56,23.56,1.0,1,1,['Apparel'],1,True,,23.56,12,Tuesday,1823
T0002655,5931896.3963345454.1730918153,5931896.3963345454,2024-11-06 18:39:09.681596,2024-11-06,desktop,United States,google,cpc,brand_search,Paid,23.56,23.56,1.0,1,1,['Apparel'],1,True,,23.56,18,Wednesday,1823
T0001240,2669664.8201450870.1728346177,2669664.8201450870,2024-10-08 00:10:32.938762,2024-10-08,mobile,United States,newsletter,email,weekly_drop,Email,23.56,23.56,1.0,1,1,['Apparel'],1,True,,23.56,0,Tuesday,1823
T0004072,6949362.2796601192.1732801882,6949362.2796601192,2024-11-28 13:55:48.835659,2024-11-28,mobile,Canada,newsletter,email,weekly_drop,Email,23.56,23.56,1.0,1,1,['Apparel'],1,True,,23.56,13,Thursday,1823
T0001652,4628423.1827896717.1729173889,4628423.1827896717,2024-10-17 14:02:45.041231,2024-10-17,desktop,United Kingdom,(direct),(none),(direct),Direct,23.56,23.56,1.0,1,1,['Apparel'],1,True,,23.56,14,Thursday,1823
T0000720,1168705.7098524348.1727198407,1168705.7098524348,2024-09-24 17:10:42.747495,2024-09-24,mobile,United Kingdom,google,organic,(organic),Organic Search,23.56,23.56,1.0,1,1,['Apparel'],1,True,,23.56,17,Tuesday,1823
T0002128,5110067.1904590397.1730037402,5110067.1904590397,2024-10-27 13:53:31.372538,2024-10-27,desktop,Netherlands,(direct),(none),(direct),Direct,23.56,23.56,1.0,1,1,['Apparel'],1,True,,23.56,13,Sunday,1823
T0003217,5715407.5272496448.1731952222,5715407.5272496448,2024-11-18 17:47:13.224032,2024-11-18,desktop,Australia,google,cpc,brand_search,Paid,23.56,23.56,1.0,1,1,['Apparel'],1,True,,23.56,17,Monday,1823
T0000753,9777348.4115607615.1727260831,9777348.4115607615,2024-09-25 10:54:26.664599,2024-09-25,desktop,Australia,google,cpc,shopping_feed,Paid,23.51,23.51,1.0,1,1,['Drinkware'],1,True,,23.51,10,Wednesday,1824
T0002408,2981441.8447709296.1730513347,2981441.8447709296,2024-11-02 02:16:29.511616,2024-11-02,desktop,United States,google,organic,(organic),Organic Search,23.51,23.51,1.0,1,1,['Drinkware'],1,True,,23.51,2,Saturday,1824
T0004288,9331791.5584794368.1732901603,9331791.5584794368,2024-11-29 17:32:19.373392,2024-11-29,desktop,Brazil,google,cpc,shopping_feed,Paid,23.51,23.51,1.0,1,1,['Drinkware'],1,True,,23.51,17,Friday,1824
T0000258,5203756.9686466843.1726099933,5203756.9686466843,2024-09-12 00:18:52.400884,2024-09-12,mobile,Australia,google,cpc,brand_search,Paid,23.51,23.51,1.0,1,1,['Drinkware'],1,True,,23.51,0,Thursday,1824
T0001645,5933656.6139665837.1729166525,5933656.6139665837,2024-10-17 12:03:06.091029,2024-10-17,desktop,United States,(direct),(none),(direct),Direct,23.41,23.41,1.0,1,1,['Drinkware'],1,True,,23.41,12,Thursday,1825
T0003792,4309373.4881532064.1732654278,4309373.4881532064,2024-11-26 20:52:54.017692,2024-11-26,desktop,United States,google,cpc,brand_search,Paid,23.41,23.41,1.0,1,1,['Drinkware'],1,True,,23.41,20,Tuesday,1825
T0001174,9602593.5307227312.1728199778,9602593.5307227312,2024-10-06 07:25:16.033627,2024-10-06,tablet,Netherlands,(direct),(none),(direct),Direct,23.01,23.01,1.0,1,1,['Drinkware'],1,True,,23.01,7,Sunday,1826
T0003341,4944871.1400702525.1732147080,4944871.1400702525,2024-11-20 23:49:41.302771,2024-11-20,desktop,United Kingdom,google,cpc,shopping_feed,Paid,23.01,23.01,1.0,1,1,['Drinkware'],1,True,,23.01,23,Wednesday,1826
T0002234,9553950.7718755069.1730222554,9553950.7718755069,2024-10-29 17:19:00.029318,2024-10-29,mobile,United States,google,cpc,brand_search,Paid,23.01,23.01,1.0,1,1,['Drinkware'],1,True,,23.01,17,Tuesday,1826
T0002349,6873007.5259678286.1730416394,6873007.5259678286,2024-10-31 23:18:36.013032,2024-10-31,mobile,United States,google,organic,(organic),Organic Search,23.0,23.0,2.0,2,2,['Drinkware' 'Office'],1,True,,11.5,23,Thursday,1827
T0002940,1709952.9172746458.1731424810,1709952.9172746458,2024-11-12 15:27:03.183418,2024-11-12,tablet,United States,google,organic,(organic),Organic Search,22.99,22.99,2.0,2,2,['Accessories' 'Headgear'],1,True,,11.5,15,Tuesday,1828
T0003908,2773693.8090839602.1732720216,2773693.8090839602,2024-11-27 15:16:40.171108,2024-11-27,desktop,Germany,facebook,paid_social,prospecting_broad,Paid,22.74,22.74,1.0,1,1,['Drinkware'],1,True,,22.74,15,Wednesday,1829
T0003296,2603208.4644228963.1732068411,2603208.4644228963,2024-11-20 02:15:05.548880,2024-11-20,mobile,France,(direct),(none),(direct),Direct,22.69,22.69,1.0,1,1,['Accessories'],1,True,,22.69,2,Wednesday,1830
T0002222,6167226.7810863399.1730202180,6167226.7810863399,2024-10-29 11:47:08.451655,2024-10-29,mobile,United States,google,organic,(organic),Organic Search,22.69,22.69,1.0,1,1,['Accessories'],1,True,,22.69,11,Tuesday,1830
T0003556,9359156.9579732014.1732506133,9359156.9579732014,2024-11-25 03:40:01.058266,2024-11-25,desktop,Germany,newsletter,email,weekly_drop,Email,22.69,22.69,1.0,1,1,['Accessories'],1,True,,22.69,3,Monday,1830
T0000448,2433760.8684267287.1726582681,2433760.8684267287,2024-09-17 14:23:31.368823,2024-09-17,desktop,Netherlands,(direct),(none),(direct),Direct,22.69,22.69,1.0,1,1,['Accessories'],1,True,,22.69,14,Tuesday,1830
T0001203,1183670.4199492279.1728257640,1183670.4199492279,2024-10-06 23:32:11.715513,2024-10-06,desktop,United States,facebook,paid_social,prospecting_broad,Paid,22.63,22.63,2.0,2,2,['Accessories' 'Drinkware'],1,True,,11.32,23,Sunday,1831
T0002684,3239404.1976569106.1730982812,3239404.1976569106,2024-11-07 12:40:49.902259,2024-11-07,mobile,United Kingdom,newsletter,email,weekly_drop,Email,22.63,22.63,1.0,1,1,['Drinkware'],1,True,,22.63,12,Thursday,1831
T0003530,3227634.3412841602.1732475845,3227634.3412841602,2024-11-24 19:24:29.265095,2024-11-24,desktop,United States,newsletter,email,weekly_drop,Email,22.57,22.57,2.0,2,2,['Office' 'Stationery'],1,True,,11.29,19,Sunday,1832
T0003184,1578159.8359204307.1731878920,1578159.8359204307,2024-11-17 21:30:16.308752,2024-11-17,desktop,United States,newsletter,email,weekly_drop,Email,22.42,22.42,1.0,1,1,['Accessories'],1,True,,22.42,21,Sunday,1833
T0003324,2016260.3889723651.1732125381,2016260.3889723651,2024-11-20 17:59:44.123375,2024-11-20,desktop,France,google,organic,(organic),Organic Search,22.42,22.42,1.0,1,1,['Accessories'],2,False,10,22.42,17,Wednesday,1833
T0002389,2379839.7788991036.1730488278,2379839.7788991036,2024-11-01 19:23:53.792074,2024-11-01,desktop,United States,google,cpc,shopping_feed,Paid,22.42,22.42,1.0,1,1,['Accessories'],1,True,,22.42,19,Friday,1833
T0000162,4675766.9714835450.1725849942,4675766.9714835450,2024-09-09 02:47:20.055734,2024-09-09,mobile,France,newsletter,email,weekly_drop,Email,22.28,22.28,2.0,2,2,['Drinkware' 'Stationery'],1,True,,11.14,2,Monday,1834
T0003145,4918098.4122139107.1731820147,4918098.4122139107,2024-11-17 05:12:01.224427,2024-11-17,mobile,United States,partners,affiliate,coupon_partners,Affiliate,21.72,21.72,1.0,1,1,['Accessories'],1,True,,21.72,5,Sunday,1835
T0003375,6320782.1258822560.1732212370,6320782.1258822560,2024-11-21 18:33:52.140570,2024-11-21,desktop,United States,google,cpc,brand_search,Paid,21.72,21.72,1.0,1,1,['Accessories'],1,True,,21.72,18,Thursday,1835
T0001774,1381535.7894130616.1729382958,1381535.7894130616,2024-10-20 00:09:25.133004,2024-10-20,mobile,Germany,google,cpc,shopping_feed,Paid,21.72,21.72,1.0,1,1,['Accessories'],1,True,,21.72,0,Sunday,1835
T0001472,8560137.3405796762.1728856995,8560137.3405796762,2024-10-13 21:56:31.745989,2024-10-13,desktop,Brazil,newsletter,email,weekly_drop,Email,21.72,21.72,2.0,1,1,['Drinkware'],1,True,,10.86,21,Sunday,1835
T0002685,3873842.2708543321.1730985309,3873842.2708543321,2024-11-07 13:17:12.138072,2024-11-07,desktop,United States,(direct),(none),(direct),Direct,21.72,21.72,1.0,1,1,['Accessories'],1,True,,21.72,13,Thursday,1835
T0003724,7367811.8387305076.1732621920,7367811.8387305076,2024-11-26 11:50:59.517255,2024-11-26,desktop,United States,google,organic,(organic),Organic Search,21.72,21.72,1.0,1,1,['Accessories'],1,True,,21.72,11,Tuesday,1835
T0002271,2094331.9637368483.1730302301,2094331.9637368483,2024-10-30 15:32:17.338689,2024-10-30,desktop,United States,google,cpc,brand_search,Paid,21.72,21.72,1.0,1,1,['Accessories'],1,True,,21.72,15,Wednesday,1835
T0004447,3111981.1726135026.1732990187,3111981.1726135026,2024-11-30 18:17:30.136077,2024-11-30,desktop,United Kingdom,google,cpc,shopping_feed,Paid,21.72,21.72,1.0,1,1,['Accessories'],1,True,,21.72,18,Saturday,1835
T0000193,1524218.6837963613.1725939779,1524218.6837963613,2024-09-10 03:45:06.449205,2024-09-10,desktop,United States,(direct),(none),(direct),Direct,21.72,21.72,1.0,1,1,['Accessories'],1,True,,21.72,3,Tuesday,1835
T0003912,2001965.8483071318.1732722243,2001965.8483071318,2024-11-27 15:36:42.467971,2024-11-27,desktop,Brazil,newsletter,email,weekly_drop,Email,21.56,21.56,1.0,1,1,['Apparel'],1,True,,21.56,15,Wednesday,1836
T0003818,3305398.1985669434.1732661147,3305398.1985669434,2024-11-26 22:47:11.085165,2024-11-26,desktop,United States,google,organic,(organic),Organic Search,21.56,21.56,1.0,1,1,['Apparel'],1,True,,21.56,22,Tuesday,1836
T0001583,4879716.7644794297.1729046163,4879716.7644794297,2024-10-16 02:33:58.986010,2024-10-16,desktop,United States,(direct),(none),(direct),Direct,21.56,21.56,1.0,1,1,['Apparel'],1,True,,21.56,2,Wednesday,1836
T0003936,5205050.2726501676.1732733812,5205050.2726501676,2024-11-27 19:00:40.276775,2024-11-27,desktop,United States,(direct),(none),(direct),Direct,21.05,21.05,1.0,1,1,['Accessories'],2,False,10,21.05,19,Wednesday,1837
T0001093,6607008.8457854447.1728001919,6607008.8457854447,2024-10-04 00:28:01.037214,2024-10-04,mobile,Japan,google,cpc,shopping_feed,Paid,21.05,21.05,1.0,1,1,['Accessories'],1,True,,21.05,0,Friday,1837
T0002728,7714714.8843419671.1731066121,7714714.8843419671,2024-11-08 11:30:47.707398,2024-11-08,desktop,India,google,cpc,shopping_feed,Paid,21.05,21.05,1.0,1,1,['Accessories'],1,True,,21.05,11,Friday,1837
T0001924,9840785.2025171778.1729681109,9840785.2025171778,2024-10-23 11:05:39.349272,2024-10-23,desktop,Germany,(direct),(none),(direct),Direct,21.04,21.04,1.0,1,1,['Office'],1,True,,21.04,11,Wednesday,1838
T0002069,9353217.3403975706.1729946620,9353217.3403975706,2024-10-26 12:38:11.862602,2024-10-26,desktop,United Kingdom,(direct),(none),(direct),Direct,21.04,21.04,1.0,1,1,['Office'],1,True,,21.04,12,Saturday,1838
T0003011,3215246.1495209656.1731540651,3215246.1495209656,2024-11-13 23:34:33.960427,2024-11-13,desktop,United States,(direct),(none),(direct),Direct,20.59,20.59,1.0,1,1,['Headgear'],1,True,,20.59,23,Wednesday,1839
T0002579,6216837.2579645802.1730806762,6216837.2579645802,2024-11-05 11:38:39.290175,2024-11-05,desktop,United States,google,organic,(organic),Organic Search,20.59,20.59,1.0,1,1,['Headgear'],1,True,,20.59,11,Tuesday,1839
T0002855,8345617.2040945193.1731270270,8345617.2040945193,2024-11-10 20:32:45.767458,2024-11-10,mobile,France,google,organic,(organic),Organic Search,20.59,20.59,1.0,1,1,['Headgear'],3,False,6,20.59,20,Sunday,1839
T0002079,7191575.2389426369.1729958599,7191575.2389426369,2024-10-26 16:08:30.810330,2024-10-26,desktop,United Kingdom,(direct),(none),(direct),Direct,20.44,20.44,2.0,2,1,['Office'],1,True,,10.22,16,Saturday,1840
T0002135,4748983.2751392261.1730044829,4748983.2751392261,2024-10-27 16:08:58.962845,2024-10-27,desktop,United States,google,organic,(organic),Organic Search,19.86,19.86,2.0,1,1,['Accessories'],3,False,3,9.93,16,Sunday,1841
T0002705,3523141.7494167202.1731013178,3523141.7494167202,2024-11-07 21:04:51.502118,2024-11-07,tablet,United States,google,cpc,brand_search,Paid,19.86,19.86,2.0,1,1,['Accessories'],1,True,,9.93,21,Thursday,1841
T0001056,1937087.2518630062.1727911635,1937087.2518630062,2024-10-02 23:37:32.773281,2024-10-02,desktop,United States,(direct),(none),(direct),Direct,19.86,19.86,2.0,1,1,['Accessories'],1,True,,9.93,23,Wednesday,1841
T0003399,4391164.1164750248.1732267344,4391164.1164750248,2024-11-22 09:16:22.662016,2024-11-22,desktop,United States,(direct),(none),(direct),Direct,19.86,19.86,2.0,1,1,['Accessories'],1,True,,9.93,9,Friday,1841
T0003266,1609545.2716118605.1732035893,1609545.2716118605,2024-11-19 17:10:47.156359,2024-11-19,tablet,United States,(direct),(none),(direct),Direct,19.86,19.86,2.0,1,1,['Accessories'],1,True,,9.93,17,Tuesday,1841
T0003186,6318465.1188519381.1731881146,6318465.1188519381,2024-11-17 22:09:04.739873,2024-11-17,desktop,United States,(direct),(none),(direct),Direct,19.86,19.86,2.0,1,1,['Accessories'],1,True,,9.93,22,Sunday,1841
T0003977,2564847.7114935637.1732752228,2564847.7114935637,2024-11-27 23:57:18.207096,2024-11-27,mobile,United Kingdom,(direct),(none),(direct),Direct,19.86,19.86,2.0,1,1,['Accessories'],1,True,,9.93,23,Wednesday,1841
T0002000,9563871.4872210910.1729809463,9563871.4872210910,2024-10-24 22:40:45.813771,2024-10-24,desktop,Japan,youtube.com,referral,(referral),Referral,19.86,19.86,2.0,1,1,['Accessories'],1,True,,9.93,22,Thursday,1841
T0001764,1223792.8708099491.1729372893,1223792.8708099491,2024-10-19 21:22:49.323861,2024-10-19,desktop,France,(direct),(none),(direct),Direct,19.86,19.86,2.0,1,1,['Accessories'],1,True,,9.93,21,Saturday,1841
T0002506,4351949.2184451906.1730666033,4351949.2184451906,2024-11-03 20:39:48.993867,2024-11-03,mobile,United States,google,organic,(organic),Organic Search,19.77,19.77,1.0,1,1,['Apparel'],1,True,,19.77,20,Sunday,1842
T0003268,7426598.6394265278.1732039115,7426598.6394265278,2024-11-19 18:09:13.795016,2024-11-19,tablet,United States,youtube.com,referral,(referral),Referral,19.77,19.77,1.0,1,1,['Apparel'],2,False,11,19.77,18,Tuesday,1842
T0000733,2574355.1332128715.1727215470,2574355.1332128715,2024-09-24 21:59:04.887307,2024-09-24,mobile,United States,(direct),(none),(direct),Direct,19.77,19.77,1.0,1,1,['Apparel'],1,True,,19.77,21,Tuesday,1842
T0002617,6156734.9913564763.1730850704,6156734.9913564763,2024-11-05 23:45:45.814515,2024-11-05,desktop,Japan,(direct),(none),(direct),Direct,19.77,19.77,1.0,1,1,['Apparel'],1,True,,19.77,23,Tuesday,1842
T0002710,4526437.9485677336.1731030739,4526437.9485677336,2024-11-08 01:50:06.159672,2024-11-08,mobile,Germany,(direct),(none),(direct),Direct,19.77,19.77,1.0,1,1,['Apparel'],1,True,,19.77,1,Friday,1842
T0002866,9955975.8108602935.1731282061,9955975.8108602935,2024-11-10 23:41:23.935283,2024-11-10,desktop,Japan,google,cpc,brand_search,Paid,19.77,19.77,1.0,1,1,['Apparel'],1,True,,19.77,23,Sunday,1842
T0000708,1515206.6234653779.1727181243,1515206.6234653779,2024-09-24 12:40:43.631449,2024-09-24,mobile,India,google,cpc,brand_search,Paid,19.77,19.77,1.0,1,1,['Apparel'],1,True,,19.77,12,Tuesday,1842
T0004298,6268903.3401646368.1732905920,6268903.3401646368,2024-11-29 18:51:29.690714,2024-11-29,desktop,India,(direct),(none),(direct),Direct,19.77,19.77,1.0,1,1,['Apparel'],2,False,22,19.77,18,Friday,1842
T0003676,4454407.8623888293.1732578933,4454407.8623888293,2024-11-26 00:01:53.952421,2024-11-26,mobile,United States,google,organic,(organic),Organic Search,19.77,19.77,1.0,1,1,['Apparel'],1,True,,19.77,0,Tuesday,1842
T0003302,5696110.8202116797.1732079568,5696110.8202116797,2024-11-20 05:07:42.464858,2024-11-20,desktop,Netherlands,google,organic,(organic),Organic Search,19.77,19.77,1.0,1,1,['Apparel'],1,True,,19.77,5,Wednesday,1842
T0001991,5221925.7510736231.1729798170,5221925.7510736231,2024-10-24 19:40:21.285985,2024-10-24,desktop,United States,google,cpc,brand_search,Paid,19.77,19.77,1.0,1,1,['Apparel'],1,True,,19.77,19,Thursday,1842
T0001210,9925499.6986720763.1728286836,9925499.6986720763,2024-10-07 07:44:19.052152,2024-10-07,desktop,United States,google,organic,(organic),Organic Search,19.77,19.77,1.0,1,1,['Apparel'],1,True,,19.77,7,Monday,1842
T0000097,4578531.2165220505.1725622173,4578531.2165220505,2024-09-06 11:30:22.250109,2024-09-06,desktop,United States,(direct),(none),(direct),Direct,19.77,19.77,1.0,1,1,['Apparel'],1,True,,19.77,11,Friday,1842
T0003415,8434660.5253701584.1732282542,8434660.5253701584,2024-11-22 13:37:49.817548,2024-11-22,desktop,United States,google,cpc,brand_search,Paid,19.77,19.77,1.0,1,1,['Apparel'],1,True,,19.77,13,Friday,1842
T0000109,6627820.6298815511.1725664235,6627820.6298815511,2024-09-06 23:13:42.350171,2024-09-06,desktop,Canada,newsletter,email,weekly_drop,Email,19.77,19.77,1.0,1,1,['Apparel'],1,True,,19.77,23,Friday,1842
T0002514,6050187.7741619495.1730676880,6050187.7741619495,2024-11-03 23:42:08.156341,2024-11-03,desktop,Japan,google,organic,(organic),Organic Search,19.77,19.77,1.0,1,1,['Apparel'],1,True,,19.77,23,Sunday,1842
T0002841,9771024.4063952619.1731250846,9771024.4063952619,2024-11-10 15:06:22.504623,2024-11-10,desktop,United Kingdom,google,cpc,shopping_feed,Paid,19.77,19.77,1.0,1,1,['Apparel'],1,True,,19.77,15,Sunday,1842
T0003125,4255937.6973752137.1731786627,4255937.6973752137,2024-11-16 19:44:28.716257,2024-11-16,tablet,India,newsletter,email,weekly_drop,Email,19.77,19.77,1.0,1,1,['Apparel'],1,True,,19.77,19,Saturday,1842
T0003440,8460288.5381053628.1732311501,8460288.5381053628,2024-11-22 21:34:43.396588,2024-11-22,mobile,India,facebook,paid_social,prospecting_broad,Paid,19.77,19.77,1.0,1,1,['Apparel'],1,True,,19.77,21,Friday,1842
T0003651,3014702.5685016639.1732568141,3014702.5685016639,2024-11-25 20:53:14.007225,2024-11-25,desktop,United Kingdom,(direct),(none),(direct),Direct,19.77,19.77,1.0,1,1,['Apparel'],1,True,,19.77,20,Monday,1842
T0002286,7093096.3507712427.1730319473,7093096.3507712427,2024-10-30 20:23:30.467232,2024-10-30,desktop,United Kingdom,(direct),(none),(direct),Direct,19.77,19.77,1.0,1,1,['Apparel'],1,True,,19.77,20,Wednesday,1842
T0002916,2816225.2351168918.1731366641,2816225.2351168918,2024-11-11 23:20:15.695459,2024-11-11,desktop,United Kingdom,(direct),(none),(direct),Direct,19.77,19.77,1.0,1,1,['Apparel'],1,True,,19.77,23,Monday,1842
T0000671,5413545.3803761283.1727100186,5413545.3803761283,2024-09-23 14:03:30.166359,2024-09-23,desktop,United Kingdom,google,organic,(organic),Organic Search,19.77,19.77,1.0,1,1,['Apparel'],1,True,,19.77,14,Monday,1842
T0002726,7771582.5923993037.1731062427,7771582.5923993037,2024-11-08 10:38:53.805210,2024-11-08,desktop,France,youtube.com,referral,(referral),Referral,19.77,19.77,1.0,1,1,['Apparel'],1,True,,19.77,10,Friday,1842
T0004159,1454095.9968409821.1732831524,1454095.9968409821,2024-11-28 22:09:21.676526,2024-11-28,mobile,United States,(direct),(none),(direct),Direct,19.77,19.77,1.0,1,1,['Apparel'],1,True,,19.77,22,Thursday,1842
T0002532,3595362.1095457698.1730715130,3595362.1095457698,2024-11-04 10:12:02.586713,2024-11-04,desktop,United States,youtube.com,referral,(referral),Referral,19.77,19.77,1.0,1,1,['Apparel'],2,False,2,19.77,10,Monday,1842
T0003216,4836585.2061037037.1731950176,4836585.2061037037,2024-11-18 17:13:49.526543,2024-11-18,mobile,Japan,google,cpc,brand_search,Paid,19.77,19.77,1.0,1,1,['Apparel'],1,True,,19.77,17,Monday,1842
T0003542,2873704.9764756646.1732490721,2873704.9764756646,2024-11-24 23:34:37.501143,2024-11-24,mobile,United States,newsletter,email,weekly_drop,Email,19.77,19.77,1.0,1,1,['Apparel'],1,True,,19.77,23,Sunday,1842
T0004479,1248296.6915947853.1733004237,1248296.6915947853,2024-11-30 22:06:43.310472,2024-11-30,desktop,United States,google,organic,(organic),Organic Search,19.77,19.77,1.0,1,1,['Apparel'],1,True,,19.77,22,Saturday,1842
T0001241,5496191.6730546276.1728346113,5496191.6730546276,2024-10-08 00:12:46.296838,2024-10-08,desktop,United States,google,cpc,brand_search,Paid,19.77,19.77,1.0,1,1,['Apparel'],1,True,,19.77,0,Tuesday,1842
T0002125,1182497.3893167730.1730026625,1182497.3893167730,2024-10-27 11:12:13.693914,2024-10-27,desktop,United States,facebook,paid_social,prospecting_broad,Paid,19.77,19.77,1.0,1,1,['Apparel'],1,True,,19.77,11,Sunday,1842
T0002392,5296221.8425429415.1730491927,5296221.8425429415,2024-11-01 20:13:40.919071,2024-11-01,desktop,United Kingdom,newsletter,email,weekly_drop,Email,19.77,19.77,1.0,1,1,['Apparel'],1,True,,19.77,20,Friday,1842
T0003683,8681956.3659088577.1732584393,8681956.3659088577,2024-11-26 01:36:51.943624,2024-11-26,tablet,United States,(direct),(none),(direct),Direct,19.77,19.77,1.0,1,1,['Apparel'],1,True,,19.77,1,Tuesday,1842
T0000280,4213164.1494419308.1726174206,4213164.1494419308,2024-09-12 20:45:09.690268,2024-09-12,desktop,United States,google,organic,(organic),Organic Search,19.77,19.77,1.0,1,1,['Apparel'],2,False,2,19.77,20,Thursday,1842
T0003255,7249018.1850392437.1732023953,7249018.1850392437,2024-11-19 13:49:34.298164,2024-11-19,mobile,Australia,(direct),(none),(direct),Direct,19.77,19.77,1.0,1,1,['Apparel'],1,True,,19.77,13,Tuesday,1842
T0000108,3058403.1803924809.1725660295,3058403.1803924809,2024-09-06 21:56:33.286022,2024-09-06,mobile,United States,(direct),(none),(direct),Direct,19.77,19.77,1.0,1,1,['Apparel'],1,True,,19.77,21,Friday,1842
T0003078,9183438.4801491562.1731694779,9183438.4801491562,2024-11-15 18:26:41.166073,2024-11-15,desktop,Australia,newsletter,email,weekly_drop,Email,19.77,19.77,1.0,1,1,['Apparel'],1,True,,19.77,18,Friday,1842
T0003191,1519791.4651531369.1731886657,1519791.4651531369,2024-11-17 23:46:04.096657,2024-11-17,mobile,India,(direct),(none),(direct),Direct,19.77,19.77,1.0,1,1,['Apparel'],1,True,,19.77,23,Sunday,1842
T0002353,7845809.3658516755.1730430701,7845809.3658516755,2024-11-01 03:17:45.385989,2024-11-01,mobile,Singapore,(direct),(none),(direct),Direct,19.77,19.77,1.0,1,1,['Apparel'],1,True,,19.77,3,Friday,1842
T0003931,4145358.9072303053.1732730248,4145358.9072303053,2024-11-27 18:03:54.923131,2024-11-27,mobile,United States,google,cpc,shopping_feed,Paid,19.77,19.77,1.0,1,1,['Apparel'],1,True,,19.77,18,Wednesday,1842
T0002363,3390497.5446469176.1730456063,3390497.5446469176,2024-11-01 10:17:10.280347,2024-11-01,desktop,United States,(direct),(none),(direct),Direct,19.77,19.77,1.0,1,1,['Apparel'],1,True,,19.77,10,Friday,1842
T0000166,3992135.5274184331.1725876946,3992135.5274184331,2024-09-09 10:12:17.586172,2024-09-09,desktop,United States,facebook,paid_social,prospecting_broad,Paid,19.77,19.77,1.0,1,1,['Apparel'],1,True,,19.77,10,Monday,1842
T0003874,8159712.5902712986.1732702141,8159712.5902712986,2024-11-27 10:05:38.232089,2024-11-27,mobile,Germany,google,organic,(organic),Organic Search,19.77,19.77,1.0,1,1,['Apparel'],1,True,,19.77,10,Wednesday,1842
T0001345,3516080.9422213881.1728562591,3516080.9422213881,2024-10-10 12:24:48.840208,2024-10-10,desktop,Japan,(direct),(none),(direct),Direct,19.77,19.77,1.0,1,1,['Apparel'],1,True,,19.77,12,Thursday,1842
T0002777,5444876.6922229918.1731152261,5444876.6922229918,2024-11-09 11:37:32.176834,2024-11-09,mobile,Netherlands,(direct),(none),(direct),Direct,19.77,19.77,1.0,1,1,['Apparel'],1,True,,19.77,11,Saturday,1842
T0000074,3426917.5700620799.1725555208,3426917.5700620799,2024-09-05 16:56:40.967892,2024-09-05,desktop,United States,google,cpc,shopping_feed,Paid,19.77,19.77,1.0,1,1,['Apparel'],1,True,,19.77,16,Thursday,1842
T0003061,7844462.3905620185.1731673599,7844462.3905620185,2024-11-15 12:30:11.542912,2024-11-15,mobile,United States,google,cpc,brand_search,Paid,19.77,19.77,1.0,1,1,['Apparel'],1,True,,19.77,12,Friday,1842
T0001147,3440588.9350867379.1728147601,3440588.9350867379,2024-10-05 17:08:52.927717,2024-10-05,desktop,United States,google,cpc,shopping_feed,Paid,19.77,19.77,1.0,1,1,['Apparel'],1,True,,19.77,17,Saturday,1842
T0002092,9726744.6660422974.1729971096,9726744.6660422974,2024-10-26 19:28:55.065828,2024-10-26,mobile,United States,google,cpc,brand_search,Paid,19.77,19.77,1.0,1,1,['Apparel'],2,False,1,19.77,19,Saturday,1842
T0001337,6417141.9107196134.1728546547,6417141.9107196134,2024-10-10 07:51:01.002363,2024-10-10,desktop,United States,google,organic,(organic),Organic Search,19.77,19.77,1.0,1,1,['Apparel'],1,True,,19.77,7,Thursday,1842
T0004266,2721368.7292516427.1732890676,2721368.7292516427,2024-11-29 14:24:34.997921,2024-11-29,mobile,Canada,google,organic,(organic),Organic Search,19.77,19.77,1.0,1,1,['Apparel'],1,True,,19.77,14,Friday,1842
T0001707,2202986.8878330667.1729269241,2202986.8878330667,2024-10-18 16:41:48.511120,2024-10-18,mobile,United States,youtube.com,referral,(referral),Referral,19.77,19.77,1.0,1,1,['Apparel'],1,True,,19.77,16,Friday,1842
T0002248,1930646.2551059454.1730245177,1930646.2551059454,2024-10-29 23:45:06.852801,2024-10-29,desktop,United States,(direct),(none),(direct),Direct,19.77,19.77,1.0,1,1,['Apparel'],1,True,,19.77,23,Tuesday,1842
T0002636,4814970.6670776470.1730899752,4814970.6670776470,2024-11-06 13:28:16.964992,2024-11-06,desktop,United States,google,organic,(organic),Organic Search,19.77,19.77,1.0,1,1,['Apparel'],1,True,,19.77,13,Wednesday,1842
T0003921,3693120.7502086606.1732724686,3693120.7502086606,2024-11-27 16:33:23.720310,2024-11-27,desktop,Canada,facebook,paid_social,prospecting_broad,Paid,19.77,19.77,1.0,1,1,['Apparel'],1,True,,19.77,16,Wednesday,1842
T0002078,7230406.2230455989.1729959058,7230406.2230455989,2024-10-26 16:02:53.074079,2024-10-26,desktop,United Kingdom,google,organic,(organic),Organic Search,19.77,19.77,1.0,1,1,['Apparel'],2,False,15,19.77,16,Saturday,1842
T0001614,2322562.8534281186.1729103399,2322562.8534281186,2024-10-16 18:24:42.201046,2024-10-16,mobile,United States,(direct),(none),(direct),Direct,19.77,19.77,1.0,1,1,['Apparel'],1,True,,19.77,18,Wednesday,1842
T0000780,4295341.2155500784.1727313409,4295341.2155500784,2024-09-26 01:21:28.949264,2024-09-26,desktop,France,partners,affiliate,coupon_partners,Affiliate,19.77,19.77,1.0,1,1,['Apparel'],2,False,1,19.77,1,Thursday,1842
T0002891,8270631.1576506116.1731342152,8270631.1576506116,2024-11-11 16:27:22.090815,2024-11-11,desktop,Singapore,newsletter,email,weekly_drop,Email,19.77,19.77,1.0,1,1,['Apparel'],1,True,,19.77,16,Monday,1842
T0001846,9757563.1831635103.1729553643,9757563.1831635103,2024-10-21 23:46:08.236655,2024-10-21,mobile,United Kingdom,google,cpc,brand_search,Paid,19.77,19.77,1.0,1,1,['Apparel'],1,True,,19.77,23,Monday,1842
T0001186,5775299.7267437371.1728226453,5775299.7267437371,2024-10-06 14:47:50.599546,2024-10-06,mobile,Canada,google,organic,(organic),Organic Search,19.77,19.77,1.0,1,1,['Apparel'],1,True,,19.77,14,Sunday,1842
T0001628,4826135.7653252152.1729120852,4826135.7653252152,2024-10-16 23:19:21.523574,2024-10-16,desktop,Mexico,youtube.com,referral,(referral),Referral,19.77,19.77,1.0,1,1,['Apparel'],1,True,,19.77,23,Wednesday,1842
T0001646,7619441.7097400754.1729168313,7619441.7097400754,2024-10-17 12:29:00.999424,2024-10-17,desktop,United States,google,organic,(organic),Organic Search,19.77,19.77,1.0,1,1,['Apparel'],1,True,,19.77,12,Thursday,1842
T0000383,2646375.8793199634.1726437043,2646375.8793199634,2024-09-15 21:47:48.255225,2024-09-15,desktop,United States,google,cpc,brand_search,Paid,19.77,19.77,1.0,1,1,['Apparel'],1,True,,19.77,21,Sunday,1842
T0000546,8091560.6560621555.1726818286,8091560.6560621555,2024-09-20 07:45:57.269216,2024-09-20,tablet,United States,(direct),(none),(direct),Direct,19.77,19.77,1.0,1,1,['Apparel'],1,True,,19.77,7,Friday,1842
T0001604,7989535.3128555258.1729087361,7989535.3128555258,2024-10-16 14:12:16.980795,2024-10-16,mobile,United States,google,organic,(organic),Organic Search,19.77,19.77,1.0,1,1,['Apparel'],1,True,,19.77,14,Wednesday,1842
T0004050,9106327.8407766443.1732796559,9106327.8407766443,2024-11-28 12:32:28.296597,2024-11-28,desktop,Netherlands,google,organic,(organic),Organic Search,19.77,19.77,1.0,1,1,['Apparel'],1,True,,19.77,12,Thursday,1842
T0002132,1339709.4545702806.1730040299,1339709.4545702806,2024-10-27 15:04:17.192069,2024-10-27,desktop,India,google,cpc,shopping_feed,Paid,19.77,19.77,1.0,1,1,['Apparel'],1,True,,19.77,15,Sunday,1842
T0001038,9275738.8199378316.1727868169,9275738.8199378316,2024-10-02 11:34:01.719323,2024-10-02,mobile,Mexico,google,organic,(organic),Organic Search,19.77,19.77,1.0,1,1,['Apparel'],1,True,,19.77,11,Wednesday,1842
T0002598,3334276.2668349999.1730833007,3334276.2668349999,2024-11-05 18:58:17.123040,2024-11-05,desktop,Netherlands,google,cpc,shopping_feed,Paid,19.77,19.77,1.0,1,1,['Apparel'],1,True,,19.77,18,Tuesday,1842
T0000851,6885622.4822307449.1727472616,6885622.4822307449,2024-09-27 21:26:25.116147,2024-09-27,desktop,Singapore,(direct),(none),(direct),Direct,19.77,19.77,1.0,1,1,['Apparel'],1,True,,19.77,21,Friday,1842
T0004089,7860079.6168802083.1732808727,7860079.6168802083,2024-11-28 15:51:34.680606,2024-11-28,mobile,United Kingdom,google,cpc,shopping_feed,Paid,19.77,19.77,1.0,1,1,['Apparel'],1,True,,19.77,15,Thursday,1842
T0001453,8532799.7735126601.1728813399,8532799.7735126601,2024-10-13 09:48:59.674664,2024-10-13,desktop,Canada,(direct),(none),(direct),Direct,19.77,19.77,1.0,1,1,['Apparel'],1,True,,19.77,9,Sunday,1842
T0003648,4070483.8393275010.1732567096,4070483.8393275010,2024-11-25 20:50:43.722421,2024-11-25,mobile,United States,google,organic,(organic),Organic Search,19.77,19.77,1.0,1,1,['Apparel'],1,True,,19.77,20,Monday,1842
T0000540,1062479.3142638265.1726791910,1062479.3142638265,2024-09-20 00:27:58.845749,2024-09-20,desktop,Japan,newsletter,email,weekly_drop,Email,19.77,19.77,1.0,1,1,['Apparel'],1,True,,19.77,0,Friday,1842
T0000850,4647348.3344812896.1727471855,4647348.3344812896,2024-09-27 21:25:34.855652,2024-09-27,tablet,Canada,google,organic,(organic),Organic Search,19.77,19.77,1.0,1,1,['Apparel'],1,True,,19.77,21,Friday,1842
T0001992,3582397.4336857966.1729801295,3582397.4336857966,2024-10-24 20:20:12.793907,2024-10-24,desktop,Canada,google,cpc,brand_search,Paid,19.77,19.77,1.0,1,1,['Apparel'],1,True,,19.77,20,Thursday,1842
T0001828,2040189.1060648037.1729529625,2040189.1060648037,2024-10-21 17:15:48.969683,2024-10-21,desktop,United Kingdom,facebook,paid_social,prospecting_broad,Paid,19.77,19.77,1.0,1,1,['Apparel'],1,True,,19.77,17,Monday,1842
T0003596,8724177.2995648684.1732537722,8724177.2995648684,2024-11-25 12:33:37.225194,2024-11-25,desktop,Australia,(direct),(none),(direct),Direct,19.77,19.77,1.0,1,1,['Apparel'],1,True,,19.77,12,Monday,1842
T0002833,6538062.8080772846.1731241971,6538062.8080772846,2024-11-10 12:39:20.346568,2024-11-10,mobile,United States,google,cpc,brand_search,Paid,19.77,19.77,1.0,1,1,['Apparel'],1,True,,19.77,12,Sunday,1842
T0001779,5581482.2833501723.1729413672,5581482.2833501723,2024-10-20 08:48:06.255934,2024-10-20,desktop,Japan,(direct),(none),(direct),Direct,19.77,19.77,1.0,1,1,['Apparel'],1,True,,19.77,8,Sunday,1842
T0000069,1208490.2847328468.1725496958,1208490.2847328468,2024-09-05 00:54:10.707747,2024-09-05,mobile,Mexico,(direct),(none),(direct),Direct,19.77,19.77,1.0,1,1,['Apparel'],1,True,,19.77,0,Thursday,1842
T0004438,7732391.6165885912.1732986504,7732391.6165885912,2024-11-30 17:08:02.405314,2024-11-30,mobile,United States,(direct),(none),(direct),Direct,19.77,19.77,1.0,1,1,['Apparel'],1,True,,19.77,17,Saturday,1842
T0002251,4628382.9340424043.1730251210,4628382.9340424043,2024-10-30 01:27:07.199977,2024-10-30,desktop,Brazil,(direct),(none),(direct),Direct,19.77,19.77,1.0,1,1,['Apparel'],1,True,,19.77,1,Wednesday,1842
T0000502,6598999.1331743190.1726725911,6598999.1331743190,2024-09-19 06:27:38.488079,2024-09-19,tablet,United States,google,cpc,brand_search,Paid,19.77,19.77,1.0,1,1,['Apparel'],1,True,,19.77,6,Thursday,1842
T0003035,3592266.6424606487.1731611817,3592266.6424606487,2024-11-14 19:17:29.527641,2024-11-14,desktop,Canada,google,cpc,brand_search,Paid,19.77,19.77,1.0,1,1,['Apparel'],1,True,,19.77,19,Thursday,1842
T0001491,8606196.7375892596.1728897535,8606196.7375892596,2024-10-14 09:17:26.211017,2024-10-14,mobile,Australia,google,cpc,brand_search,Paid,19.77,19.77,1.0,1,1,['Apparel'],1,True,,19.77,9,Monday,1842
T0001071,8109811.5222901497.1727967327,8109811.5222901497,2024-10-03 14:54:36.035487,2024-10-03,mobile,United States,google,cpc,brand_search,Paid,19.77,19.77,1.0,1,1,['Apparel'],1,True,,19.77,14,Thursday,1842
T0001335,2150485.3753835611.1728544286,2150485.3753835611,2024-10-10 07:14:11.694938,2024-10-10,desktop,United States,google,organic,(organic),Organic Search,19.77,19.77,1.0,1,1,['Apparel'],1,True,,19.77,7,Thursday,1842
T0001404,7388520.5432936232.1728686668,7388520.5432936232,2024-10-11 22:37:30.883947,2024-10-11,desktop,United States,google,cpc,brand_search,Paid,19.77,19.77,1.0,1,1,['Apparel'],1,True,,19.77,22,Friday,1842
T0001224,8711249.7779431295.1728322810,8711249.7779431295,2024-10-07 17:35:22.547886,2024-10-07,tablet,Australia,google,cpc,shopping_feed,Paid,19.77,19.77,1.0,1,1,['Apparel'],1,True,,19.77,17,Monday,1842
T0003333,6105869.2028348442.1732137199,6105869.2028348442,2024-11-20 21:17:15.261335,2024-11-20,desktop,United States,google,cpc,shopping_feed,Paid,19.77,19.77,1.0,1,1,['Apparel'],1,True,,19.77,21,Wednesday,1842
T0002758,5741696.2834878025.1731098788,5741696.2834878025,2024-11-08 20:44:08.542517,2024-11-08,desktop,United States,newsletter,email,weekly_drop,Email,19.77,19.77,1.0,1,1,['Apparel'],1,True,,19.77,20,Friday,1842
T0000880,2915333.9317027458.1727539932,2915333.9317027458,2024-09-28 16:05:51.212630,2024-09-28,desktop,United States,google,organic,(organic),Organic Search,19.77,19.77,1.0,1,1,['Apparel'],1,True,,19.77,16,Saturday,1842
T0000319,9344701.4753376784.1726277842,9344701.4753376784,2024-09-14 01:29:44.380900,2024-09-14,desktop,United States,google,cpc,shopping_feed,Paid,19.77,19.77,1.0,1,1,['Apparel'],1,True,,19.77,1,Saturday,1842
T0001668,4055454.9498529378.1729193847,4055454.9498529378,2024-10-17 19:45:01.133170,2024-10-17,desktop,Canada,(direct),(none),(direct),Direct,19.77,19.77,1.0,1,1,['Apparel'],2,False,9,19.77,19,Thursday,1842
T0000093,4237347.7415423792.1725610939,4237347.7415423792,2024-09-06 08:16:39.448893,2024-09-06,tablet,United Kingdom,(direct),(none),(direct),Direct,19.77,19.77,1.0,1,1,['Apparel'],1,True,,19.77,8,Friday,1842
T0003600,4209091.9803600831.1732543079,4209091.9803600831,2024-11-25 13:53:43.156240,2024-11-25,desktop,United States,partners,affiliate,coupon_partners,Affiliate,19.77,19.77,1.0,1,1,['Apparel'],1,True,,19.77,13,Monday,1842
T0001506,5341335.6184105276.1728913890,5341335.6184105276,2024-10-14 13:58:42.845718,2024-10-14,mobile,United States,facebook,paid_social,prospecting_broad,Paid,19.77,19.77,1.0,1,1,['Apparel'],1,True,,19.77,13,Monday,1842
T0001178,7845245.2354762402.1728211980,7845245.2354762402,2024-10-06 10:51:39.438082,2024-10-06,desktop,Australia,partners,affiliate,coupon_partners,Affiliate,19.77,19.77,1.0,1,1,['Apparel'],1,True,,19.77,10,Sunday,1842
T0000593,7998595.9726915909.1726931923,7998595.9726915909,2024-09-21 15:30:08.945477,2024-09-21,mobile,United States,google,organic,(organic),Organic Search,19.77,19.77,1.0,1,1,['Apparel'],1,True,,19.77,15,Saturday,1842
T0003571,7486471.6530876612.1732519232,7486471.6530876612,2024-11-25 07:16:05.539663,2024-11-25,desktop,Japan,google,cpc,shopping_feed,Paid,19.77,19.77,1.0,1,1,['Apparel'],1,True,,19.77,7,Monday,1842
T0003325,1461238.4289609781.1732126387,1461238.4289609781,2024-11-20 18:27:48.844682,2024-11-20,mobile,United States,google,organic,(organic),Organic Search,19.77,19.77,1.0,1,1,['Apparel'],1,True,,19.77,18,Wednesday,1842
T0003107,1139402.3875707567.1731752472,1139402.3875707567,2024-11-16 10:29:16.216253,2024-11-16,desktop,United States,(direct),(none),(direct),Direct,19.77,19.77,1.0,1,1,['Apparel'],1,True,,19.77,10,Saturday,1842
T0000985,1137537.2688353132.1727760474,1137537.2688353132,2024-10-01 05:33:35.570094,2024-10-01,desktop,Germany,newsletter,email,weekly_drop,Email,19.77,19.77,1.0,1,1,['Apparel'],3,False,5,19.77,5,Tuesday,1842
T0000177,5405866.8396867913.1725903460,5405866.8396867913,2024-09-09 17:40:52.949667,2024-09-09,desktop,United States,google,organic,(organic),Organic Search,19.77,19.77,1.0,1,1,['Apparel'],1,True,,19.77,17,Monday,1842
T0002585,9901386.2669963298.1730812632,9901386.2669963298,2024-11-05 13:16:57.118724,2024-11-05,desktop,Japan,google,organic,(organic),Organic Search,19.77,19.77,1.0,1,1,['Apparel'],1,True,,19.77,13,Tuesday,1842
T0000088,6550193.6480183288.1725574322,6550193.6480183288,2024-09-05 22:08:04.677420,2024-09-05,desktop,United States,(direct),(none),(direct),Direct,19.77,19.77,1.0,1,1,['Apparel'],1,True,,19.77,22,Thursday,1842
T0004356,7306526.8775438380.1732931186,7306526.8775438380,2024-11-30 01:48:13.599973,2024-11-30,desktop,United States,newsletter,email,weekly_drop,Email,19.77,19.77,1.0,1,1,['Apparel'],1,True,,19.77,1,Saturday,1842
T0002525,1138457.8118743492.1730705101,1138457.8118743492,2024-11-04 07:34:55.124841,2024-11-04,mobile,United States,google,organic,(organic),Organic Search,19.77,19.77,1.0,1,1,['Apparel'],2,False,5,19.77,7,Monday,1842
T0002444,4393074.4597073777.1730571589,4393074.4597073777,2024-11-02 18:32:54.943012,2024-11-02,mobile,United States,(direct),(none),(direct),Direct,19.77,19.77,1.0,1,1,['Apparel'],1,True,,19.77,18,Saturday,1842
T0004425,8616021.7868794590.1732979358,8616021.7868794590,2024-11-30 15:01:29.037662,2024-11-30,desktop,France,newsletter,email,weekly_drop,Email,19.77,19.77,1.0,1,1,['Apparel'],1,True,,19.77,15,Saturday,1842
T0002041,1750454.7793470871.1729883199,1750454.7793470871,2024-10-25 19:01:31.513663,2024-10-25,desktop,Brazil,google,organic,(organic),Organic Search,19.77,19.77,1.0,1,1,['Apparel'],1,True,,19.77,19,Friday,1842
T0001882,5798251.7907656950.1729614548,5798251.7907656950,2024-10-22 16:22:47.472929,2024-10-22,tablet,United States,(direct),(none),(direct),Direct,19.77,19.77,1.0,1,1,['Apparel'],2,False,18,19.77,16,Tuesday,1842
T0000281,3386460.7753105255.1726174678,3386460.7753105255,2024-09-12 20:57:53.611426,2024-09-12,desktop,United States,google,organic,(organic),Organic Search,19.77,19.77,1.0,1,1,['Apparel'],1,True,,19.77,20,Thursday,1842
T0004454,6497493.1798855290.1732993419,6497493.1798855290,2024-11-30 19:00:52.903862,2024-11-30,desktop,Japan,(direct),(none),(direct),Direct,19.77,19.77,1.0,1,1,['Apparel'],1,True,,19.77,19,Saturday,1842
T0002383,8673435.3304453509.1730485111,8673435.3304453509,2024-11-01 18:20:40.452863,2024-11-01,desktop,United States,google,cpc,shopping_feed,Paid,19.77,19.77,1.0,1,1,['Apparel'],1,True,,19.77,18,Friday,1842
T0003069,8203932.3933620125.1731682128,8203932.3933620125,2024-11-15 14:43:45.666862,2024-11-15,desktop,United States,(direct),(none),(direct),Direct,19.77,19.77,1.0,1,1,['Apparel'],1,True,,19.77,14,Friday,1842
T0001317,6823114.5422523135.1728496306,6823114.5422523135,2024-10-09 17:59:01.248345,2024-10-09,desktop,Canada,google,cpc,brand_search,Paid,19.77,19.77,1.0,1,1,['Apparel'],1,True,,19.77,17,Wednesday,1842
T0001527,5534512.3310177425.1728939872,5534512.3310177425,2024-10-14 21:04:42.310913,2024-10-14,desktop,United States,google,cpc,brand_search,Paid,19.77,19.77,1.0,1,1,['Apparel'],1,True,,19.77,21,Monday,1842
T0002977,7306833.9517711706.1731498146,7306833.9517711706,2024-11-13 11:47:41.853314,2024-11-13,desktop,United States,google,organic,(organic),Organic Search,19.77,19.77,1.0,1,1,['Apparel'],2,False,8,19.77,11,Wednesday,1842
T0001449,3007321.1815765261.1728797826,3007321.1815765261,2024-10-13 05:42:52.264882,2024-10-13,desktop,United States,(direct),(none),(direct),Direct,19.77,19.77,1.0,1,1,['Apparel'],1,True,,19.77,5,Sunday,1842
T0001264,4305244.6682453790.1728403814,4305244.6682453790,2024-10-08 16:11:32.015537,2024-10-08,desktop,United States,google,organic,(organic),Organic Search,19.77,19.77,1.0,1,1,['Apparel'],1,True,,19.77,16,Tuesday,1842
T0004335,3084645.4365388660.1732919004,3084645.4365388660,2024-11-29 22:18:27.472701,2024-11-29,tablet,Japan,(direct),(none),(direct),Direct,19.77,19.77,1.0,1,1,['Apparel'],1,True,,19.77,22,Friday,1842
T0000410,2032274.7008960945.1726495379,2032274.7008960945,2024-09-16 13:57:09.307262,2024-09-16,mobile,India,google,organic,(organic),Organic Search,19.77,19.77,1.0,1,1,['Apparel'],1,True,,19.77,13,Monday,1842
T0000881,4139577.6764449967.1727542685,4139577.6764449967,2024-09-28 17:01:21.237257,2024-09-28,mobile,United States,google,organic,(organic),Organic Search,19.77,19.77,1.0,1,1,['Apparel'],1,True,,19.77,17,Saturday,1842
T0002869,7645958.7639242372.1731286405,7645958.7639242372,2024-11-11 00:49:10.660801,2024-11-11,mobile,United States,(direct),(none),(direct),Direct,19.77,19.77,1.0,1,1,['Apparel'],1,True,,19.77,0,Monday,1842
T0002244,4196550.8984862116.1730240305,4196550.8984862116,2024-10-29 22:14:36.079588,2024-10-29,desktop,United States,newsletter,email,weekly_drop,Email,19.77,19.77,1.0,1,1,['Apparel'],1,True,,19.77,22,Tuesday,1842
T0001898,4875425.4642240934.1729630255,4875425.4642240934,2024-10-22 20:55:38.031061,2024-10-22,tablet,India,youtube.com,referral,(referral),Referral,19.77,19.77,1.0,1,1,['Apparel'],1,True,,19.77,20,Tuesday,1842
T0000782,5101599.2335259201.1727321932,5101599.2335259201,2024-09-26 03:44:03.770066,2024-09-26,desktop,Brazil,google,cpc,brand_search,Paid,19.77,19.77,1.0,1,1,['Apparel'],1,True,,19.77,3,Thursday,1842
T0000613,8775490.8387863476.1726956770,8775490.8387863476,2024-09-21 22:16:08.126650,2024-09-21,mobile,Canada,youtube.com,referral,(referral),Referral,19.77,19.77,1.0,1,1,['Apparel'],1,True,,19.77,22,Saturday,1842
T0000264,2799587.9332360853.1726131557,2799587.9332360853,2024-09-12 09:00:51.623602,2024-09-12,desktop,United Kingdom,(direct),(none),(direct),Direct,19.77,19.77,1.0,1,1,['Apparel'],1,True,,19.77,9,Thursday,1842
T0003463,6199478.2230085438.1732369028,6199478.2230085438,2024-11-23 13:46:24.720256,2024-11-23,mobile,United States,(direct),(none),(direct),Direct,19.77,19.77,1.0,1,1,['Apparel'],1,True,,19.77,13,Saturday,1842
T0002578,8695919.7340064664.1730806410,8695919.7340064664,2024-11-05 11:29:59.894500,2024-11-05,desktop,France,newsletter,email,weekly_drop,Email,19.77,19.77,1.0,1,1,['Apparel'],1,True,,19.77,11,Tuesday,1842
T0001750,4673011.6937866529.1729341948,4673011.6937866529,2024-10-19 13:03:38.282023,2024-10-19,mobile,Australia,google,organic,(organic),Organic Search,19.77,19.77,1.0,1,1,['Apparel'],1,True,,19.77,13,Saturday,1842
T0003811,5931896.3963345454.1732659359,5931896.3963345454,2024-11-26 22:16:54.788936,2024-11-26,desktop,United States,google,cpc,brand_search,Paid,19.77,19.77,1.0,1,1,['Apparel'],2,False,20,19.77,22,Tuesday,1842
T0003277,6437721.7029735504.1732048466,6437721.7029735504,2024-11-19 20:29:06.635348,2024-11-19,mobile,United States,(direct),(none),(direct),Direct,19.77,19.77,1.0,1,1,['Apparel'],1,True,,19.77,20,Tuesday,1842
T0001910,7240625.2126972956.1729651439,7240625.2126972956,2024-10-23 02:45:12.281069,2024-10-23,desktop,United States,newsletter,email,weekly_drop,Email,19.77,19.77,1.0,1,1,['Apparel'],1,True,,19.77,2,Wednesday,1842
T0000790,7936626.6541203237.1727347701,7936626.6541203237,2024-09-26 10:50:05.838252,2024-09-26,mobile,United States,(direct),(none),(direct),Direct,19.77,19.77,1.0,1,1,['Apparel'],1,True,,19.77,10,Thursday,1842
T0003147,8737980.1653451442.1731825605,8737980.1653451442,2024-11-17 06:37:09.565211,2024-11-17,desktop,Germany,newsletter,email,weekly_drop,Email,19.77,19.77,1.0,1,1,['Apparel'],2,False,6,19.77,6,Sunday,1842
T0000785,8910397.6479761219.1727337683,8910397.6479761219,2024-09-26 08:15:07.354867,2024-09-26,desktop,United States,google,cpc,brand_search,Paid,19.77,19.77,1.0,1,1,['Apparel'],1,True,,19.77,8,Thursday,1842
T0001607,9152785.4967549925.1729092910,9152785.4967549925,2024-10-16 15:39:34.653841,2024-10-16,mobile,United States,(direct),(none),(direct),Direct,19.77,19.77,1.0,1,1,['Apparel'],1,True,,19.77,15,Wednesday,1842
T0003674,9192627.9324668248.1732577743,9192627.9324668248,2024-11-25 23:38:54.374817,2024-11-25,mobile,United States,google,cpc,shopping_feed,Paid,19.77,19.77,1.0,1,1,['Apparel'],1,True,,19.77,23,Monday,1842
T0002989,1340780.5616835610.1731518908,1340780.5616835610,2024-11-13 17:30:28.643729,2024-11-13,mobile,Germany,google,cpc,shopping_feed,Paid,19.77,19.77,1.0,1,1,['Apparel'],1,True,,19.77,17,Wednesday,1842
T0004432,8528175.6932208094.1732982287,8528175.6932208094,2024-11-30 16:03:20.800781,2024-11-30,desktop,Canada,google,organic,(organic),Organic Search,19.77,19.77,1.0,1,1,['Apparel'],2,False,4,19.77,16,Saturday,1842
T0002236,2295973.3570444702.1730223897,2295973.3570444702,2024-10-29 17:57:44.466168,2024-10-29,mobile,United States,google,organic,(organic),Organic Search,19.77,19.77,1.0,1,1,['Apparel'],1,True,,19.77,17,Tuesday,1842
T0000730,2600231.1584531682.1727212992,2600231.1584531682,2024-09-24 21:30:55.050675,2024-09-24,mobile,India,(direct),(none),(direct),Direct,19.77,19.77,1.0,1,1,['Apparel'],1,True,,19.77,21,Tuesday,1842
T0003259,3011981.3630204234.1732026568,3011981.3630204234,2024-11-19 14:34:26.954981,2024-11-19,desktop,United States,youtube.com,referral,(referral),Referral,19.77,19.77,1.0,1,1,['Apparel'],1,True,,19.77,14,Tuesday,1842
T0004384,4272484.2678712483.1732961082,4272484.2678712483,2024-11-30 09:52:26.076747,2024-11-30,desktop,Canada,google,organic,(organic),Organic Search,19.77,19.77,1.0,1,1,['Apparel'],1,True,,19.77,9,Saturday,1842
T0003013,9654671.8207441017.1731552658,9654671.8207441017,2024-11-14 02:53:57.157759,2024-11-14,desktop,India,google,cpc,shopping_feed,Paid,19.77,19.77,1.0,1,1,['Apparel'],1,True,,19.77,2,Thursday,1842
T0000920,5997960.7661510621.1727629195,5997960.7661510621,2024-09-29 17:24:15.426378,2024-09-29,desktop,Netherlands,(direct),(none),(direct),Direct,19.77,19.77,1.0,1,1,['Apparel'],1,True,,19.77,17,Sunday,1842
T0002619,7275960.2721404713.1730855979,7275960.2721404713,2024-11-06 01:14:25.826388,2024-11-06,mobile,United States,(direct),(none),(direct),Direct,19.77,19.77,1.0,1,1,['Apparel'],1,True,,19.77,1,Wednesday,1842
T0001469,8865413.6547871394.1728851941,8865413.6547871394,2024-10-13 20:47:46.772475,2024-10-13,mobile,Australia,(direct),(none),(direct),Direct,19.77,19.77,1.0,1,1,['Apparel'],1,True,,19.77,20,Sunday,1842
T0001420,9185944.1420588207.1728726915,9185944.1420588207,2024-10-12 09:57:13.565235,2024-10-12,desktop,United Kingdom,(direct),(none),(direct),Direct,19.77,19.77,1.0,1,1,['Apparel'],1,True,,19.77,9,Saturday,1842
T0003955,3782752.2182651851.1732741806,3782752.2182651851,2024-11-27 21:14:44.691913,2024-11-27,desktop,Australia,google,cpc,brand_search,Paid,19.77,19.77,1.0,1,1,['Apparel'],1,True,,19.77,21,Wednesday,1842
T0003836,4779006.5910118938.1732665863,4779006.5910118938,2024-11-27 00:09:19.211782,2024-11-27,mobile,United States,facebook,paid_social,prospecting_broad,Paid,19.77,19.77,1.0,1,1,['Apparel'],1,True,,19.77,0,Wednesday,1842
T0004178,4879086.3592140651.1732840170,4879086.3592140651,2024-11-29 00:44:42.149063,2024-11-29,desktop,Netherlands,newsletter,email,weekly_drop,Email,19.77,19.77,1.0,1,1,['Apparel'],1,True,,19.77,0,Friday,1842
T0000919,4951658.7544729882.1727626158,4951658.7544729882,2024-09-29 16:10:36.591407,2024-09-29,desktop,Japan,(direct),(none),(direct),Direct,19.77,19.77,1.0,1,1,['Apparel'],2,False,12,19.77,16,Sunday,1842
T0002591,4968788.4771795258.1730819725,4968788.4771795258,2024-11-05 15:13:46.176099,2024-11-05,desktop,United States,(direct),(none),(direct),Direct,19.77,19.77,1.0,1,1,['Apparel'],1,True,,19.77,15,Tuesday,1842
T0003633,5354583.4436663183.1732561419,5354583.4436663183,2024-11-25 19:04:34.147032,2024-11-25,desktop,Germany,google,cpc,brand_search,Paid,19.77,19.77,1.0,1,1,['Apparel'],1,True,,19.77,19,Monday,1842
T0004101,6781307.9560132616.1732813179,6781307.9560132616,2024-11-28 17:19:04.571379,2024-11-28,desktop,United States,google,organic,(organic),Organic Search,19.77,19.77,1.0,1,1,['Apparel'],1,True,,19.77,17,Thursday,1842
T0002920,1236116.3136109739.1731378852,1236116.3136109739,2024-11-12 02:28:57.649942,2024-11-12,desktop,India,google,organic,(organic),Organic Search,19.77,19.77,1.0,1,1,['Apparel'],2,False,1,19.77,2,Tuesday,1842
T0003828,2808608.7821881364.1732663275,2808608.7821881364,2024-11-26 23:23:04.699108,2024-11-26,mobile,Canada,google,cpc,brand_search,Paid,19.77,19.77,1.0,1,1,['Apparel'],1,True,,19.77,23,Tuesday,1842
T0000326,6172364.5639353212.1726306166,6172364.5639353212,2024-09-14 09:19:29.766846,2024-09-14,desktop,United States,google,cpc,brand_search,Paid,19.77,19.77,1.0,1,1,['Apparel'],1,True,,19.77,9,Saturday,1842
T0001998,1900614.5528841382.1729807431,1900614.5528841382,2024-10-24 22:05:33.616129,2024-10-24,desktop,United States,partners,affiliate,coupon_partners,Affiliate,19.77,19.77,1.0,1,1,['Apparel'],1,True,,19.77,22,Thursday,1842
T0002297,7632900.5623181226.1730333332,7632900.5623181226,2024-10-31 00:11:26.076702,2024-10-31,mobile,Germany,youtube.com,referral,(referral),Referral,19.77,19.77,1.0,1,1,['Apparel'],1,True,,19.77,0,Thursday,1842
T0002013,9931277.4960945606.1729822107,9931277.4960945606,2024-10-25 02:08:06.099342,2024-10-25,mobile,United States,(direct),(none),(direct),Direct,19.77,19.77,1.0,1,1,['Apparel'],1,True,,19.77,2,Friday,1842
T0000047,2818787.8202667028.1725430129,2818787.8202667028,2024-09-04 06:08:27.227485,2024-09-04,desktop,United Kingdom,google,organic,(organic),Organic Search,19.77,19.77,1.0,1,1,['Apparel'],1,True,,19.77,6,Wednesday,1842
T0003784,4029174.7432916039.1732648841,4029174.7432916039,2024-11-26 19:45:31.222769,2024-11-26,desktop,India,google,cpc,brand_search,Paid,19.77,19.77,1.0,1,1,['Apparel'],1,True,,19.77,19,Tuesday,1842
T0000271,6377504.3990948594.1726143844,6377504.3990948594,2024-09-12 12:32:48.595201,2024-09-12,desktop,United States,(direct),(none),(direct),Direct,19.77,19.77,1.0,1,1,['Apparel'],1,True,,19.77,12,Thursday,1842
T0001099,3802493.3946043238.1728034588,3802493.3946043238,2024-10-04 09:37:00.327272,2024-10-04,mobile,United States,newsletter,email,weekly_drop,Email,19.77,19.77,1.0,1,1,['Apparel'],1,True,,19.77,9,Friday,1842
T0000111,1400961.3713442888.1725668219,1400961.3713442888,2024-09-07 00:28:58.622732,2024-09-07,mobile,United States,(direct),(none),(direct),Direct,19.77,19.77,1.0,1,1,['Apparel'],1,True,,19.77,0,Saturday,1842
T0002073,8971646.5956506449.1729952691,8971646.5956506449,2024-10-26 14:26:40.511210,2024-10-26,mobile,United States,newsletter,email,weekly_drop,Email,19.77,19.77,1.0,1,1,['Apparel'],1,True,,19.77,14,Saturday,1842
T0001922,8343112.4132633519.1729679226,8343112.4132633519,2024-10-23 10:29:39.661977,2024-10-23,desktop,United States,(direct),(none),(direct),Direct,19.77,19.77,1.0,1,1,['Apparel'],1,True,,19.77,10,Wednesday,1842
T0001732,8701058.7969033185.1729296059,8701058.7969033185,2024-10-19 00:05:33.297327,2024-10-19,mobile,India,google,organic,(organic),Organic Search,19.77,19.77,1.0,1,1,['Apparel'],1,True,,19.77,0,Saturday,1842
T0001050,4256609.4758698594.1727904571,4256609.4758698594,2024-10-02 21:33:06.911719,2024-10-02,mobile,France,google,cpc,shopping_feed,Paid,19.77,19.77,1.0,1,1,['Apparel'],1,True,,19.77,21,Wednesday,1842
T0004217,9456219.1179900559.1732869548,9456219.1179900559,2024-11-29 08:51:30.496987,2024-11-29,desktop,India,(direct),(none),(direct),Direct,19.77,19.77,1.0,1,1,['Apparel'],2,False,9,19.77,8,Friday,1842
T0000908,3213383.7872650182.1727589579,3213383.7872650182,2024-09-29 06:03:20.852474,2024-09-29,mobile,United Kingdom,(direct),(none),(direct),Direct,19.77,19.77,1.0,1,1,['Apparel'],1,True,,19.77,6,Sunday,1842
T0001025,7032261.4537209064.1727825017,7032261.4537209064,2024-10-01 23:36:54.492789,2024-10-01,desktop,United States,google,organic,(organic),Organic Search,19.77,19.77,1.0,1,1,['Apparel'],1,True,,19.77,23,Tuesday,1842
T0001767,2807112.6288732844.1729374258,2807112.6288732844,2024-10-19 21:45:03.160698,2024-10-19,desktop,United States,google,organic,(organic),Organic Search,19.77,19.77,1.0,1,1,['Apparel'],1,True,,19.77,21,Saturday,1842
T0003628,7315111.8474779933.1732555784,7315111.8474779933,2024-11-25 17:34:32.450696,2024-11-25,mobile,United States,newsletter,email,weekly_drop,Email,19.77,19.77,1.0,1,1,['Apparel'],1,True,,19.77,17,Monday,1842
T0003806,2947450.9203107059.1732658619,2947450.9203107059,2024-11-26 21:58:39.169475,2024-11-26,mobile,United States,google,cpc,brand_search,Paid,19.77,19.77,1.0,1,1,['Apparel'],1,True,,19.77,21,Tuesday,1842
T0002637,4788811.3076958433.1730900773,4788811.3076958433,2024-11-06 13:52:46.733591,2024-11-06,desktop,India,google,cpc,brand_search,Paid,19.77,19.77,1.0,1,1,['Apparel'],2,False,20,19.77,13,Wednesday,1842
T0003776,8528175.6932208094.1732644493,8528175.6932208094,2024-11-26 18:09:07.155603,2024-11-26,desktop,Canada,google,organic,(organic),Organic Search,19.77,19.77,1.0,1,1,['Apparel'],1,True,,19.77,18,Tuesday,1842
T0002127,1463116.5354048538.1730030410,1463116.5354048538,2024-10-27 11:57:33.522447,2024-10-27,mobile,United States,(direct),(none),(direct),Direct,19.77,19.77,1.0,1,1,['Apparel'],1,True,,19.77,11,Sunday,1842
T0001655,4877582.2186050302.1729176119,4877582.2186050302,2024-10-17 14:52:53.681777,2024-10-17,desktop,United States,newsletter,email,weekly_drop,Email,19.77,19.77,1.0,1,1,['Apparel'],2,False,27,19.77,14,Thursday,1842
T0002907,8100730.2020354003.1731358278,8100730.2020354003,2024-11-11 20:48:27.407668,2024-11-11,desktop,Germany,google,organic,(organic),Organic Search,19.77,19.77,1.0,1,1,['Apparel'],1,True,,19.77,20,Monday,1842
T0001384,7521323.2410670824.1728661969,7521323.2410670824,2024-10-11 15:52:02.094570,2024-10-11,mobile,France,google,organic,(organic),Organic Search,19.77,19.77,1.0,1,1,['Apparel'],1,True,,19.77,15,Friday,1842
T0001160,9757494.7335137900.1728169222,9757494.7335137900,2024-10-05 23:09:44.866394,2024-10-05,mobile,Japan,(direct),(none),(direct),Direct,19.77,19.77,1.0,1,1,['Apparel'],3,False,2,19.77,23,Saturday,1842
T0001479,1625972.4371021569.1728876274,1625972.4371021569,2024-10-14 03:29:26.314045,2024-10-14,mobile,United States,(direct),(none),(direct),Direct,19.77,19.77,1.0,1,1,['Apparel'],1,True,,19.77,3,Monday,1842
T0003206,4349840.6605929390.1731931612,4349840.6605929390,2024-11-18 12:10:28.970861,2024-11-18,mobile,United States,newsletter,email,weekly_drop,Email,19.77,19.77,1.0,1,1,['Apparel'],1,True,,19.77,12,Monday,1842
T0000019,3585805.2522505302.1725249683,3585805.2522505302,2024-09-02 03:59:28.579619,2024-09-02,desktop,United States,(direct),(none),(direct),Direct,19.77,19.77,1.0,1,1,['Apparel'],1,True,,19.77,3,Monday,1842
T0003512,5091362.7622282069.1732454611,5091362.7622282069,2024-11-24 13:37:29.514829,2024-11-24,mobile,Brazil,google,cpc,shopping_feed,Paid,19.77,19.77,1.0,1,1,['Apparel'],1,True,,19.77,13,Sunday,1842
T0001866,6141241.8692395163.1729600102,6141241.8692395163,2024-10-22 12:31:06.184820,2024-10-22,desktop,United Kingdom,google,organic,(organic),Organic Search,19.77,19.77,1.0,1,1,['Apparel'],1,True,,19.77,12,Tuesday,1842
T0001138,4361672.1158790637.1728138505,4361672.1158790637,2024-10-05 14:20:36.764143,2024-10-05,mobile,India,(direct),(none),(direct),Direct,19.77,19.77,1.0,1,1,['Apparel'],1,True,,19.77,14,Saturday,1842
T0002241,9572078.9342754973.1730233862,9572078.9342754973,2024-10-29 20:39:26.963666,2024-10-29,tablet,United States,youtube.com,referral,(referral),Referral,19.77,19.77,1.0,1,1,['Apparel'],1,True,,19.77,20,Tuesday,1842
T0003513,6388332.1790469356.1732456487,6388332.1790469356,2024-11-24 13:44:04.885277,2024-11-24,desktop,United Kingdom,google,cpc,brand_search,Paid,19.77,19.77,1.0,1,1,['Apparel'],1,True,,19.77,13,Sunday,1842
T0000779,5815849.9827281089.1727312894,5815849.9827281089,2024-09-26 01:07:16.107588,2024-09-26,desktop,Australia,google,organic,(organic),Organic Search,19.77,19.77,1.0,1,1,['Apparel'],1,True,,19.77,1,Thursday,1842
T0002352,9332812.8695822823.1730421201,9332812.8695822823,2024-11-01 00:42:22.293981,2024-11-01,mobile,United States,google,cpc,brand_search,Paid,19.77,19.77,1.0,1,1,['Apparel'],1,True,,19.77,0,Friday,1842
T0003114,7633721.5459194452.1731766226,7633721.5459194452,2024-11-16 14:23:30.152836,2024-11-16,tablet,United States,google,organic,(organic),Organic Search,19.77,19.77,1.0,1,1,['Apparel'],1,True,,19.77,14,Saturday,1842
T0003654,5901832.7695047613.1732569082,5901832.7695047613,2024-11-25 21:14:47.874384,2024-11-25,desktop,United States,newsletter,email,weekly_drop,Email,19.77,19.77,1.0,1,1,['Apparel'],1,True,,19.77,21,Monday,1842
T0000735,1337648.9849405174.1727215435,1337648.9849405174,2024-09-24 22:20:52.296371,2024-09-24,desktop,United States,(direct),(none),(direct),Direct,19.77,19.77,1.0,1,1,['Apparel'],1,True,,19.77,22,Tuesday,1842
T0002544,3498109.1797085651.1730728776,3498109.1797085651,2024-11-04 14:12:10.727078,2024-11-04,desktop,United States,newsletter,email,weekly_drop,Email,19.77,19.77,1.0,1,1,['Apparel'],1,True,,19.77,14,Monday,1842
T0003430,4255081.9664230686.1732298717,4255081.9664230686,2024-11-22 18:08:59.698669,2024-11-22,desktop,Netherlands,google,organic,(organic),Organic Search,19.77,19.77,1.0,1,1,['Apparel'],2,False,3,19.77,18,Friday,1842
T0001255,9344458.5239633414.1728387301,9344458.5239633414,2024-10-08 11:28:01.074324,2024-10-08,mobile,United States,google,cpc,brand_search,Paid,19.77,19.77,1.0,1,1,['Apparel'],1,True,,19.77,11,Tuesday,1842
T0003288,6730379.7094664828.1732058809,6730379.7094664828,2024-11-19 23:24:53.637088,2024-11-19,desktop,United States,google,organic,(organic),Organic Search,19.77,19.77,1.0,1,1,['Apparel'],1,True,,19.77,23,Tuesday,1842
T0004407,1678545.9321867496.1732971811,1678545.9321867496,2024-11-30 13:01:40.051531,2024-11-30,desktop,United States,google,cpc,brand_search,Paid,19.77,19.77,1.0,1,1,['Apparel'],1,True,,19.77,13,Saturday,1842
T0001660,5010219.2431154712.1729185561,5010219.2431154712,2024-10-17 17:26:48.695785,2024-10-17,desktop,United States,(direct),(none),(direct),Direct,19.77,19.77,1.0,1,1,['Apparel'],1,True,,19.77,17,Thursday,1842
T0002343,6183609.2407090101.1730406504,6183609.2407090101,2024-10-31 20:33:04.187205,2024-10-31,mobile,United States,(direct),(none),(direct),Direct,19.77,19.77,1.0,1,1,['Apparel'],1,True,,19.77,20,Thursday,1842
T0002549,1417739.8111988976.1730736075,1417739.8111988976,2024-11-04 15:55:32.549591,2024-11-04,mobile,United States,(direct),(none),(direct),Direct,19.77,19.77,1.0,1,1,['Apparel'],1,True,,19.77,15,Monday,1842
T0002164,8083530.9856718775.1730091040,8083530.9856718775,2024-10-28 05:01:58.390734,2024-10-28,desktop,United Kingdom,google,organic,(organic),Organic Search,19.77,19.77,1.0,1,1,['Apparel'],1,True,,19.77,5,Monday,1842
T0002872,4466026.8524107182.1731299114,4466026.8524107182,2024-11-11 04:32:48.721167,2024-11-11,desktop,United States,google,organic,(organic),Organic Search,19.77,19.77,1.0,1,1,['Apparel'],1,True,,19.77,4,Monday,1842
T0002245,6909712.2141149578.1730240638,6909712.2141149578,2024-10-29 22:27:41.553810,2024-10-29,mobile,Mexico,(direct),(none),(direct),Direct,19.77,19.77,1.0,1,1,['Apparel'],1,True,,19.77,22,Tuesday,1842
T0002107,9914107.5522007843.1729996035,9914107.5522007843,2024-10-27 02:20:29.292340,2024-10-27,desktop,United Kingdom,(direct),(none),(direct),Direct,19.77,19.77,1.0,1,1,['Apparel'],1,True,,19.77,2,Sunday,1842
T0001151,3840876.8289615065.1728156586,3840876.8289615065,2024-10-05 19:29:53.697636,2024-10-05,desktop,United States,google,cpc,shopping_feed,Paid,19.77,19.77,1.0,1,1,['Apparel'],1,True,,19.77,19,Saturday,1842
T0001867,2856497.9317123383.1729600786,2856497.9317123383,2024-10-22 12:34:58.084833,2024-10-22,mobile,United States,(direct),(none),(direct),Direct,19.77,19.77,1.0,1,1,['Apparel'],1,True,,19.77,12,Tuesday,1842
T0003183,7182543.9226832885.1731877785,7182543.9226832885,2024-11-17 21:16:38.238661,2024-11-17,mobile,United States,(direct),(none),(direct),Direct,19.77,19.77,1.0,1,1,['Apparel'],1,True,,19.77,21,Sunday,1842
T0001237,6462444.5034954511.1728339228,6462444.5034954511,2024-10-07 22:26:11.074646,2024-10-07,mobile,United Kingdom,(direct),(none),(direct),Direct,19.77,19.77,1.0,1,1,['Apparel'],1,True,,19.77,22,Monday,1842
T0002068,9090198.7351946254.1729944800,9090198.7351946254,2024-10-26 12:05:48.961529,2024-10-26,desktop,United States,google,organic,(organic),Organic Search,19.77,19.77,1.0,1,1,['Apparel'],1,True,,19.77,12,Saturday,1842
T0002966,6192825.7182681869.1731466716,6192825.7182681869,2024-11-13 03:02:59.158725,2024-11-13,desktop,United States,newsletter,email,weekly_drop,Email,19.77,19.77,1.0,1,1,['Apparel'],1,True,,19.77,3,Wednesday,1842
T0002890,2332676.9313920355.1731341505,2332676.9313920355,2024-11-11 16:15:23.453891,2024-11-11,desktop,United States,google,cpc,brand_search,Paid,19.77,19.77,1.0,1,1,['Apparel'],1,True,,19.77,16,Monday,1842
T0003612,5388342.3326549526.1732548394,5388342.3326549526,2024-11-25 15:22:10.391208,2024-11-25,mobile,United States,google,cpc,brand_search,Paid,19.77,19.77,1.0,1,1,['Apparel'],1,True,,19.77,15,Monday,1842
T0000724,8958646.8622126937.1727202646,8958646.8622126937,2024-09-24 18:30:10.572139,2024-09-24,desktop,United States,google,organic,(organic),Organic Search,19.55,19.55,1.0,1,1,['Office'],1,True,,19.55,18,Tuesday,1843
T0003985,8061878.8075287216.1732753534,8061878.8075287216,2024-11-28 00:41:21.291613,2024-11-28,mobile,Singapore,youtube.com,referral,(referral),Referral,19.55,19.55,1.0,1,1,['Office'],1,True,,19.55,0,Thursday,1843
T0003049,1293355.1471761383.1731656753,1293355.1471761383,2024-11-15 07:43:39.631661,2024-11-15,mobile,United States,google,organic,(organic),Organic Search,19.55,19.55,1.0,1,1,['Office'],1,True,,19.55,7,Friday,1843
T0003678,4475597.1641075659.1732580252,4475597.1641075659,2024-11-26 00:21:49.281452,2024-11-26,mobile,Japan,google,organic,(organic),Organic Search,19.55,19.55,1.0,1,1,['Office'],1,True,,19.55,0,Tuesday,1843
T0002210,5125712.9996218787.1730184166,5125712.9996218787,2024-10-29 06:57:18.351319,2024-10-29,mobile,Singapore,google,organic,(organic),Organic Search,19.2,19.2,2.0,2,2,['Drinkware' 'Office'],1,True,,9.6,6,Tuesday,1844
T0002442,6141241.8692395163.1730570949,6141241.8692395163,2024-11-02 18:07:02.972452,2024-11-02,desktop,United Kingdom,google,organic,(organic),Organic Search,19.2,19.2,2.0,2,2,['Drinkware' 'Office'],2,False,11,9.6,18,Saturday,1844
T0004254,6060600.1413574826.1732886549,6060600.1413574826,2024-11-29 13:14:06.602371,2024-11-29,desktop,India,partners,affiliate,coupon_partners,Affiliate,19.14,19.14,1.0,1,1,['Headgear'],1,True,,19.14,13,Friday,1845
T0002180,1611082.3323386017.1730133400,1611082.3323386017,2024-10-28 16:41:52.222814,2024-10-28,mobile,United States,google,organic,(organic),Organic Search,19.14,19.14,1.0,1,1,['Headgear'],1,True,,19.14,16,Monday,1845
T0004313,8572386.1239955812.1732910985,8572386.1239955812,2024-11-29 20:11:22.191133,2024-11-29,desktop,United States,google,organic,(organic),Organic Search,19.14,19.14,1.0,1,1,['Headgear'],1,True,,19.14,20,Friday,1845
T0000422,2055213.9963329377.1726517294,2055213.9963329377,2024-09-16 19:59:52.800605,2024-09-16,desktop,Singapore,(direct),(none),(direct),Direct,19.14,19.14,1.0,1,1,['Headgear'],1,True,,19.14,19,Monday,1845
T0002064,8094554.7839009969.1729936913,8094554.7839009969,2024-10-26 09:57:47.628042,2024-10-26,mobile,Japan,(direct),(none),(direct),Direct,18.95,18.95,1.0,1,1,['Office'],1,True,,18.95,9,Saturday,1846
T0002476,6102526.3128041634.1730623967,6102526.3128041634,2024-11-03 08:52:31.127131,2024-11-03,desktop,United States,google,cpc,brand_search,Paid,18.95,18.95,1.0,1,1,['Office'],1,True,,18.95,8,Sunday,1846
T0004237,1583895.6290777975.1732879354,1583895.6290777975,2024-11-29 11:17:06.421501,2024-11-29,mobile,United Kingdom,(direct),(none),(direct),Direct,18.95,18.95,1.0,1,1,['Office'],2,False,4,18.95,11,Friday,1846
T0003780,3143702.4407956443.1732646390,3143702.4407956443,2024-11-26 18:44:10.124750,2024-11-26,desktop,United States,newsletter,email,weekly_drop,Email,18.82,18.82,2.0,2,1,['Stationery'],1,True,,9.41,18,Tuesday,1847
T0000736,2314818.9570068861.1727217837,2314818.9570068861,2024-09-24 22:48:00.386568,2024-09-24,desktop,Brazil,(direct),(none),(direct),Direct,18.78,18.78,2.0,2,2,['Accessories' 'Office'],1,True,,9.39,22,Tuesday,1848
T0000105,2371188.5159462291.1725649697,2371188.5159462291,2024-09-06 19:06:48.934023,2024-09-06,tablet,India,newsletter,email,weekly_drop,Email,18.62,18.62,1.0,1,1,['Lifestyle'],1,True,,18.62,19,Friday,1849
T0001939,4649716.9915216489.1729700948,4649716.9915216489,2024-10-23 16:23:00.991355,2024-10-23,desktop,United States,facebook,paid_social,prospecting_broad,Paid,18.62,18.62,1.0,1,1,['Lifestyle'],1,True,,18.62,16,Wednesday,1849
T0004417,3468215.7244358877.1732976096,3468215.7244358877,2024-11-30 14:14:29.440494,2024-11-30,mobile,United States,newsletter,email,weekly_drop,Email,18.62,18.62,1.0,1,1,['Lifestyle'],1,True,,18.62,14,Saturday,1849
T0001697,3514482.8555003248.1729257955,3514482.8555003248,2024-10-18 13:40:25.878217,2024-10-18,desktop,United States,google,cpc,brand_search,Paid,18.62,18.62,1.0,1,1,['Lifestyle'],1,True,,18.62,13,Friday,1849
T0003692,7117074.2301437582.1732592404,7117074.2301437582,2024-11-26 03:49:04.225599,2024-11-26,mobile,United States,google,organic,(organic),Organic Search,18.62,18.62,1.0,1,1,['Lifestyle'],1,True,,18.62,3,Tuesday,1849
T0003498,3066616.4897973927.1732423715,3066616.4897973927,2024-11-24 05:03:51.953558,2024-11-24,desktop,Canada,newsletter,email,weekly_drop,Email,18.62,18.62,1.0,1,1,['Lifestyle'],1,True,,18.62,5,Sunday,1849
T0001459,8226204.5742759608.1728825424,8226204.5742759608,2024-10-13 13:15:37.835176,2024-10-13,desktop,Germany,google,organic,(organic),Organic Search,18.62,18.62,1.0,1,1,['Lifestyle'],2,False,4,18.62,13,Sunday,1849
T0000442,1111725.7224184276.1726561189,1111725.7224184276,2024-09-17 08:15:00.796099,2024-09-17,mobile,United States,(direct),(none),(direct),Direct,18.62,18.62,1.0,1,1,['Lifestyle'],1,True,,18.62,8,Tuesday,1849
T0002681,2625763.6384997202.1730978992,2625763.6384997202,2024-11-07 11:25:37.945107,2024-11-07,desktop,Germany,google,organic,(organic),Organic Search,18.62,18.62,1.0,1,1,['Lifestyle'],1,True,,18.62,11,Thursday,1849
T0000447,4275382.5574567445.1726577793,4275382.5574567445,2024-09-17 13:25:53.291935,2024-09-17,desktop,United States,youtube.com,referral,(referral),Referral,18.62,18.62,1.0,1,1,['Lifestyle'],1,True,,18.62,13,Tuesday,1849
T0001150,2870721.1537509807.1728154639,2870721.1537509807,2024-10-05 19:00:53.511646,2024-10-05,mobile,Canada,newsletter,email,weekly_drop,Email,18.62,18.62,1.0,1,1,['Lifestyle'],1,True,,18.62,19,Saturday,1849
T0002941,8180748.4779938057.1731424829,8180748.4779938057,2024-11-12 15:31:07.982536,2024-11-12,desktop,United Kingdom,(direct),(none),(direct),Direct,18.62,18.62,1.0,1,1,['Lifestyle'],1,True,,18.62,15,Tuesday,1849
T0000962,8149121.4103243202.1727717465,8149121.4103243202,2024-09-30 17:55:11.129867,2024-09-30,tablet,United States,newsletter,email,weekly_drop,Email,18.62,18.62,1.0,1,1,['Lifestyle'],1,True,,18.62,17,Monday,1849
T0001116,5120342.5204085897.1728071483,5120342.5204085897,2024-10-04 19:54:07.635857,2024-10-04,desktop,Brazil,google,organic,(organic),Organic Search,18.62,18.62,1.0,1,1,['Lifestyle'],1,True,,18.62,19,Friday,1849
T0004324,7424407.5914370656.1732915152,7424407.5914370656,2024-11-29 21:26:35.470840,2024-11-29,desktop,United States,(direct),(none),(direct),Direct,18.62,18.62,1.0,1,1,['Lifestyle'],1,True,,18.62,21,Friday,1849
T0003930,1847242.7264517157.1732730845,1847242.7264517157,2024-11-27 18:02:23.773466,2024-11-27,desktop,Netherlands,(direct),(none),(direct),Direct,18.62,18.62,1.0,1,1,['Lifestyle'],1,True,,18.62,18,Wednesday,1849
T0004299,9099454.7364226170.1732906054,9099454.7364226170,2024-11-29 18:56:25.097829,2024-11-29,desktop,Canada,google,cpc,brand_search,Paid,18.62,18.62,1.0,1,1,['Lifestyle'],1,True,,18.62,18,Friday,1849
T0003695,7447414.4753554902.1732596710,7447414.4753554902,2024-11-26 04:51:23.881781,2024-11-26,mobile,Brazil,facebook,paid_social,prospecting_broad,Paid,18.62,18.62,1.0,1,1,['Lifestyle'],1,True,,18.62,4,Tuesday,1849
T0002827,4904144.4039159790.1731230849,4904144.4039159790,2024-11-10 09:21:02.287131,2024-11-10,desktop,United Kingdom,youtube.com,referral,(referral),Referral,18.62,18.62,1.0,1,1,['Lifestyle'],1,True,,18.62,9,Sunday,1849
T0004181,5567746.2219605119.1732843785,5567746.2219605119,2024-11-29 01:42:41.261466,2024-11-29,mobile,Mexico,(direct),(none),(direct),Direct,18.62,18.62,1.0,1,1,['Lifestyle'],1,True,,18.62,1,Friday,1849
T0000436,9861311.5068767000.1726549999,9861311.5068767000,2024-09-17 05:28:26.530058,2024-09-17,mobile,United States,(direct),(none),(direct),Direct,18.62,18.62,1.0,1,1,['Lifestyle'],1,True,,18.62,5,Tuesday,1849
T0000171,1688546.8313227714.1725891181,1688546.8313227714,2024-09-09 14:23:33.426780,2024-09-09,mobile,United States,newsletter,email,weekly_drop,Email,18.62,18.62,1.0,1,1,['Lifestyle'],1,True,,18.62,14,Monday,1849
T0003938,2006122.8584456592.1732735375,2006122.8584456592,2024-11-27 19:27:49.805353,2024-11-27,desktop,United States,google,organic,(organic),Organic Search,18.62,18.62,1.0,1,1,['Lifestyle'],1,True,,18.62,19,Wednesday,1849
T0002538,2662904.9201741109.1730723493,2662904.9201741109,2024-11-04 12:24:06.495319,2024-11-04,mobile,United States,youtube.com,referral,(referral),Referral,18.62,18.62,1.0,1,1,['Lifestyle'],1,True,,18.62,12,Monday,1849
T0003587,7328340.6393010096.1732533675,7328340.6393010096,2024-11-25 11:22:32.864583,2024-11-25,mobile,Australia,google,cpc,shopping_feed,Paid,18.62,18.62,1.0,1,1,['Lifestyle'],1,True,,18.62,11,Monday,1849
T0000320,9410346.3169651254.1726278995,9410346.3169651254,2024-09-14 02:07:18.061907,2024-09-14,desktop,United States,google,organic,(organic),Organic Search,18.62,18.62,1.0,1,1,['Lifestyle'],1,True,,18.62,2,Saturday,1849
T0000636,6174210.7858672160.1727016847,6174210.7858672160,2024-09-22 14:48:57.615463,2024-09-22,tablet,United States,(direct),(none),(direct),Direct,18.62,18.62,1.0,1,1,['Lifestyle'],1,True,,18.62,14,Sunday,1849
T0001223,1972640.9900953787.1728318151,1972640.9900953787,2024-10-07 16:20:39.373997,2024-10-07,mobile,Singapore,google,cpc,shopping_feed,Paid,18.62,18.62,1.0,1,1,['Lifestyle'],1,True,,18.62,16,Monday,1849
T0002217,4307401.9447275088.1730196257,4307401.9447275088,2024-10-29 10:06:50.716389,2024-10-29,mobile,India,google,cpc,brand_search,Paid,18.62,18.62,1.0,1,1,['Lifestyle'],2,False,2,18.62,10,Tuesday,1849
T0000994,4574947.4174870692.1727778753,4574947.4174870692,2024-10-01 10:38:51.179123,2024-10-01,desktop,India,newsletter,email,weekly_drop,Email,18.62,18.62,1.0,1,1,['Lifestyle'],1,True,,18.62,10,Tuesday,1849
T0004068,6758634.7633291689.1732801900,6758634.7633291689,2024-11-28 13:46:48.591663,2024-11-28,desktop,United States,(direct),(none),(direct),Direct,18.62,18.62,1.0,1,1,['Lifestyle'],1,True,,18.62,13,Thursday,1849
T0000132,7952327.5044175312.1725745208,7952327.5044175312,2024-09-07 21:53:42.366574,2024-09-07,mobile,United States,(direct),(none),(direct),Direct,18.62,18.62,1.0,1,1,['Lifestyle'],1,True,,18.62,21,Saturday,1849
T0004382,9019140.2301771184.1732958929,9019140.2301771184,2024-11-30 09:37:25.278075,2024-11-30,mobile,United States,partners,affiliate,coupon_partners,Affiliate,18.62,18.62,1.0,1,1,['Lifestyle'],1,True,,18.62,9,Saturday,1849
T0002054,9683532.3928931202.1729900694,9683532.3928931202,2024-10-26 00:03:37.782896,2024-10-26,mobile,United States,google,cpc,shopping_feed,Paid,18.62,18.62,1.0,1,1,['Lifestyle'],1,True,,18.62,0,Saturday,1849
T0004190,4159875.6865865651.1732849339,4159875.6865865651,2024-11-29 03:00:26.965677,2024-11-29,desktop,United States,(direct),(none),(direct),Direct,18.62,18.62,1.0,1,1,['Lifestyle'],1,True,,18.62,3,Friday,1849
T0003887,8649809.9744173110.1732710574,8649809.9744173110,2024-11-27 12:28:01.047390,2024-11-27,mobile,United States,google,cpc,brand_search,Paid,18.62,18.62,1.0,1,1,['Lifestyle'],1,True,,18.62,12,Wednesday,1849
T0002080,4996141.1241228092.1729958730,4996141.1241228092,2024-10-26 16:14:21.629290,2024-10-26,desktop,Germany,google,organic,(organic),Organic Search,18.62,18.62,1.0,1,1,['Lifestyle'],1,True,,18.62,16,Saturday,1849
T0003306,8463924.6983839007.1732095396,8463924.6983839007,2024-11-20 09:34:28.897896,2024-11-20,desktop,Brazil,google,cpc,brand_search,Paid,18.62,18.62,1.0,1,1,['Lifestyle'],1,True,,18.62,9,Wednesday,1849
T0002954,1231058.3461518777.1731453259,1231058.3461518777,2024-11-12 23:17:35.705095,2024-11-12,mobile,Singapore,facebook,paid_social,prospecting_broad,Paid,18.62,18.62,1.0,1,1,['Lifestyle'],1,True,,18.62,23,Tuesday,1849
T0000998,1443586.2605081554.1727791341,1443586.2605081554,2024-10-01 13:56:18.010139,2024-10-01,mobile,France,google,cpc,brand_search,Paid,18.62,18.62,1.0,1,1,['Lifestyle'],1,True,,18.62,13,Tuesday,1849
T0002450,5467899.3660492786.1730578895,5467899.3660492786,2024-11-02 20:12:00.871461,2024-11-02,desktop,United States,(direct),(none),(direct),Direct,18.62,18.62,1.0,1,1,['Lifestyle'],1,True,,18.62,20,Saturday,1849
T0001837,3736684.6170561350.1729540652,3736684.6170561350,2024-10-21 19:58:28.541906,2024-10-21,desktop,Netherlands,google,cpc,brand_search,Paid,18.62,18.62,1.0,1,1,['Lifestyle'],2,False,5,18.62,19,Monday,1849
T0001143,2804986.2894372625.1728141947,2804986.2894372625,2024-10-05 15:33:08.889775,2024-10-05,desktop,Australia,(direct),(none),(direct),Direct,18.62,18.62,1.0,1,1,['Lifestyle'],1,True,,18.62,15,Saturday,1849
T0002314,5665712.4210840731.1730375332,5665712.4210840731,2024-10-31 12:00:24.680912,2024-10-31,mobile,United Kingdom,google,cpc,brand_search,Paid,18.62,18.62,1.0,1,1,['Lifestyle'],1,True,,18.62,12,Thursday,1849
T0001254,7513796.1825278736.1728386376,7513796.1825278736,2024-10-08 11:27:20.568815,2024-10-08,mobile,India,google,cpc,shopping_feed,Paid,18.62,18.62,1.0,1,1,['Lifestyle'],1,True,,18.62,11,Tuesday,1849
T0004102,7485718.5235988791.1732814528,7485718.5235988791,2024-11-28 17:22:48.996803,2024-11-28,desktop,France,google,organic,(organic),Organic Search,18.62,18.62,1.0,1,1,['Lifestyle'],1,True,,18.62,17,Thursday,1849
T0002131,6521248.3068833149.1730040391,6521248.3068833149,2024-10-27 14:54:56.560703,2024-10-27,desktop,United States,youtube.com,referral,(referral),Referral,18.62,18.62,1.0,1,1,['Lifestyle'],1,True,,18.62,14,Sunday,1849
T0002411,1060834.2819277444.1730521046,1060834.2819277444,2024-11-02 04:21:29.877688,2024-11-02,desktop,United States,(direct),(none),(direct),Direct,18.62,18.62,1.0,1,1,['Lifestyle'],2,False,3,18.62,4,Saturday,1849
T0001315,6219177.2832740149.1728490685,6219177.2832740149,2024-10-09 16:25:07.980588,2024-10-09,desktop,Brazil,google,cpc,brand_search,Paid,18.62,18.62,1.0,1,1,['Lifestyle'],1,True,,18.62,16,Wednesday,1849
T0001042,1496707.7622968886.1727877872,1496707.7622968886,2024-10-02 14:11:26.047516,2024-10-02,desktop,United States,(direct),(none),(direct),Direct,18.58,18.58,1.0,1,1,['Apparel'],1,True,,18.58,14,Wednesday,1850
T0003137,6375866.5730888709.1731797644,6375866.5730888709,2024-11-16 22:55:10.367608,2024-11-16,desktop,India,google,organic,(organic),Organic Search,18.58,18.58,1.0,1,1,['Apparel'],1,True,,18.58,22,Saturday,1850
T0003551,8328012.1633539255.1732499051,8328012.1633539255,2024-11-25 01:55:15.160368,2024-11-25,mobile,United States,(direct),(none),(direct),Direct,18.58,18.58,1.0,1,1,['Apparel'],1,True,,18.58,1,Monday,1850
T0002629,6288977.8505082114.1730890707,6288977.8505082114,2024-11-06 10:51:28.208879,2024-11-06,mobile,United States,(direct),(none),(direct),Direct,18.58,18.58,1.0,1,1,['Apparel'],1,True,,18.58,10,Wednesday,1850
T0004094,3557742.2785488225.1732812025,3557742.2785488225,2024-11-28 16:38:04.143294,2024-11-28,desktop,United States,google,cpc,shopping_feed,Paid,18.58,18.58,1.0,1,1,['Apparel'],2,False,3,18.58,16,Thursday,1850
T0002461,4805348.5543585840.1730601569,4805348.5543585840,2024-11-03 02:50:01.948704,2024-11-03,mobile,United States,newsletter,email,weekly_drop,Email,18.58,18.58,1.0,1,1,['Apparel'],1,True,,18.58,2,Sunday,1850
T0003850,6691615.5498697097.1732681238,6691615.5498697097,2024-11-27 04:19:33.027472,2024-11-27,mobile,United States,google,organic,(organic),Organic Search,18.58,18.58,1.0,1,1,['Apparel'],1,True,,18.58,4,Wednesday,1850
T0002031,4997692.2430767682.1729866600,4997692.2430767682,2024-10-25 14:35:07.313961,2024-10-25,mobile,United States,google,cpc,shopping_feed,Paid,18.58,18.58,1.0,1,1,['Apparel'],1,True,,18.58,14,Friday,1850
T0000265,5827227.7278691026.1726134058,5827227.7278691026,2024-09-12 09:46:15.502645,2024-09-12,mobile,United States,google,cpc,shopping_feed,Paid,18.55,18.55,2.0,2,1,['Stationery'],2,False,8,9.28,9,Thursday,1851
T0004467,9971153.9070286733.1732998886,9971153.9070286733,2024-11-30 20:47:56.693607,2024-11-30,desktop,India,(direct),(none),(direct),Direct,18.33,18.33,1.0,1,1,['Drinkware'],1,True,,18.33,20,Saturday,1852
T0003230,1618080.9502661127.1731965309,1618080.9502661127,2024-11-18 21:36:21.959612,2024-11-18,desktop,United States,google,organic,(organic),Organic Search,18.33,18.33,1.0,1,1,['Drinkware'],1,True,,18.33,21,Monday,1852
T0003662,4405030.6558425555.1732573388,4405030.6558425555,2024-11-25 22:25:22.016693,2024-11-25,mobile,India,google,cpc,shopping_feed,Paid,17.8,17.8,2.0,2,2,['Office' 'Stationery'],1,True,,8.9,22,Monday,1853
T0000282,8718520.6257862414.1726174214,8718520.6257862414,2024-09-12 20:58:28.506688,2024-09-12,desktop,United States,google,organic,(organic),Organic Search,17.54,17.54,1.0,1,1,['Headgear'],1,True,,17.54,20,Thursday,1854
T0004069,3781551.8407454519.1732801663,3781551.8407454519,2024-11-28 13:49:13.372763,2024-11-28,desktop,United States,google,cpc,brand_search,Paid,17.44,17.44,1.0,1,1,['Office'],1,True,,17.44,13,Thursday,1855
T0002719,6120094.6510798865.1731052238,6120094.6510798865,2024-11-08 07:45:00.589373,2024-11-08,desktop,Japan,google,organic,(organic),Organic Search,17.44,17.44,1.0,1,1,['Office'],1,True,,17.44,7,Friday,1855
T0001531,5765512.9162343176.1728940335,5765512.9162343176,2024-10-14 21:42:22.676420,2024-10-14,tablet,United States,(direct),(none),(direct),Direct,17.44,17.44,1.0,1,1,['Office'],1,True,,17.44,21,Monday,1855
T0001062,5828039.5052698787.1727939282,5828039.5052698787,2024-10-03 07:06:14.242063,2024-10-03,mobile,United States,google,organic,(organic),Organic Search,17.44,17.44,1.0,1,1,['Office'],1,True,,17.44,7,Thursday,1855
T0000906,9066774.5966987618.1727578806,9066774.5966987618,2024-09-29 02:54:38.710123,2024-09-29,mobile,Canada,(direct),(none),(direct),Direct,17.44,17.44,1.0,1,1,['Office'],1,True,,17.44,2,Sunday,1855
T0002351,9113700.2093407889.1730418655,9113700.2093407889,2024-10-31 23:55:19.709572,2024-10-31,desktop,United States,newsletter,email,weekly_drop,Email,17.44,17.44,1.0,1,1,['Office'],1,True,,17.44,23,Thursday,1855
T0003629,7223904.5936471528.1732558807,7223904.5936471528,2024-11-25 18:25:31.396981,2024-11-25,mobile,United States,google,cpc,brand_search,Paid,17.44,17.44,1.0,1,1,['Office'],1,True,,17.44,18,Monday,1855
T0001251,3686550.8330391553.1728378156,3686550.8330391553,2024-10-08 09:01:03.332818,2024-10-08,mobile,United States,(direct),(none),(direct),Direct,17.44,17.44,1.0,1,1,['Office'],1,True,,17.44,9,Tuesday,1855
T0001455,7352034.6614501160.1728818138,7352034.6614501160,2024-10-13 11:16:47.441727,2024-10-13,mobile,United States,google,organic,(organic),Organic Search,17.3,17.3,2.0,2,2,['Office' 'Stationery'],1,True,,8.65,11,Sunday,1856
T0000145,8566132.7249037244.1725799092,8566132.7249037244,2024-09-08 12:43:12.915614,2024-09-08,desktop,Netherlands,google,cpc,shopping_feed,Paid,16.68,16.68,2.0,1,1,['Office'],1,True,,8.34,12,Sunday,1857
T0001417,5784777.3750116745.1728722876,5784777.3750116745,2024-10-12 08:56:26.472603,2024-10-12,mobile,Germany,newsletter,email,weekly_drop,Email,16.68,16.68,2.0,1,1,['Office'],1,True,,8.34,8,Saturday,1857
T0001053,6549570.5628991474.1727905893,6549570.5628991474,2024-10-02 22:14:18.636688,2024-10-02,desktop,Canada,google,cpc,shopping_feed,Paid,16.54,16.54,1.0,1,1,['Accessories'],2,False,21,16.54,22,Wednesday,1858
T0004215,3230727.2101671932.1732867910,3230727.2101671932,2024-11-29 08:23:56.845292,2024-11-29,desktop,United States,google,cpc,shopping_feed,Paid,16.54,16.54,1.0,1,1,['Accessories'],1,True,,16.54,8,Friday,1858
T0004463,6911841.8278127724.1732997671,6911841.8278127724,2024-11-30 20:24:35.622006,2024-11-30,mobile,Australia,google,organic,(organic),Organic Search,16.54,16.54,1.0,1,1,['Accessories'],2,False,4,16.54,20,Saturday,1858
T0001165,5518071.3601395734.1728173039,5518071.3601395734,2024-10-06 00:09:06.872820,2024-10-06,desktop,United Kingdom,google,organic,(organic),Organic Search,16.54,16.54,1.0,1,1,['Accessories'],1,True,,16.54,0,Sunday,1858
T0001521,5870266.1751251567.1728937996,5870266.1751251567,2024-10-14 20:31:32.384530,2024-10-14,desktop,United States,google,cpc,brand_search,Paid,16.54,16.54,1.0,1,1,['Accessories'],2,False,2,16.54,20,Monday,1858
T0001077,6647730.3978169700.1727975615,6647730.3978169700,2024-10-03 17:10:19.426671,2024-10-03,mobile,France,google,organic,(organic),Organic Search,16.54,16.54,1.0,1,1,['Accessories'],1,True,,16.54,17,Thursday,1858
T0003241,8529922.2022100688.1731982550,8529922.2022100688,2024-11-19 02:06:01.263406,2024-11-19,desktop,Australia,google,cpc,shopping_feed,Paid,16.54,16.54,1.0,1,1,['Accessories'],1,True,,16.54,2,Tuesday,1858
T0003854,8533249.8321980912.1732684369,8533249.8321980912,2024-11-27 05:05:40.330318,2024-11-27,desktop,Brazil,(direct),(none),(direct),Direct,16.54,16.54,1.0,1,1,['Accessories'],1,True,,16.54,5,Wednesday,1858
T0000705,1597569.6192452870.1727178149,1597569.6192452870,2024-09-24 11:46:50.959395,2024-09-24,mobile,France,google,cpc,shopping_feed,Paid,16.54,16.54,1.0,1,1,['Accessories'],1,True,,16.54,11,Tuesday,1858
T0004207,5194071.5175063459.1732866284,5194071.5175063459,2024-11-29 07:51:35.790066,2024-11-29,mobile,Netherlands,(direct),(none),(direct),Direct,16.54,16.54,1.0,1,1,['Accessories'],1,True,,16.54,7,Friday,1858
T0003059,4207323.9539367952.1731672761,4207323.9539367952,2024-11-15 12:09:15.440604,2024-11-15,mobile,Australia,(direct),(none),(direct),Direct,16.54,16.54,1.0,1,1,['Accessories'],2,False,10,16.54,12,Friday,1858
T0003968,4808540.8634256829.1732748698,4808540.8634256829,2024-11-27 23:05:05.360885,2024-11-27,desktop,Japan,partners,affiliate,coupon_partners,Affiliate,16.54,16.54,1.0,1,1,['Accessories'],1,True,,16.54,23,Wednesday,1858
T0001402,6485357.3573000633.1728684676,6485357.3573000633,2024-10-11 22:06:13.959569,2024-10-11,desktop,France,google,cpc,shopping_feed,Paid,16.54,16.54,1.0,1,1,['Accessories'],1,True,,16.54,22,Friday,1858
T0002178,2772977.9777834261.1730127048,2772977.9777834261,2024-10-28 15:00:10.502645,2024-10-28,mobile,Canada,google,cpc,shopping_feed,Paid,16.54,16.54,1.0,1,1,['Accessories'],1,True,,16.54,15,Monday,1858
T0001504,5103986.8492511074.1728910744,5103986.8492511074,2024-10-14 12:57:09.981032,2024-10-14,desktop,United States,google,cpc,shopping_feed,Paid,16.54,16.54,1.0,1,1,['Accessories'],1,True,,16.54,12,Monday,1858
T0001558,4922269.1697859991.1729004265,4922269.1697859991,2024-10-15 14:57:55.305805,2024-10-15,desktop,Brazil,google,organic,(organic),Organic Search,16.54,16.54,1.0,1,1,['Accessories'],1,True,,16.54,14,Tuesday,1858
T0002284,6128876.4046350580.1730317864,6128876.4046350580,2024-10-30 19:43:18.954761,2024-10-30,tablet,United States,google,organic,(organic),Organic Search,16.54,16.54,1.0,1,1,['Accessories'],2,False,1,16.54,19,Wednesday,1858
T0000511,6761165.5293494044.1726751459,6761165.5293494044,2024-09-19 13:11:53.834432,2024-09-19,desktop,Netherlands,google,cpc,brand_search,Paid,16.54,16.54,1.0,1,1,['Accessories'],1,True,,16.54,13,Thursday,1858
T0000180,6492900.9701044710.1725912625,6492900.9701044710,2024-09-09 20:08:13.519649,2024-09-09,mobile,United States,newsletter,email,weekly_drop,Email,16.54,16.54,1.0,1,1,['Accessories'],1,True,,16.54,20,Monday,1858
T0002914,4525290.9424666906.1731365560,4525290.9424666906,2024-11-11 23:05:10.435790,2024-11-11,mobile,India,(direct),(none),(direct),Direct,16.54,16.54,1.0,1,1,['Accessories'],1,True,,16.54,23,Monday,1858
T0001285,2786002.2440971692.1728426970,2786002.2440971692,2024-10-08 22:32:02.626091,2024-10-08,desktop,France,google,cpc,brand_search,Paid,16.54,16.54,1.0,1,1,['Accessories'],1,True,,16.54,22,Tuesday,1858
T0001590,2923586.4707202355.1729079213,2923586.4707202355,2024-10-16 11:48:02.709489,2024-10-16,desktop,United States,(direct),(none),(direct),Direct,16.54,16.54,1.0,1,1,['Accessories'],2,False,10,16.54,11,Wednesday,1858
T0000834,7003068.6751937135.1727446048,7003068.6751937135,2024-09-27 14:04:19.645651,2024-09-27,mobile,India,google,organic,(organic),Organic Search,16.54,16.54,1.0,1,1,['Accessories'],1,True,,16.54,14,Friday,1858
T0002936,2345982.7409477409.1731413975,2345982.7409477409,2024-11-12 12:25:01.672789,2024-11-12,tablet,United States,google,organic,(organic),Organic Search,16.54,16.54,1.0,1,1,['Accessories'],1,True,,16.54,12,Tuesday,1858
T0004295,8498593.7171971550.1732905645,8498593.7171971550,2024-11-29 18:45:06.444152,2024-11-29,mobile,United States,(direct),(none),(direct),Direct,16.54,16.54,1.0,1,1,['Accessories'],1,True,,16.54,18,Friday,1858
T0001625,1366491.6344274935.1729119051,1366491.6344274935,2024-10-16 22:52:14.986564,2024-10-16,desktop,India,(direct),(none),(direct),Direct,16.54,16.54,1.0,1,1,['Accessories'],1,True,,16.54,22,Wednesday,1858
T0004182,4393045.8383144496.1732845727,4393045.8383144496,2024-11-29 01:54:16.872634,2024-11-29,tablet,United States,google,cpc,brand_search,Paid,16.54,16.54,1.0,1,1,['Accessories'],1,True,,16.54,1,Friday,1858
T0002339,6161420.1274290396.1730404553,6161420.1274290396,2024-10-31 20:02:36.775776,2024-10-31,mobile,United Kingdom,google,cpc,brand_search,Paid,16.54,16.54,1.0,1,1,['Accessories'],1,True,,16.54,20,Thursday,1858
T0003809,3614461.7159658082.1732658927,3614461.7159658082,2024-11-26 22:12:49.040504,2024-11-26,mobile,Australia,(direct),(none),(direct),Direct,16.54,16.54,1.0,1,1,['Accessories'],1,True,,16.54,22,Tuesday,1858
T0001994,9118307.6050382282.1729803267,9118307.6050382282,2024-10-24 21:03:45.955725,2024-10-24,desktop,Germany,google,organic,(organic),Organic Search,16.54,16.54,1.0,1,1,['Accessories'],1,True,,16.54,21,Thursday,1858
T0000387,7450775.7211581592.1726438521,7450775.7211581592,2024-09-15 22:14:10.326354,2024-09-15,desktop,United States,facebook,paid_social,prospecting_broad,Paid,16.54,16.54,1.0,1,1,['Accessories'],1,True,,16.54,22,Sunday,1858
T0002991,9700769.2134843293.1731521046,9700769.2134843293,2024-11-13 18:04:05.904743,2024-11-13,desktop,United States,google,cpc,brand_search,Paid,16.54,16.54,1.0,1,1,['Accessories'],2,False,8,16.54,18,Wednesday,1858
T0002570,2879205.7880761158.1730783235,2879205.7880761158,2024-11-05 05:12:24.465970,2024-11-05,desktop,United States,google,cpc,shopping_feed,Paid,16.54,16.54,1.0,1,1,['Accessories'],1,True,,16.54,5,Tuesday,1858
T0003472,2013607.8379742656.1732379733,2013607.8379742656,2024-11-23 16:31:15.366751,2024-11-23,mobile,United States,google,cpc,shopping_feed,Paid,16.52,16.52,1.0,1,1,['Drinkware'],1,True,,16.52,16,Saturday,1859
T0001699,5298869.5491432087.1729261001,5298869.5491432087,2024-10-18 14:13:39.182844,2024-10-18,desktop,Germany,newsletter,email,weekly_drop,Email,16.52,16.52,1.0,1,1,['Drinkware'],1,True,,16.52,14,Friday,1859
T0003812,2201463.9750250892.1732659866,2201463.9750250892,2024-11-26 22:25:03.514314,2024-11-26,desktop,Canada,google,organic,(organic),Organic Search,16.52,16.52,1.0,1,1,['Drinkware'],1,True,,16.52,22,Tuesday,1859
T0001257,3839429.9289320603.1728389055,3839429.9289320603,2024-10-08 12:07:05.362111,2024-10-08,desktop,India,google,cpc,brand_search,Paid,16.52,16.52,1.0,1,1,['Drinkware'],1,True,,16.52,12,Tuesday,1859
T0002230,3600917.4715177140.1730214911,3600917.4715177140,2024-10-29 15:20:41.693453,2024-10-29,desktop,United Kingdom,google,organic,(organic),Organic Search,16.52,16.52,1.0,1,1,['Drinkware'],1,True,,16.52,15,Tuesday,1859
T0001796,3122358.7358949142.1729447750,3122358.7358949142,2024-10-20 17:59:32.724673,2024-10-20,desktop,Japan,newsletter,email,weekly_drop,Email,16.52,16.52,1.0,1,1,['Drinkware'],1,True,,16.52,17,Sunday,1859
T0000439,5434553.4646978534.1726557649,5434553.4646978534,2024-09-17 07:21:46.928856,2024-09-17,desktop,India,(direct),(none),(direct),Direct,16.52,16.52,1.0,1,1,['Drinkware'],1,True,,16.52,7,Tuesday,1859
T0002435,1963653.5242949008.1730560380,1963653.5242949008,2024-11-02 15:17:02.552003,2024-11-02,mobile,United States,(direct),(none),(direct),Direct,16.52,16.52,1.0,1,1,['Drinkware'],1,True,,16.52,15,Saturday,1859
T0001709,5612412.1556221001.1729272027,5612412.1556221001,2024-10-18 17:24:54.685527,2024-10-18,mobile,India,newsletter,email,weekly_drop,Email,16.48,16.48,1.0,1,1,['Office'],1,True,,16.48,17,Friday,1860
T0001322,4342851.5766817277.1728509233,4342851.5766817277,2024-10-09 21:26:35.624096,2024-10-09,mobile,United States,(direct),(none),(direct),Direct,16.48,16.48,1.0,1,1,['Office'],1,True,,16.48,21,Wednesday,1860
T0000858,1104369.2922539475.1727484183,1104369.2922539475,2024-09-28 00:39:59.086334,2024-09-28,mobile,United States,google,cpc,brand_search,Paid,16.48,16.48,1.0,1,1,['Office'],1,True,,16.48,0,Saturday,1860
T0004366,6579116.3059389596.1732941144,6579116.3059389596,2024-11-30 04:26:51.234067,2024-11-30,mobile,Germany,google,cpc,brand_search,Paid,16.48,16.48,1.0,1,1,['Office'],1,True,,16.48,4,Saturday,1860
T0000332,1993356.4933722090.1726317267,1993356.4933722090,2024-09-14 12:31:21.693829,2024-09-14,desktop,Canada,(direct),(none),(direct),Direct,16.15,16.15,1.0,1,1,['Drinkware'],1,True,,16.15,12,Saturday,1861
T0002651,9316895.7186270661.1730914684,9316895.7186270661,2024-11-06 17:47:19.598868,2024-11-06,desktop,Japan,google,organic,(organic),Organic Search,16.15,16.15,1.0,1,1,['Drinkware'],2,False,12,16.15,17,Wednesday,1861
T0002576,7394135.8517309951.1730805100,7394135.8517309951,2024-11-05 11:06:48.836568,2024-11-05,mobile,United States,(direct),(none),(direct),Direct,16.15,16.15,1.0,1,1,['Drinkware'],1,True,,16.15,11,Tuesday,1861
T0003301,1647800.3040223343.1732079057,1647800.3040223343,2024-11-20 05:05:44.035267,2024-11-20,desktop,United States,google,organic,(organic),Organic Search,16.15,16.15,1.0,1,1,['Drinkware'],2,False,10,16.15,5,Wednesday,1861
T0001842,4964270.9820419339.1729548510,4964270.9820419339,2024-10-21 22:14:11.622044,2024-10-21,desktop,United States,google,organic,(organic),Organic Search,16.12,16.12,1.0,1,1,['Headgear'],1,True,,16.12,22,Monday,1862
T0003601,8571152.8542663937.1732543475,8571152.8542663937,2024-11-25 14:12:44.018555,2024-11-25,desktop,Singapore,google,organic,(organic),Organic Search,16.12,16.12,1.0,1,1,['Headgear'],1,True,,16.12,14,Monday,1862
T0002807,5825091.6381545515.1731184819,5825091.6381545515,2024-11-09 20:44:29.827466,2024-11-09,mobile,Australia,google,organic,(organic),Organic Search,15.75,15.75,1.0,1,1,['Office'],1,True,,15.75,20,Saturday,1863
T0002630,4059690.8723662099.1730892671,4059690.8723662099,2024-11-06 11:29:39.016627,2024-11-06,mobile,Canada,google,organic,(organic),Organic Search,15.75,15.75,1.0,1,1,['Office'],1,True,,15.75,11,Wednesday,1863
T0002983,4809281.3997273964.1731509697,4809281.3997273964,2024-11-13 15:03:33.129430,2024-11-13,desktop,Australia,(direct),(none),(direct),Direct,15.75,15.75,1.0,1,1,['Office'],1,True,,15.75,15,Wednesday,1863
T0003889,9490405.5253028018.1732710626,9490405.5253028018,2024-11-27 12:36:09.990133,2024-11-27,mobile,Australia,google,cpc,shopping_feed,Paid,15.75,15.75,1.0,1,1,['Office'],1,True,,15.75,12,Wednesday,1863
T0002449,3935084.2294581510.1730577744,3935084.2294581510,2024-11-02 19:54:41.631265,2024-11-02,desktop,United States,(direct),(none),(direct),Direct,15.58,15.58,2.0,1,1,['Office'],1,True,,7.79,19,Saturday,1864
T0000173,6628738.4432042750.1725894093,6628738.4432042750,2024-09-09 15:01:03.790878,2024-09-09,desktop,Singapore,(direct),(none),(direct),Direct,15.53,15.53,1.0,1,1,['Headgear'],1,True,,15.53,15,Monday,1865
T0001891,4696164.3461935449.1729625959,4696164.3461935449,2024-10-22 19:41:28.774820,2024-10-22,desktop,Japan,google,organic,(organic),Organic Search,15.53,15.53,1.0,1,1,['Headgear'],1,True,,15.53,19,Tuesday,1865
T0001649,2430058.2518411684.1729171753,2430058.2518411684,2024-10-17 13:25:27.771777,2024-10-17,mobile,United States,google,cpc,brand_search,Paid,15.53,15.53,1.0,1,1,['Headgear'],1,True,,15.53,13,Thursday,1865
T0001429,2984744.3939611378.1728740591,2984744.3939611378,2024-10-12 13:39:15.696512,2024-10-12,mobile,United Kingdom,newsletter,email,weekly_drop,Email,15.53,15.53,1.0,1,1,['Headgear'],1,True,,15.53,13,Saturday,1865
T0003410,9773071.4778505443.1732279070,9773071.4778505443,2024-11-22 12:50:55.835556,2024-11-22,mobile,United Kingdom,google,organic,(organic),Organic Search,15.53,15.53,1.0,1,1,['Headgear'],1,True,,15.53,12,Friday,1865
T0004115,3583722.8778957208.1732818347,3583722.8778957208,2024-11-28 18:34:03.750277,2024-11-28,desktop,Australia,youtube.com,referral,(referral),Referral,15.53,15.53,1.0,1,1,['Headgear'],1,True,,15.53,18,Thursday,1865
T0002638,6353082.8744681616.1730902382,6353082.8744681616,2024-11-06 14:11:47.271660,2024-11-06,desktop,United Kingdom,google,cpc,brand_search,Paid,15.53,15.53,1.0,1,1,['Headgear'],1,True,,15.53,14,Wednesday,1865
T0002828,9520241.9149038786.1731233128,9520241.9149038786,2024-11-10 09:54:36.300965,2024-11-10,desktop,United Kingdom,newsletter,email,weekly_drop,Email,15.53,15.53,1.0,1,1,['Headgear'],1,True,,15.53,9,Sunday,1865
T0000330,3189397.4285115035.1726313208,3189397.4285115035,2024-09-14 11:33:04.944618,2024-09-14,desktop,India,google,cpc,shopping_feed,Paid,15.53,15.53,1.0,1,1,['Headgear'],1,True,,15.53,11,Saturday,1865
T0000659,9839712.9714465412.1727065971,9839712.9714465412,2024-09-23 04:24:31.947464,2024-09-23,desktop,Brazil,youtube.com,referral,(referral),Referral,15.53,15.53,1.0,1,1,['Headgear'],1,True,,15.53,4,Monday,1865
T0001375,9236130.6462146519.1728648656,9236130.6462146519,2024-10-11 12:06:41.672476,2024-10-11,mobile,United States,facebook,paid_social,prospecting_broad,Paid,15.53,15.53,1.0,1,1,['Headgear'],1,True,,15.53,12,Friday,1865
T0000008,7252488.8585002236.1725224597,7252488.8585002236,2024-09-01 21:00:30.159608,2024-09-01,desktop,United States,google,cpc,shopping_feed,Paid,15.53,15.53,1.0,1,1,['Headgear'],1,True,,15.53,21,Sunday,1865
T0000843,1643224.2752312808.1727459529,1643224.2752312808,2024-09-27 17:53:06.535199,2024-09-27,mobile,India,google,organic,(organic),Organic Search,15.53,15.53,1.0,1,1,['Headgear'],1,True,,15.53,17,Friday,1865
T0003937,6024554.2851020056.1732734781,6024554.2851020056,2024-11-27 19:06:51.021596,2024-11-27,desktop,United States,google,organic,(organic),Organic Search,15.17,15.17,1.0,1,1,['Drinkware'],1,True,,15.17,19,Wednesday,1866
T0000140,4200695.8164105305.1725767782,4200695.8164105305,2024-09-08 04:14:54.125392,2024-09-08,desktop,Singapore,(direct),(none),(direct),Direct,15.17,15.17,1.0,1,1,['Drinkware'],1,True,,15.17,4,Sunday,1866
T0002057,3981570.7807323726.1729925372,3981570.7807323726,2024-10-26 06:45:44.209922,2024-10-26,desktop,Germany,google,organic,(organic),Organic Search,15.17,15.17,1.0,1,1,['Drinkware'],1,True,,15.17,6,Saturday,1866
T0003911,6003285.4981329977.1732721484,6003285.4981329977,2024-11-27 15:33:08.752222,2024-11-27,desktop,Canada,(direct),(none),(direct),Direct,15.17,15.17,1.0,1,1,['Drinkware'],1,True,,15.17,15,Wednesday,1866
T0002303,5160043.6704882466.1730347140,5160043.6704882466,2024-10-31 03:58:57.530417,2024-10-31,mobile,United States,newsletter,email,weekly_drop,Email,15.17,15.17,1.0,1,1,['Drinkware'],1,True,,15.17,3,Thursday,1866
T0003689,9154513.2722195084.1732589833,9154513.2722195084,2024-11-26 03:12:21.271400,2024-11-26,desktop,United Kingdom,google,cpc,shopping_feed,Paid,15.17,15.17,1.0,1,1,['Drinkware'],1,True,,15.17,3,Tuesday,1866
T0001574,7250669.3915514229.1729023719,7250669.3915514229,2024-10-15 20:25:57.674342,2024-10-15,tablet,United States,google,organic,(organic),Organic Search,15.17,15.17,1.0,1,1,['Drinkware'],1,True,,15.17,20,Tuesday,1866
T0004303,1192892.5559506768.1732906859,1192892.5559506768,2024-11-29 19:02:56.389335,2024-11-29,mobile,United States,(direct),(none),(direct),Direct,15.17,15.17,1.0,1,1,['Drinkware'],1,True,,15.17,19,Friday,1866
T0001275,9483363.6856146970.1728413837,9483363.6856146970,2024-10-08 19:07:30.991230,2024-10-08,desktop,United States,youtube.com,referral,(referral),Referral,15.17,15.17,1.0,1,1,['Drinkware'],1,True,,15.17,19,Tuesday,1866
T0001287,4687821.5125519073.1728429100,4687821.5125519073,2024-10-08 23:04:59.087805,2024-10-08,desktop,United States,newsletter,email,weekly_drop,Email,15.17,15.17,1.0,1,1,['Drinkware'],1,True,,15.17,23,Tuesday,1866
T0002427,1445276.7017882121.1730547365,1445276.7017882121,2024-11-02 11:36:49.425088,2024-11-02,mobile,United States,google,organic,(organic),Organic Search,15.17,15.17,1.0,1,1,['Drinkware'],1,True,,15.17,11,Saturday,1866
T0000626,6560631.5202121608.1726989886,6560631.5202121608,2024-09-22 07:18:52.477834,2024-09-22,desktop,United States,newsletter,email,weekly_drop,Email,15.17,15.17,1.0,1,1,['Drinkware'],1,True,,15.17,7,Sunday,1866
T0003661,1569654.9372456462.1732573161,1569654.9372456462,2024-11-25 22:14:16.984804,2024-11-25,desktop,Mexico,(direct),(none),(direct),Direct,15.17,15.17,1.0,1,1,['Drinkware'],1,True,,15.17,22,Monday,1866
T0003441,8482765.2487099882.1732311991,8482765.2487099882,2024-11-22 21:41:50.628164,2024-11-22,tablet,United States,partners,affiliate,coupon_partners,Affiliate,15.17,15.17,1.0,1,1,['Drinkware'],1,True,,15.17,21,Friday,1866
T0001954,9928989.4178021794.1729719258,9928989.4178021794,2024-10-23 21:37:28.151662,2024-10-23,desktop,United States,(direct),(none),(direct),Direct,15.17,15.17,1.0,1,1,['Drinkware'],1,True,,15.17,21,Wednesday,1866
T0002733,3453502.5721340478.1731077234,3453502.5721340478,2024-11-08 14:45:26.007851,2024-11-08,desktop,United States,google,cpc,shopping_feed,Paid,15.17,15.17,1.0,1,1,['Drinkware'],2,False,11,15.17,14,Friday,1866
T0000873,4292812.8210695517.1727518368,4292812.8210695517,2024-09-28 10:18:25.245348,2024-09-28,tablet,Canada,facebook,paid_social,prospecting_broad,Paid,15.17,15.17,1.0,1,1,['Drinkware'],1,True,,15.17,10,Saturday,1866
T0002459,7511436.2275855955.1730600118,7511436.2275855955,2024-11-03 02:14:48.191632,2024-11-03,mobile,United States,(direct),(none),(direct),Direct,15.17,15.17,1.0,1,1,['Drinkware'],1,True,,15.17,2,Sunday,1866
T0003284,2583134.3676723450.1732051465,2583134.3676723450,2024-11-19 21:21:54.491086,2024-11-19,desktop,United States,google,cpc,shopping_feed,Paid,15.17,15.17,1.0,1,1,['Drinkware'],1,True,,15.17,21,Tuesday,1866
T0000704,8097416.8214802496.1727177103,8097416.8214802496,2024-09-24 11:18:04.983954,2024-09-24,desktop,Australia,(direct),(none),(direct),Direct,15.17,15.17,1.0,1,1,['Drinkware'],1,True,,15.17,11,Tuesday,1866
T0003847,1106446.4639860991.1732677489,1106446.4639860991,2024-11-27 03:25:47.240682,2024-11-27,mobile,United States,google,organic,(organic),Organic Search,15.17,15.17,1.0,1,1,['Drinkware'],1,True,,15.17,3,Wednesday,1866
T0000731,8639987.6936838566.1727213705,8639987.6936838566,2024-09-24 21:31:42.544176,2024-09-24,desktop,United Kingdom,(direct),(none),(direct),Direct,15.17,15.17,1.0,1,1,['Drinkware'],2,False,2,15.17,21,Tuesday,1866
T0001496,4744235.3031454604.1728904099,4744235.3031454604,2024-10-14 11:03:52.478459,2024-10-14,mobile,United States,newsletter,email,weekly_drop,Email,15.17,15.17,1.0,1,1,['Drinkware'],1,True,,15.17,11,Monday,1866
T0001164,4289629.9431132159.1728171512,4289629.9431132159,2024-10-05 23:56:33.894701,2024-10-05,desktop,India,google,organic,(organic),Organic Search,15.17,15.17,1.0,1,1,['Drinkware'],1,True,,15.17,23,Saturday,1866
T0000285,9222300.8229914276.1726193595,9222300.8229914276,2024-09-13 02:24:36.349735,2024-09-13,mobile,United States,google,organic,(organic),Organic Search,15.17,15.17,1.0,1,1,['Drinkware'],1,True,,15.17,2,Friday,1866
T0001045,8721716.7199769811.1727887277,8721716.7199769811,2024-10-02 16:35:55.661386,2024-10-02,desktop,United States,(direct),(none),(direct),Direct,15.17,15.17,1.0,1,1,['Drinkware'],1,True,,15.17,16,Wednesday,1866
T0002300,5901016.5202092001.1730338986,5901016.5202092001,2024-10-31 01:54:09.518846,2024-10-31,mobile,United States,youtube.com,referral,(referral),Referral,15.17,15.17,1.0,1,1,['Drinkware'],1,True,,15.17,1,Thursday,1866
T0003860,4440575.8994691421.1732687697,4440575.8994691421,2024-11-27 06:06:40.551080,2024-11-27,desktop,United Kingdom,google,organic,(organic),Organic Search,15.17,15.17,1.0,1,1,['Drinkware'],1,True,,15.17,6,Wednesday,1866
T0001307,4496829.6933602935.1728482962,4496829.6933602935,2024-10-09 14:09:56.801503,2024-10-09,mobile,United States,google,organic,(organic),Organic Search,15.17,15.17,1.0,1,1,['Drinkware'],1,True,,15.17,14,Wednesday,1866
T0001021,7028693.5829520973.1727817364,7028693.5829520973,2024-10-01 21:19:07.155978,2024-10-01,desktop,Japan,facebook,paid_social,prospecting_broad,Paid,15.16,15.16,1.0,1,1,['Accessories'],1,True,,15.16,21,Tuesday,1867
T0002547,3703376.9438780190.1730733161,3703376.9438780190,2024-11-04 15:16:28.280525,2024-11-04,desktop,United Kingdom,newsletter,email,weekly_drop,Email,14.87,14.87,1.0,1,1,['Stationery'],1,True,,14.87,15,Monday,1868
T0000767,5869758.8845815609.1727288318,5869758.8845815609,2024-09-25 18:21:46.091791,2024-09-25,mobile,United Kingdom,google,cpc,brand_search,Paid,14.87,14.87,1.0,1,1,['Stationery'],1,True,,14.87,18,Wednesday,1868
T0002580,6328773.5515677098.1730809110,6328773.5515677098,2024-11-05 12:22:07.071239,2024-11-05,mobile,United States,google,cpc,shopping_feed,Paid,14.82,14.82,1.0,1,1,['Headgear'],1,True,,14.82,12,Tuesday,1869
T0001820,1058419.4760672199.1729513559,1058419.4760672199,2024-10-21 12:28:47.307224,2024-10-21,desktop,United States,partners,affiliate,coupon_partners,Affiliate,14.82,14.82,1.0,1,1,['Headgear'],1,True,,14.82,12,Monday,1869
T0002960,4206017.8149936521.1731459817,4206017.8149936521,2024-11-13 00:59:41.623364,2024-11-13,desktop,United Kingdom,youtube.com,referral,(referral),Referral,14.82,14.82,1.0,1,1,['Headgear'],1,True,,14.82,0,Wednesday,1869
T0003357,5104240.2862648528.1732191743,5104240.2862648528,2024-11-21 12:18:40.124638,2024-11-21,tablet,Canada,(direct),(none),(direct),Direct,14.82,14.82,1.0,1,1,['Headgear'],1,True,,14.82,12,Thursday,1869
T0004424,2362282.4256409307.1732978609,2362282.4256409307,2024-11-30 14:59:46.263188,2024-11-30,desktop,Canada,(direct),(none),(direct),Direct,14.82,14.82,1.0,1,1,['Headgear'],1,True,,14.82,14,Saturday,1869
T0002844,2163128.5799303523.1731255651,2163128.5799303523,2024-11-10 16:26:42.989536,2024-11-10,mobile,Australia,(direct),(none),(direct),Direct,14.82,14.82,1.0,1,1,['Headgear'],1,True,,14.82,16,Sunday,1869
T0000778,4275148.9775701507.1727309253,4275148.9775701507,2024-09-26 00:01:02.774610,2024-09-26,desktop,United States,(direct),(none),(direct),Direct,14.44,14.44,1.0,1,1,['Stationery'],1,True,,14.44,0,Thursday,1870
T0000089,8427125.7160493857.1725577088,8427125.7160493857,2024-09-05 23:00:37.415119,2024-09-05,desktop,United States,(direct),(none),(direct),Direct,14.44,14.44,1.0,1,1,['Stationery'],1,True,,14.44,23,Thursday,1870
T0003093,9362252.7834928846.1731711079,9362252.7834928846,2024-11-15 22:48:44.289161,2024-11-15,desktop,Canada,(direct),(none),(direct),Direct,14.44,14.44,1.0,1,1,['Stationery'],1,True,,14.44,22,Friday,1870
T0001975,9440154.2645322584.1729781414,9440154.2645322584,2024-10-24 14:46:30.255712,2024-10-24,tablet,United States,(direct),(none),(direct),Direct,14.44,14.44,1.0,1,1,['Stationery'],1,True,,14.44,14,Thursday,1870
T0004243,9025159.9393945882.1732881470,9025159.9393945882,2024-11-29 12:03:23.643729,2024-11-29,mobile,India,(direct),(none),(direct),Direct,14.44,14.44,1.0,1,1,['Stationery'],1,True,,14.44,12,Friday,1870
T0003859,3528824.2325413253.1732685528,3528824.2325413253,2024-11-27 05:44:20.605737,2024-11-27,mobile,United Kingdom,google,cpc,brand_search,Paid,14.44,14.44,1.0,1,1,['Stationery'],1,True,,14.44,5,Wednesday,1870
T0003033,8703989.1428231156.1731609562,8703989.1428231156,2024-11-14 18:46:37.109874,2024-11-14,tablet,United States,(direct),(none),(direct),Direct,14.44,14.44,1.0,1,1,['Stationery'],1,True,,14.44,18,Thursday,1870
T0004419,4733434.9075960278.1732977447,4733434.9075960278,2024-11-30 14:44:20.227914,2024-11-30,desktop,India,google,cpc,shopping_feed,Paid,14.44,14.44,1.0,1,1,['Stationery'],2,False,8,14.44,14,Saturday,1870
T0001422,8129676.6936791315.1728730738,8129676.6936791315,2024-10-12 11:01:40.475808,2024-10-12,desktop,Germany,(direct),(none),(direct),Direct,14.44,14.44,1.0,1,1,['Stationery'],1,True,,14.44,11,Saturday,1870
T0003998,2084907.9502719322.1732765909,2084907.9502719322,2024-11-28 03:51:43.043347,2024-11-28,mobile,United States,newsletter,email,weekly_drop,Email,14.44,14.44,1.0,1,1,['Stationery'],1,True,,14.44,3,Thursday,1870
T0002195,3781845.1920310405.1730152097,3781845.1920310405,2024-10-28 21:49:58.309844,2024-10-28,mobile,Netherlands,(direct),(none),(direct),Direct,14.44,14.44,1.0,1,1,['Stationery'],1,True,,14.44,21,Monday,1870
T0000092,5788232.9581654721.1725607198,5788232.9581654721,2024-09-06 07:30:47.215290,2024-09-06,tablet,United Kingdom,google,cpc,shopping_feed,Paid,14.44,14.44,1.0,1,1,['Stationery'],1,True,,14.44,7,Friday,1870
T0003526,2563867.8583494712.1732471235,2563867.8583494712,2024-11-24 18:06:11.908227,2024-11-24,desktop,United Kingdom,(direct),(none),(direct),Direct,14.44,14.44,1.0,1,1,['Stationery'],1,True,,14.44,18,Sunday,1870
T0000621,8154525.6818668145.1726976141,8154525.6818668145,2024-09-22 03:42:36.124455,2024-09-22,desktop,United Kingdom,google,organic,(organic),Organic Search,14.44,14.44,1.0,1,1,['Stationery'],1,True,,14.44,3,Sunday,1870
T0000668,7764205.4474466083.1727093233,7764205.4474466083,2024-09-23 12:16:33.493223,2024-09-23,desktop,United States,google,cpc,shopping_feed,Paid,14.44,14.44,1.0,1,1,['Stationery'],1,True,,14.44,12,Monday,1870
T0003793,6833898.9279266525.1732654437,6833898.9279266525,2024-11-26 20:55:08.989110,2024-11-26,desktop,United States,(direct),(none),(direct),Direct,14.44,14.44,1.0,1,1,['Stationery'],1,True,,14.44,20,Tuesday,1870
T0003131,9996592.8941786514.1731790165,9996592.8941786514,2024-11-16 20:50:10.647402,2024-11-16,desktop,Japan,newsletter,email,weekly_drop,Email,14.44,14.44,1.0,1,1,['Stationery'],2,False,20,14.44,20,Saturday,1870
T0002139,6839281.9265056922.1730050565,6839281.9265056922,2024-10-27 17:34:48.125474,2024-10-27,mobile,United States,google,cpc,brand_search,Paid,14.44,14.44,1.0,1,1,['Stationery'],2,False,4,14.44,17,Sunday,1870
T0000909,7337379.3733481293.1727591209,7337379.3733481293,2024-09-29 06:37:17.895572,2024-09-29,mobile,United States,google,cpc,brand_search,Paid,14.44,14.44,1.0,1,1,['Stationery'],1,True,,14.44,6,Sunday,1870
T0002670,5186551.9903317762.1730950483,5186551.9903317762,2024-11-07 03:36:49.514889,2024-11-07,tablet,Canada,google,organic,(organic),Organic Search,14.44,14.44,1.0,1,1,['Stationery'],1,True,,14.44,3,Thursday,1870
T0001063,2485422.2663962993.1727944668,2485422.2663962993,2024-10-03 08:46:04.387669,2024-10-03,desktop,Mexico,google,cpc,shopping_feed,Paid,14.44,14.44,1.0,1,1,['Stationery'],1,True,,14.44,8,Thursday,1870
T0002771,3375772.4318087277.1731131411,3375772.4318087277,2024-11-09 05:51:48.602350,2024-11-09,tablet,United States,google,organic,(organic),Organic Search,14.44,14.44,1.0,1,1,['Stationery'],1,True,,14.44,5,Saturday,1870
T0001198,9206793.5355917178.1728244712,9206793.5355917178,2024-10-06 20:02:39.936033,2024-10-06,mobile,United States,google,cpc,brand_search,Paid,14.44,14.44,1.0,1,1,['Stationery'],1,True,,14.44,20,Sunday,1870
T0003085,9284551.7626566477.1731705005,9284551.7626566477,2024-11-15 21:06:27.742160,2024-11-15,desktop,United States,google,organic,(organic),Organic Search,14.44,14.44,1.0,1,1,['Stationery'],1,True,,14.44,21,Friday,1870
T0004392,3563103.6953198694.1732967624,3563103.6953198694,2024-11-30 11:47:55.438345,2024-11-30,desktop,United States,(direct),(none),(direct),Direct,14.44,14.44,1.0,1,1,['Stationery'],1,True,,14.44,11,Saturday,1870
T0001951,9758734.1875841747.1729714903,9758734.1875841747,2024-10-23 20:24:23.435582,2024-10-23,desktop,Mexico,newsletter,email,weekly_drop,Email,14.44,14.44,1.0,1,1,['Stationery'],1,True,,14.44,20,Wednesday,1870
T0001346,7866529.3229674734.1728563672,7866529.3229674734,2024-10-10 12:27:16.758199,2024-10-10,mobile,Netherlands,google,organic,(organic),Organic Search,14.44,14.44,1.0,1,1,['Stationery'],2,False,17,14.44,12,Thursday,1870
T0002370,5498766.8127748500.1730465791,5498766.8127748500,2024-11-01 13:10:02.960363,2024-11-01,desktop,Japan,newsletter,email,weekly_drop,Email,14.44,14.44,1.0,1,1,['Stationery'],1,True,,14.44,13,Friday,1870
T0003544,3686643.7375823782.1732491984,3686643.7375823782,2024-11-24 23:45:38.598401,2024-11-24,desktop,United States,partners,affiliate,coupon_partners,Affiliate,14.44,14.44,1.0,1,1,['Stationery'],2,False,2,14.44,23,Sunday,1870
T0002701,5559992.6459072366.1731006516,5559992.6459072366,2024-11-07 19:02:56.401142,2024-11-07,desktop,Netherlands,google,cpc,brand_search,Paid,14.44,14.44,1.0,1,1,['Stationery'],1,True,,14.44,19,Thursday,1870
T0001427,7350325.8538809406.1728738188,7350325.8538809406,2024-10-12 13:08:09.161899,2024-10-12,desktop,United States,google,organic,(organic),Organic Search,14.44,14.44,1.0,1,1,['Stationery'],1,True,,14.44,13,Saturday,1870
T0002037,9726744.6660422974.1729874606,9726744.6660422974,2024-10-25 16:51:24.883118,2024-10-25,mobile,United States,google,cpc,brand_search,Paid,14.44,14.44,1.0,1,1,['Stationery'],1,True,,14.44,16,Friday,1870
T0001130,2607331.5619346945.1728100353,2607331.5619346945,2024-10-05 03:58:45.675350,2024-10-05,desktop,United States,google,cpc,brand_search,Paid,14.44,14.44,1.0,1,1,['Stationery'],1,True,,14.44,3,Saturday,1870
T0001836,3890259.1378600726.1729539879,3890259.1378600726,2024-10-21 19:51:07.807491,2024-10-21,desktop,United States,(direct),(none),(direct),Direct,14.44,14.44,1.0,1,1,['Stationery'],1,True,,14.44,19,Monday,1870
T0001141,7498263.8375829912.1728141263,7498263.8375829912,2024-10-05 15:22:34.482434,2024-10-05,mobile,Canada,google,organic,(organic),Organic Search,14.44,14.44,1.0,1,1,['Stationery'],1,True,,14.44,15,Saturday,1870
T0001873,7849534.9238692238.1729608789,7849534.9238692238,2024-10-22 14:54:21.710886,2024-10-22,desktop,France,(direct),(none),(direct),Direct,14.44,14.44,1.0,1,1,['Stationery'],1,True,,14.44,14,Tuesday,1870
T0000762,8290158.8477185074.1727281356,8290158.8477185074,2024-09-25 16:25:53.997292,2024-09-25,mobile,United States,facebook,paid_social,prospecting_broad,Paid,14.44,14.44,1.0,1,1,['Stationery'],1,True,,14.44,16,Wednesday,1870
T0000865,5930845.1969501639.1727502324,5930845.1969501639,2024-09-28 05:49:29.609153,2024-09-28,mobile,United States,newsletter,email,weekly_drop,Email,14.44,14.44,1.0,1,1,['Stationery'],1,True,,14.44,5,Saturday,1870
T0000219,4436991.1160978520.1726011894,4436991.1160978520,2024-09-10 23:44:55.256555,2024-09-10,desktop,United Kingdom,google,organic,(organic),Organic Search,14.44,14.44,1.0,1,1,['Stationery'],1,True,,14.44,23,Tuesday,1870
T0001914,9162175.3731431794.1729660324,9162175.3731431794,2024-10-23 05:07:12.976985,2024-10-23,mobile,United Kingdom,facebook,paid_social,prospecting_broad,Paid,14.44,14.44,1.0,1,1,['Stationery'],1,True,,14.44,5,Wednesday,1870
T0001023,8344395.8640517483.1727819328,8344395.8640517483,2024-10-01 21:57:39.621293,2024-10-01,desktop,Japan,google,cpc,brand_search,Paid,14.44,14.44,1.0,1,1,['Stationery'],1,True,,14.44,21,Tuesday,1870
T0002475,5670518.7088911211.1730623868,5670518.7088911211,2024-11-03 08:48:53.275099,2024-11-03,mobile,United States,google,cpc,shopping_feed,Paid,14.44,14.44,1.0,1,1,['Stationery'],1,True,,14.44,8,Sunday,1870
T0002144,8903918.8575218899.1730055740,8903918.8575218899,2024-10-27 19:14:06.846791,2024-10-27,desktop,United States,google,cpc,shopping_feed,Paid,14.44,14.44,1.0,1,1,['Stationery'],1,True,,14.44,19,Sunday,1870
T0001103,3864460.8870611326.1728045839,3864460.8870611326,2024-10-04 12:39:23.581269,2024-10-04,desktop,United States,(direct),(none),(direct),Direct,14.44,14.44,1.0,1,1,['Stationery'],1,True,,14.44,12,Friday,1870
T0000456,7646836.9372539742.1726604593,7646836.9372539742,2024-09-17 20:24:18.482151,2024-09-17,mobile,United Kingdom,youtube.com,referral,(referral),Referral,14.44,14.44,1.0,1,1,['Stationery'],1,True,,14.44,20,Tuesday,1870
T0003982,9592318.9686177020.1732752176,9592318.9686177020,2024-11-28 00:19:32.121847,2024-11-28,desktop,Germany,(direct),(none),(direct),Direct,14.44,14.44,1.0,1,1,['Stationery'],1,True,,14.44,0,Thursday,1870
T0004301,2991663.2305357832.1732906388,2991663.2305357832,2024-11-29 19:01:20.661033,2024-11-29,mobile,United States,google,cpc,brand_search,Paid,14.44,14.44,1.0,1,1,['Stationery'],1,True,,14.44,19,Friday,1870
T0000381,3960079.6087613036.1726435807,3960079.6087613036,2024-09-15 21:32:08.811710,2024-09-15,desktop,United States,youtube.com,referral,(referral),Referral,14.44,14.44,1.0,1,1,['Stationery'],1,True,,14.44,21,Sunday,1870
T0001929,3985489.8102551280.1729688314,3985489.8102551280,2024-10-23 13:03:52.126488,2024-10-23,tablet,United States,newsletter,email,weekly_drop,Email,14.44,14.44,1.0,1,1,['Stationery'],1,True,,14.44,13,Wednesday,1870
T0000038,1696909.9144590595.1725381059,1696909.9144590595,2024-09-03 16:35:38.473335,2024-09-03,mobile,United States,(direct),(none),(direct),Direct,14.44,14.44,1.0,1,1,['Stationery'],1,True,,14.44,16,Tuesday,1870
T0002508,8171675.3910274989.1730671507,8171675.3910274989,2024-11-03 22:09:24.202695,2024-11-03,desktop,United States,(direct),(none),(direct),Direct,14.44,14.44,1.0,1,1,['Stationery'],1,True,,14.44,22,Sunday,1870
T0000569,8126255.1955052279.1726862391,8126255.1955052279,2024-09-20 19:59:32.463681,2024-09-20,mobile,Brazil,google,cpc,shopping_feed,Paid,14.44,14.44,1.0,1,1,['Stationery'],1,True,,14.44,19,Friday,1870
T0000476,6492900.9701044710.1726667197,6492900.9701044710,2024-09-18 13:46:34.719463,2024-09-18,mobile,United States,newsletter,email,weekly_drop,Email,14.44,14.44,1.0,1,1,['Stationery'],2,False,9,14.44,13,Wednesday,1870
T0004125,8447430.7200604720.1732821510,8447430.7200604720,2024-11-28 19:26:45.982876,2024-11-28,tablet,Japan,google,cpc,brand_search,Paid,14.44,14.44,1.0,1,1,['Stationery'],1,True,,14.44,19,Thursday,1870
T0003289,8055464.8218719783.1732057865,8055464.8218719783,2024-11-19 23:26:07.713150,2024-11-19,desktop,United States,google,cpc,shopping_feed,Paid,14.44,14.44,1.0,1,1,['Stationery'],1,True,,14.44,23,Tuesday,1870
T0004238,4660605.2418944468.1732879058,4660605.2418944468,2024-11-29 11:17:55.771158,2024-11-29,mobile,United States,google,organic,(organic),Organic Search,14.44,14.44,1.0,1,1,['Stationery'],1,True,,14.44,11,Friday,1870
T0000716,9922783.1924931371.1727193758,9922783.1924931371,2024-09-24 15:59:00.558232,2024-09-24,desktop,Japan,newsletter,email,weekly_drop,Email,14.44,14.44,1.0,1,1,['Stationery'],1,True,,14.44,15,Tuesday,1870
T0002477,6490667.3731413997.1730625760,6490667.3731413997,2024-11-03 09:20:58.413976,2024-11-03,mobile,United Kingdom,newsletter,email,weekly_drop,Email,14.44,14.44,1.0,1,1,['Stationery'],1,True,,14.44,9,Sunday,1870
T0002805,1321694.4925999188.1731179958,1321694.4925999188,2024-11-09 19:27:07.371503,2024-11-09,mobile,United Kingdom,(direct),(none),(direct),Direct,14.44,14.44,1.0,1,1,['Stationery'],1,True,,14.44,19,Saturday,1870
T0004477,5040148.7729424836.1733003768,5040148.7729424836,2024-11-30 22:03:10.474465,2024-11-30,desktop,United States,google,cpc,shopping_feed,Paid,14.44,14.44,1.0,1,1,['Stationery'],1,True,,14.44,22,Saturday,1870
T0001577,2134510.6374194878.1729030402,2134510.6374194878,2024-10-15 22:13:30.280807,2024-10-15,desktop,United Kingdom,google,cpc,brand_search,Paid,14.44,14.44,1.0,1,1,['Stationery'],1,True,,14.44,22,Tuesday,1870
T0003902,1877475.6540454806.1732717862,1877475.6540454806,2024-11-27 14:19:57.973437,2024-11-27,tablet,United States,google,organic,(organic),Organic Search,14.44,14.44,1.0,1,1,['Stationery'],1,True,,14.44,14,Wednesday,1870
T0000684,1587463.6799757527.1727122740,1587463.6799757527,2024-09-23 20:27:46.029331,2024-09-23,mobile,Brazil,youtube.com,referral,(referral),Referral,14.44,14.44,1.0,1,1,['Stationery'],1,True,,14.44,20,Monday,1870
T0003026,6280358.6218558845.1731593180,6280358.6218558845,2024-11-14 14:18:34.053475,2024-11-14,desktop,United States,facebook,paid_social,prospecting_broad,Paid,14.44,14.44,1.0,1,1,['Stationery'],1,True,,14.44,14,Thursday,1870
T0002263,9686054.7633132010.1730294468,9686054.7633132010,2024-10-30 13:25:50.970675,2024-10-30,mobile,United States,(direct),(none),(direct),Direct,14.44,14.44,1.0,1,1,['Stationery'],1,True,,14.44,13,Wednesday,1870
T0002456,5528060.8918499665.1730586191,5528060.8918499665,2024-11-02 22:17:18.150527,2024-11-02,mobile,United States,(direct),(none),(direct),Direct,14.44,14.44,1.0,1,1,['Stationery'],1,True,,14.44,22,Saturday,1870
T0001681,9532832.5893247350.1729207339,9532832.5893247350,2024-10-17 23:30:35.772532,2024-10-17,mobile,United Kingdom,(direct),(none),(direct),Direct,14.44,14.44,1.0,1,1,['Stationery'],1,True,,14.44,23,Thursday,1870
T0000553,6439183.1108338071.1726837311,6439183.1108338071,2024-09-20 13:07:40.867364,2024-09-20,desktop,United States,google,cpc,brand_search,Paid,14.44,14.44,1.0,1,1,['Stationery'],2,False,1,14.44,13,Friday,1870
T0003487,4618807.1302414961.1732397183,4618807.1302414961,2024-11-23 21:34:37.390554,2024-11-23,mobile,Brazil,google,organic,(organic),Organic Search,14.44,14.44,1.0,1,1,['Stationery'],1,True,,14.44,21,Saturday,1870
T0002511,6499762.3393754787.1730674326,6499762.3393754787,2024-11-03 23:10:17.933141,2024-11-03,desktop,India,google,organic,(organic),Organic Search,14.44,14.44,1.0,1,1,['Stationery'],1,True,,14.44,23,Sunday,1870
T0003212,6924584.5349625742.1731941783,6924584.5349625742,2024-11-18 14:54:00.788465,2024-11-18,mobile,United States,(direct),(none),(direct),Direct,14.44,14.44,1.0,1,1,['Stationery'],1,True,,14.44,14,Monday,1870
T0000596,7751479.8991827877.1726933840,7751479.8991827877,2024-09-21 15:53:16.159348,2024-09-21,desktop,United States,google,cpc,brand_search,Paid,14.44,14.44,1.0,1,1,['Stationery'],1,True,,14.44,15,Saturday,1870
T0001246,8261055.5735480481.1728360109,8261055.5735480481,2024-10-08 03:57:17.717631,2024-10-08,mobile,United States,newsletter,email,weekly_drop,Email,14.44,14.44,1.0,1,1,['Stationery'],2,False,18,14.44,3,Tuesday,1870
T0002764,8724740.2329810677.1731105933,8724740.2329810677,2024-11-08 22:46:27.777544,2024-11-08,desktop,United States,google,cpc,brand_search,Paid,14.44,14.44,1.0,1,1,['Stationery'],1,True,,14.44,22,Friday,1870
T0003252,3751242.6593321610.1732019209,3751242.6593321610,2024-11-19 12:38:13.986963,2024-11-19,desktop,Canada,(direct),(none),(direct),Direct,14.44,14.44,1.0,1,1,['Stationery'],2,False,4,14.44,12,Tuesday,1870
T0004491,1120809.4548568046.1733011272,1120809.4548568046,2024-12-01 00:02:23.099241,2024-12-01,desktop,Singapore,google,organic,(organic),Organic Search,14.44,14.44,1.0,1,1,['Stationery'],1,True,,14.44,0,Sunday,1870
T0000783,3078682.8118463327.1727328376,3078682.8118463327,2024-09-26 05:41:55.261083,2024-09-26,desktop,United States,google,cpc,shopping_feed,Paid,14.44,14.44,1.0,1,1,['Stationery'],1,True,,14.44,5,Thursday,1870
T0000928,1085744.1050952806.1727643543,1085744.1050952806,2024-09-29 21:10:37.114972,2024-09-29,desktop,Australia,google,cpc,brand_search,Paid,14.44,14.44,1.0,1,1,['Stationery'],1,True,,14.44,21,Sunday,1870
T0004090,1978542.1322691619.1732809151,1978542.1322691619,2024-11-28 15:57:20.518753,2024-11-28,desktop,United Kingdom,google,organic,(organic),Organic Search,14.44,14.44,1.0,1,1,['Stationery'],1,True,,14.44,15,Thursday,1870
T0003342,6411316.1417448333.1732152268,6411316.1417448333,2024-11-21 01:17:00.045867,2024-11-21,mobile,Australia,google,cpc,shopping_feed,Paid,14.44,14.44,1.0,1,1,['Stationery'],1,True,,14.44,1,Thursday,1870
T0004331,6594224.2359058057.1732917597,6594224.2359058057,2024-11-29 21:56:16.615105,2024-11-29,desktop,Germany,google,cpc,shopping_feed,Paid,14.44,14.44,1.0,1,1,['Stationery'],1,True,,14.44,21,Friday,1870
T0002609,3243354.5096996776.1730842994,3243354.5096996776,2024-11-05 21:55:30.483649,2024-11-05,mobile,Netherlands,google,cpc,brand_search,Paid,14.44,14.44,1.0,1,1,['Stationery'],1,True,,14.44,21,Tuesday,1870
T0004233,5933495.8035272229.1732877589,5933495.8035272229,2024-11-29 10:52:02.441349,2024-11-29,mobile,India,newsletter,email,weekly_drop,Email,14.44,14.44,1.0,1,1,['Stationery'],1,True,,14.44,10,Friday,1870
T0001144,6016649.8544175443.1728142677,6016649.8544175443,2024-10-05 15:45:04.047942,2024-10-05,desktop,Germany,newsletter,email,weekly_drop,Email,14.44,14.44,1.0,1,1,['Stationery'],1,True,,14.44,15,Saturday,1870
T0002878,6286078.3211575683.1731312027,6286078.3211575683,2024-11-11 08:13:34.293448,2024-11-11,desktop,United States,google,organic,(organic),Organic Search,14.44,14.44,1.0,1,1,['Stationery'],1,True,,14.44,8,Monday,1870
T0000100,4521294.5082404849.1725632351,4521294.5082404849,2024-09-06 14:19:41.430982,2024-09-06,mobile,United States,(direct),(none),(direct),Direct,14.44,14.44,1.0,1,1,['Stationery'],1,True,,14.44,14,Friday,1870
T0001728,8449615.1940980459.1729291191,8449615.1940980459,2024-10-18 22:42:36.190482,2024-10-18,desktop,United States,google,cpc,brand_search,Paid,14.44,14.44,1.0,1,1,['Stationery'],1,True,,14.44,22,Friday,1870
T0003468,2357321.2913219852.1732373046,2357321.2913219852,2024-11-23 14:41:43.011027,2024-11-23,mobile,Netherlands,google,cpc,shopping_feed,Paid,14.44,14.44,1.0,1,1,['Stationery'],1,True,,14.44,14,Saturday,1870
T0000793,6454942.7076644786.1727358311,6454942.7076644786,2024-09-26 13:51:15.103174,2024-09-26,mobile,Germany,(direct),(none),(direct),Direct,14.44,14.44,1.0,1,1,['Stationery'],1,True,,14.44,13,Thursday,1870
T0003543,6955121.1547664366.1732491378,6955121.1547664366,2024-11-24 23:41:32.732772,2024-11-24,mobile,United States,google,cpc,brand_search,Paid,14.44,14.44,1.0,1,1,['Stationery'],1,True,,14.44,23,Sunday,1870
T0003265,1274472.5103424312.1732033313,1274472.5103424312,2024-11-19 16:16:28.466555,2024-11-19,desktop,India,google,organic,(organic),Organic Search,14.44,14.44,1.0,1,1,['Stationery'],1,True,,14.44,16,Tuesday,1870
T0001284,3040805.5601984204.1728425029,3040805.5601984204,2024-10-08 22:11:29.192021,2024-10-08,mobile,Mexico,(direct),(none),(direct),Direct,14.44,14.44,1.0,1,1,['Stationery'],1,True,,14.44,22,Tuesday,1870
T0003827,9366689.8539377703.1732662891,9366689.8539377703,2024-11-26 23:20:17.070863,2024-11-26,desktop,Canada,google,cpc,brand_search,Paid,14.44,14.44,1.0,1,1,['Stationery'],1,True,,14.44,23,Tuesday,1870
T0001434,1840588.3528389697.1728750302,1840588.3528389697,2024-10-12 16:20:16.003845,2024-10-12,desktop,India,google,cpc,brand_search,Paid,14.44,14.44,1.0,1,1,['Stationery'],1,True,,14.44,16,Saturday,1870
T0000854,9244366.7876751551.1727474416,9244366.7876751551,2024-09-27 22:08:08.659630,2024-09-27,desktop,Germany,google,organic,(organic),Organic Search,14.44,14.44,1.0,1,1,['Stationery'],1,True,,14.44,22,Friday,1870
T0001333,8316109.7502953332.1728536868,8316109.7502953332,2024-10-10 05:13:38.874226,2024-10-10,mobile,India,google,cpc,shopping_feed,Paid,14.44,14.44,1.0,1,1,['Stationery'],1,True,,14.44,5,Thursday,1870
T0001886,8781534.1729371863.1729618714,8781534.1729371863,2024-10-22 17:51:45.289931,2024-10-22,mobile,United States,google,organic,(organic),Organic Search,14.44,14.44,1.0,1,1,['Stationery'],1,True,,14.44,17,Tuesday,1870
T0002342,7776501.6623619241.1730405396,7776501.6623619241,2024-10-31 20:18:26.673475,2024-10-31,desktop,United States,google,organic,(organic),Organic Search,14.44,14.44,1.0,1,1,['Stationery'],1,True,,14.44,20,Thursday,1870
T0001445,5537086.4135804658.1728781761,5537086.4135804658,2024-10-13 01:20:31.424061,2024-10-13,desktop,United States,google,organic,(organic),Organic Search,14.44,14.44,1.0,1,1,['Stationery'],1,True,,14.44,1,Sunday,1870
T0000333,3396372.3317402248.1726319964,3396372.3317402248,2024-09-14 13:32:44.570093,2024-09-14,tablet,Germany,google,cpc,brand_search,Paid,14.44,14.44,1.0,1,1,['Stationery'],1,True,,14.44,13,Saturday,1870
T0001118,6328781.9260416935.1728073373,6328781.9260416935,2024-10-04 20:27:28.727692,2024-10-04,mobile,United States,google,organic,(organic),Organic Search,14.44,14.44,1.0,1,1,['Stationery'],1,True,,14.44,20,Friday,1870
T0002551,5532823.1214543096.1730739473,5532823.1214543096,2024-11-04 17:04:10.212353,2024-11-04,desktop,Canada,google,cpc,brand_search,Paid,14.44,14.44,1.0,1,1,['Stationery'],2,False,2,14.44,17,Monday,1870
T0002713,9019469.4747227351.1731036972,9019469.4747227351,2024-11-08 03:43:20.622076,2024-11-08,desktop,Australia,google,organic,(organic),Organic Search,14.44,14.44,1.0,1,1,['Stationery'],1,True,,14.44,3,Friday,1870
T0004017,6924386.2867625415.1732778401,6924386.2867625415,2024-11-28 07:26:37.863152,2024-11-28,mobile,United States,facebook,paid_social,prospecting_broad,Paid,14.44,14.44,1.0,1,1,['Stationery'],1,True,,14.44,7,Thursday,1870
T0002749,6173703.4293077598.1731087964,6173703.4293077598,2024-11-08 17:52:03.518831,2024-11-08,desktop,Germany,facebook,paid_social,prospecting_broad,Paid,14.44,14.44,1.0,1,1,['Stationery'],1,True,,14.44,17,Friday,1870
T0001718,8359770.3274078711.1729280164,8359770.3274078711,2024-10-18 19:41:00.694001,2024-10-18,mobile,United Kingdom,google,organic,(organic),Organic Search,14.44,14.44,1.0,1,1,['Stationery'],1,True,,14.44,19,Friday,1870
T0001492,4581721.5104881058.1728897080,4581721.5104881058,2024-10-14 09:26:35.277320,2024-10-14,mobile,Brazil,partners,affiliate,coupon_partners,Affiliate,14.44,14.44,1.0,1,1,['Stationery'],1,True,,14.44,9,Monday,1870
T0003466,9230429.5352323866.1732372117,9230429.5352323866,2024-11-23 14:28:01.615993,2024-11-23,desktop,United States,(direct),(none),(direct),Direct,14.44,14.44,1.0,1,1,['Stationery'],1,True,,14.44,14,Saturday,1870
T0000564,4730408.2389869289.1726854807,4730408.2389869289,2024-09-20 18:00:58.220227,2024-09-20,tablet,United States,newsletter,email,weekly_drop,Email,14.44,14.44,1.0,1,1,['Stationery'],1,True,,14.44,18,Friday,1870
T0003515,9140303.5791569869.1732459655,9140303.5791569869,2024-11-24 14:48:58.255538,2024-11-24,desktop,United States,(direct),(none),(direct),Direct,14.44,14.44,1.0,1,1,['Stationery'],1,True,,14.44,14,Sunday,1870
T0002829,7280229.1714714545.1731234903,7280229.1714714545,2024-11-10 10:42:31.610771,2024-11-10,desktop,Canada,(direct),(none),(direct),Direct,14.34,14.34,1.0,1,1,['Drinkware'],1,True,,14.34,10,Sunday,1871
T0004131,7979824.3492181542.1732823621,7979824.3492181542,2024-11-28 19:54:24.427248,2024-11-28,desktop,United Kingdom,(direct),(none),(direct),Direct,14.34,14.34,1.0,1,1,['Drinkware'],1,True,,14.34,19,Thursday,1871
T0003350,3614512.4887840591.1732183856,3614512.4887840591,2024-11-21 10:25:12.743428,2024-11-21,mobile,United States,google,organic,(organic),Organic Search,14.34,14.34,1.0,1,1,['Drinkware'],5,False,3,14.34,10,Thursday,1871
T0003394,6401326.9144060355.1732254319,6401326.9144060355,2024-11-22 05:39:14.161798,2024-11-22,desktop,Mexico,(direct),(none),(direct),Direct,13.94,13.94,2.0,2,2,['Accessories' 'Office'],1,True,,6.97,5,Friday,1872
T0001277,4252415.2843682382.1728416497,4252415.2843682382,2024-10-08 20:10:25.853623,2024-10-08,mobile,United Kingdom,facebook,paid_social,prospecting_broad,Paid,13.82,13.82,1.0,1,1,['Stationery'],1,True,,13.82,20,Tuesday,1873
T0003012,1846590.9150875445.1731541355,1846590.9150875445,2024-11-13 23:50:08.851714,2024-11-13,mobile,United States,google,cpc,brand_search,Paid,13.82,13.82,1.0,1,1,['Stationery'],1,True,,13.82,23,Wednesday,1873
T0001802,4536660.6194218238.1729462586,4536660.6194218238,2024-10-20 22:18:55.223782,2024-10-20,tablet,United States,google,organic,(organic),Organic Search,13.59,13.59,1.0,1,1,['Lifestyle'],1,True,,13.59,22,Sunday,1874
T0003918,6182342.3498686329.1732724201,6182342.3498686329,2024-11-27 16:10:03.143554,2024-11-27,desktop,United States,google,cpc,brand_search,Paid,13.59,13.59,1.0,1,1,['Lifestyle'],1,True,,13.59,16,Wednesday,1874
T0003509,3295536.6450220542.1732453493,3295536.6450220542,2024-11-24 13:11:21.138565,2024-11-24,desktop,United States,(direct),(none),(direct),Direct,13.46,13.46,1.0,1,1,['Office'],1,True,,13.46,13,Sunday,1875
T0000676,6874892.4404520096.1727110718,6874892.4404520096,2024-09-23 17:10:13.898580,2024-09-23,mobile,United States,(direct),(none),(direct),Direct,13.46,13.46,1.0,1,1,['Office'],1,True,,13.46,17,Monday,1875
T0001310,3202800.1364211338.1728485972,3202800.1364211338,2024-10-09 14:56:34.759210,2024-10-09,desktop,Japan,google,cpc,brand_search,Paid,13.46,13.46,1.0,1,1,['Office'],1,True,,13.46,14,Wednesday,1875
T0003858,8867658.6902542100.1732684985,8867658.6902542100,2024-11-27 05:37:32.372456,2024-11-27,desktop,United States,google,cpc,shopping_feed,Paid,13.46,13.46,1.0,1,1,['Office'],1,True,,13.46,5,Wednesday,1875
T0000924,6736985.1679543501.1727641836,6736985.1679543501,2024-09-29 20:36:37.664291,2024-09-29,mobile,Canada,(direct),(none),(direct),Direct,13.46,13.46,1.0,1,1,['Office'],1,True,,13.46,20,Sunday,1875
T0000633,8433067.4414822310.1727013334,8433067.4414822310,2024-09-22 13:59:23.697355,2024-09-22,desktop,Brazil,(direct),(none),(direct),Direct,13.46,13.46,1.0,1,1,['Office'],1,True,,13.46,13,Sunday,1875
T0004341,4046709.9799588949.1732920661,4046709.9799588949,2024-11-29 22:51:52.707486,2024-11-29,desktop,United States,google,cpc,shopping_feed,Paid,13.46,13.46,1.0,1,1,['Office'],1,True,,13.46,22,Friday,1875
T0004280,5201955.4640357211.1732897928,5201955.4640357211,2024-11-29 16:34:21.747958,2024-11-29,mobile,United States,google,organic,(organic),Organic Search,13.46,13.46,1.0,1,1,['Office'],1,True,,13.46,16,Friday,1875
T0000520,6862128.8029239215.1726764731,6862128.8029239215,2024-09-19 16:58:12.619189,2024-09-19,desktop,United States,(direct),(none),(direct),Direct,13.46,13.46,1.0,1,1,['Office'],1,True,,13.46,16,Thursday,1875
T0000302,5460699.1771809585.1726235337,5460699.1771809585,2024-09-13 13:59:43.057380,2024-09-13,mobile,United States,(direct),(none),(direct),Direct,13.46,13.46,1.0,1,1,['Office'],1,True,,13.46,13,Friday,1875
T0003007,1094236.2003354433.1731537266,1094236.2003354433,2024-11-13 22:48:16.126358,2024-11-13,mobile,Germany,google,cpc,shopping_feed,Paid,13.46,13.46,1.0,1,1,['Office'],1,True,,13.46,22,Wednesday,1875
T0002915,4127750.9950545122.1731366156,4127750.9950545122,2024-11-11 23:11:49.510181,2024-11-11,desktop,United States,google,cpc,brand_search,Paid,13.46,13.46,1.0,1,1,['Office'],1,True,,13.46,23,Monday,1875
T0003104,8800318.9334889395.1731749378,8800318.9334889395,2024-11-16 09:22:02.217191,2024-11-16,desktop,Germany,(direct),(none),(direct),Direct,13.46,13.46,1.0,1,1,['Office'],1,True,,13.46,9,Saturday,1875
T0003086,4906033.5696396760.1731704624,4906033.5696396760,2024-11-15 21:13:42.674833,2024-11-15,mobile,Japan,partners,affiliate,coupon_partners,Affiliate,13.46,13.46,1.0,1,1,['Office'],1,True,,13.46,21,Friday,1875
T0003474,5863217.4294586470.1732380955,5863217.4294586470,2024-11-23 16:59:59.764724,2024-11-23,desktop,Mexico,google,cpc,brand_search,Paid,13.45,13.45,1.0,1,1,['Stationery'],1,True,,13.45,16,Saturday,1876
T0001305,8908502.2173565429.1728481367,8908502.2173565429,2024-10-09 13:40:40.271977,2024-10-09,desktop,India,(direct),(none),(direct),Direct,13.45,13.45,1.0,1,1,['Stationery'],1,True,,13.45,13,Wednesday,1876
T0001396,1464083.6361282174.1728680909,1464083.6361282174,2024-10-11 21:12:51.728687,2024-10-11,desktop,United Kingdom,google,cpc,brand_search,Paid,13.45,13.45,1.0,1,1,['Stationery'],1,True,,13.45,21,Friday,1876
T0002646,9355935.2273612279.1730910936,9355935.2273612279,2024-11-06 16:41:57.190775,2024-11-06,desktop,United States,google,cpc,brand_search,Paid,13.45,13.45,1.0,1,1,['Stationery'],1,True,,13.45,16,Wednesday,1876
T0001343,2217400.8453776044.1728562314,2217400.8453776044,2024-10-10 12:07:46.352154,2024-10-10,mobile,United States,google,organic,(organic),Organic Search,13.45,13.45,1.0,1,1,['Stationery'],1,True,,13.45,12,Thursday,1876
T0000034,4975804.2495818288.1725367202,4975804.2495818288,2024-09-03 12:31:36.062001,2024-09-03,desktop,United States,google,organic,(organic),Organic Search,13.17,13.17,2.0,2,1,['Accessories'],1,True,,6.59,12,Tuesday,1877
T0003711,3763544.6987042502.1732614752,3763544.6987042502,2024-11-26 10:22:21.045491,2024-11-26,mobile,Australia,google,cpc,brand_search,Paid,13.11,13.11,1.0,1,1,['Stationery'],1,True,,13.11,10,Tuesday,1878
T0000161,1938123.2184342198.1725844523,1938123.2184342198,2024-09-09 01:19:01.262426,2024-09-09,desktop,Mexico,newsletter,email,weekly_drop,Email,13.11,13.11,1.0,1,1,['Stationery'],1,True,,13.11,1,Monday,1878
T0004170,3252032.1927218973.1732836293,3252032.1927218973,2024-11-28 23:26:31.862373,2024-11-28,mobile,United Kingdom,newsletter,email,weekly_drop,Email,13.11,13.11,1.0,1,1,['Stationery'],1,True,,13.11,23,Thursday,1878
T0000214,5712016.4279146871.1726001743,5712016.4279146871,2024-09-10 20:59:09.128989,2024-09-10,desktop,United States,google,cpc,shopping_feed,Paid,12.99,12.99,1.0,1,1,['Drinkware'],1,True,,12.99,20,Tuesday,1879
T0002199,6921043.5822805996.1730157230,6921043.5822805996,2024-10-28 23:19:16.700055,2024-10-28,mobile,United Kingdom,(direct),(none),(direct),Direct,12.99,12.99,1.0,1,1,['Lifestyle'],1,True,,12.99,23,Monday,1879
T0003032,9596833.7546067999.1731608169,9596833.7546067999,2024-11-14 18:21:08.302507,2024-11-14,mobile,United States,(direct),(none),(direct),Direct,12.99,12.99,1.0,1,1,['Lifestyle'],1,True,,12.99,18,Thursday,1879
T0001192,7423693.2363323099.1728235955,7423693.2363323099,2024-10-06 17:38:04.673889,2024-10-06,mobile,United States,newsletter,email,weekly_drop,Email,12.99,12.99,1.0,1,1,['Lifestyle'],1,True,,12.99,17,Sunday,1879
T0001112,2396420.8950790889.1728065759,2396420.8950790889,2024-10-04 18:32:31.699008,2024-10-04,desktop,Brazil,google,cpc,brand_search,Paid,12.84,12.84,1.0,1,1,['Stationery'],1,True,,12.84,18,Friday,1880
T0000697,1478727.8893743148.1727168678,1478727.8893743148,2024-09-24 09:01:48.778168,2024-09-24,tablet,United States,(direct),(none),(direct),Direct,12.84,12.84,1.0,1,1,['Stationery'],1,True,,12.84,9,Tuesday,1880
T0004229,4190943.8121217098.1732876796,4190943.8121217098,2024-11-29 10:37:03.232794,2024-11-29,desktop,United States,google,organic,(organic),Organic Search,12.84,12.84,1.0,1,1,['Stationery'],1,True,,12.84,10,Friday,1880
T0000523,5080188.5640818336.1726770159,5080188.5640818336,2024-09-19 18:30:55.413600,2024-09-19,desktop,United States,partners,affiliate,coupon_partners,Affiliate,12.84,12.84,1.0,1,1,['Stationery'],1,True,,12.84,18,Thursday,1880
T0002953,3560153.4893071968.1731453025,3560153.4893071968,2024-11-12 23:16:04.871818,2024-11-12,mobile,Canada,(direct),(none),(direct),Direct,12.84,12.84,1.0,1,1,['Stationery'],1,True,,12.84,23,Tuesday,1880
T0001271,9587686.4063982973.1728412736,9587686.4063982973,2024-10-08 18:34:43.535517,2024-10-08,mobile,United States,google,organic,(organic),Organic Search,12.3,12.3,1.0,1,1,['Accessories'],1,True,,12.3,18,Tuesday,1881
T0003188,4939742.8083734020.1731884734,4939742.8083734020,2024-11-17 23:03:06.758184,2024-11-17,tablet,France,(direct),(none),(direct),Direct,12.3,12.3,1.0,1,1,['Accessories'],1,True,,12.3,23,Sunday,1881
T0002276,3882121.5675769617.1730310950,3882121.5675769617,2024-10-30 18:02:28.355783,2024-10-30,desktop,United States,(direct),(none),(direct),Direct,12.3,12.3,1.0,1,1,['Accessories'],1,True,,12.3,18,Wednesday,1881
T0003751,5874499.4199227831.1732630964,5874499.4199227831,2024-11-26 14:15:27.670631,2024-11-26,desktop,United States,google,organic,(organic),Organic Search,12.1,12.1,1.0,1,1,['Office'],1,True,,12.1,14,Tuesday,1882
T0003122,5426627.7372429442.1731778728,5426627.7372429442,2024-11-16 17:44:12.067799,2024-11-16,desktop,United Kingdom,(direct),(none),(direct),Direct,12.1,12.1,1.0,1,1,['Office'],2,False,1,12.1,17,Saturday,1882
T0003128,2305039.4423859028.1731788431,2305039.4423859028,2024-11-16 20:14:22.672642,2024-11-16,desktop,Canada,partners,affiliate,coupon_partners,Affiliate,11.25,11.25,1.0,1,1,['Accessories'],1,True,,11.25,20,Saturday,1883
T0004096,6166333.4853348995.1732813044,6166333.4853348995,2024-11-28 16:54:04.906942,2024-11-28,desktop,United States,google,organic,(organic),Organic Search,11.25,11.25,1.0,1,1,['Accessories'],1,True,,11.25,16,Thursday,1883
T0003909,7112245.3558314868.1732720557,7112245.3558314868,2024-11-27 15:25:06.263748,2024-11-27,tablet,United States,newsletter,email,weekly_drop,Email,11.25,11.25,1.0,1,1,['Accessories'],1,True,,11.25,15,Wednesday,1883
T0003531,2778313.9950977560.1732476863,2778313.9950977560,2024-11-24 19:39:52.875444,2024-11-24,desktop,France,google,cpc,shopping_feed,Paid,11.25,11.25,1.0,1,1,['Accessories'],1,True,,11.25,19,Sunday,1883
T0002686,6759192.2520310955.1730986632,6759192.2520310955,2024-11-07 13:36:31.737930,2024-11-07,desktop,United States,(direct),(none),(direct),Direct,11.25,11.25,1.0,1,1,['Accessories'],1,True,,11.25,13,Thursday,1883
T0004252,4862443.1334004056.1732883565,4862443.1334004056,2024-11-29 12:39:00.582915,2024-11-29,desktop,United States,(direct),(none),(direct),Direct,11.25,11.25,1.0,1,1,['Accessories'],1,True,,11.25,12,Friday,1883
T0003800,2427345.4604611603.1732655295,2427345.4604611603,2024-11-26 21:19:52.119236,2024-11-26,desktop,United States,google,organic,(organic),Organic Search,11.07,11.07,1.0,1,1,['Drinkware'],1,True,,11.07,21,Tuesday,1884
T0000427,7322192.2077088985.1726525666,7322192.2077088985,2024-09-16 22:40:02.332468,2024-09-16,mobile,Brazil,google,organic,(organic),Organic Search,11.07,11.07,1.0,1,1,['Drinkware'],2,False,8,11.07,22,Monday,1884
T0003626,6829817.2846938082.1732555592,6829817.2846938082,2024-11-25 17:25:42.040123,2024-11-25,desktop,United States,google,cpc,shopping_feed,Paid,10.86,10.86,1.0,1,1,['Drinkware'],1,True,,10.86,17,Monday,1885
T0000587,3638788.6611490748.1726921352,3638788.6611490748,2024-09-21 12:17:33.551573,2024-09-21,mobile,United States,google,cpc,brand_search,Paid,10.86,10.86,1.0,1,1,['Drinkware'],1,True,,10.86,12,Saturday,1885
T0002260,8830968.7220844531.1730283750,8830968.7220844531,2024-10-30 10:36:46.400081,2024-10-30,desktop,United States,(direct),(none),(direct),Direct,10.86,10.86,1.0,1,1,['Drinkware'],1,True,,10.86,10,Wednesday,1885
T0004048,6824670.8454942589.1732795362,6824670.8454942589,2024-11-28 12:14:24.277742,2024-11-28,mobile,Germany,newsletter,email,weekly_drop,Email,10.86,10.86,1.0,1,1,['Drinkware'],1,True,,10.86,12,Thursday,1885
T0004141,6714073.5008974632.1732828049,6714073.5008974632,2024-11-28 21:06:21.924092,2024-11-28,mobile,France,(direct),(none),(direct),Direct,10.86,10.86,1.0,1,1,['Drinkware'],1,True,,10.86,21,Thursday,1885
T0002024,7959151.8983915579.1729852842,7959151.8983915579,2024-10-25 10:35:10.718183,2024-10-25,mobile,Japan,google,organic,(organic),Organic Search,10.86,10.86,1.0,1,1,['Drinkware'],1,True,,10.86,10,Friday,1885
T0002049,7085460.2450557358.1729892782,7085460.2450557358,2024-10-25 21:57:31.148630,2024-10-25,desktop,Japan,(direct),(none),(direct),Direct,10.86,10.86,1.0,1,1,['Drinkware'],1,True,,10.86,21,Friday,1885
T0000170,2676812.2502128765.1725890719,2676812.2502128765,2024-09-09 14:08:20.238985,2024-09-09,tablet,United States,(direct),(none),(direct),Direct,10.86,10.86,1.0,1,1,['Drinkware'],1,True,,10.86,14,Monday,1885
T0003111,7284520.7140020773.1731761124,7284520.7140020773,2024-11-16 12:50:58.799824,2024-11-16,desktop,Germany,google,organic,(organic),Organic Search,10.86,10.86,1.0,1,1,['Drinkware'],1,True,,10.86,12,Saturday,1885
T0002689,2586749.9648049671.1730988915,2586749.9648049671,2024-11-07 14:15:45.296976,2024-11-07,desktop,United Kingdom,google,cpc,shopping_feed,Paid,10.86,10.86,1.0,1,1,['Drinkware'],1,True,,10.86,14,Thursday,1885
T0000273,5057327.5571728817.1726145473,5057327.5571728817,2024-09-12 12:50:25.383813,2024-09-12,desktop,United Kingdom,facebook,paid_social,prospecting_broad,Paid,10.86,10.86,1.0,1,1,['Drinkware'],1,True,,10.86,12,Thursday,1885
T0001079,9186801.1537838483.1727978945,9186801.1537838483,2024-10-03 18:01:47.234434,2024-10-03,desktop,United States,google,cpc,brand_search,Paid,10.86,10.86,1.0,1,1,['Drinkware'],1,True,,10.86,18,Thursday,1885
T0001986,6145462.1733573856.1729792051,6145462.1733573856,2024-10-24 17:48:59.233575,2024-10-24,mobile,United States,google,cpc,shopping_feed,Paid,10.86,10.86,1.0,1,1,['Drinkware'],2,False,14,10.86,17,Thursday,1885
T0000509,6439183.1108338071.1726750289,6439183.1108338071,2024-09-19 12:46:57.852996,2024-09-19,desktop,United States,google,cpc,brand_search,Paid,10.86,10.86,1.0,1,1,['Drinkware'],1,True,,10.86,12,Thursday,1885
T0000479,9925393.4103925030.1726678392,9925393.4103925030,2024-09-18 17:07:13.112144,2024-09-18,desktop,Germany,google,organic,(organic),Organic Search,10.1,10.1,1.0,1,1,['Stationery'],1,True,,10.1,17,Wednesday,1886
T0003932,9214923.7255456819.1732731295,9214923.7255456819,2024-11-27 18:13:17.000981,2024-11-27,desktop,United States,google,cpc,brand_search,Paid,10.01,10.01,1.0,1,1,['Stationery'],1,True,,10.01,18,Wednesday,1887
T0002198,3614409.2270419071.1730154954,3614409.2270419071,2024-10-28 22:39:45.085776,2024-10-28,tablet,United States,newsletter,email,weekly_drop,Email,9.93,9.93,1.0,1,1,['Accessories'],1,True,,9.93,22,Monday,1888
T0003295,4769979.2336568571.1732062812,4769979.2336568571,2024-11-20 00:39:34.417215,2024-11-20,mobile,Singapore,google,cpc,shopping_feed,Paid,9.93,9.93,1.0,1,1,['Accessories'],1,True,,9.93,0,Wednesday,1888
T0000857,6346141.8965922702.1727482394,6346141.8965922702,2024-09-28 00:32:34.832075,2024-09-28,mobile,Japan,google,cpc,brand_search,Paid,9.93,9.93,1.0,1,1,['Accessories'],1,True,,9.93,0,Saturday,1888
T0001987,4748983.2751392261.1729793071,4748983.2751392261,2024-10-24 18:11:36.457824,2024-10-24,desktop,United States,google,organic,(organic),Organic Search,9.93,9.93,1.0,1,1,['Accessories'],2,False,2,9.93,18,Thursday,1888
T0001094,2897066.8871842549.1728010393,2897066.8871842549,2024-10-04 02:57:40.407967,2024-10-04,desktop,United States,newsletter,email,weekly_drop,Email,9.93,9.93,1.0,1,1,['Accessories'],1,True,,9.93,2,Friday,1888
T0003489,9040736.2131178068.1732400964,9040736.2131178068,2024-11-23 22:40:28.901057,2024-11-23,desktop,United States,google,cpc,shopping_feed,Paid,9.93,9.93,1.0,1,1,['Accessories'],1,True,,9.93,22,Saturday,1888
T0003698,8743039.8124089457.1732604170,8743039.8124089457,2024-11-26 06:52:54.189604,2024-11-26,desktop,Mexico,(direct),(none),(direct),Direct,9.93,9.93,1.0,1,1,['Accessories'],1,True,,9.93,6,Tuesday,1888
T0001388,1866631.3062172435.1728667311,1866631.3062172435,2024-10-11 17:31:59.800382,2024-10-11,desktop,United Kingdom,(direct),(none),(direct),Direct,9.93,9.93,1.0,1,1,['Accessories'],1,True,,9.93,17,Friday,1888
T0000534,3318302.8952667182.1726783896,3318302.8952667182,2024-09-19 22:14:50.136067,2024-09-19,desktop,United States,google,cpc,shopping_feed,Paid,9.93,9.93,1.0,1,1,['Accessories'],1,True,,9.93,22,Thursday,1888
T0002460,5050527.1417567756.1730600507,5050527.1417567756,2024-11-03 02:16:48.174048,2024-11-03,desktop,Singapore,facebook,paid_social,prospecting_broad,Paid,9.93,9.93,1.0,1,1,['Accessories'],1,True,,9.93,2,Sunday,1888
T0004018,1540844.4716280143.1732778879,1540844.4716280143,2024-11-28 07:34:55.459451,2024-11-28,mobile,United States,newsletter,email,weekly_drop,Email,9.93,9.93,1.0,1,1,['Accessories'],1,True,,9.93,7,Thursday,1888
T0000149,7690957.4008368776.1725818834,7690957.4008368776,2024-09-08 18:02:44.982642,2024-09-08,tablet,India,google,organic,(organic),Organic Search,9.93,9.93,1.0,1,1,['Accessories'],1,True,,9.93,18,Sunday,1888
T0000347,4530356.5198011669.1726349957,4530356.5198011669,2024-09-14 21:37:23.571801,2024-09-14,desktop,United States,newsletter,email,weekly_drop,Email,9.93,9.93,1.0,1,1,['Accessories'],1,True,,9.93,21,Saturday,1888
T0003862,3063554.2128474800.1732687694,3063554.2128474800,2024-11-27 06:25:01.539127,2024-11-27,mobile,United States,(direct),(none),(direct),Direct,9.93,9.93,1.0,1,1,['Accessories'],1,True,,9.93,6,Wednesday,1888
T0003915,5303938.2613779207.1732722713,5303938.2613779207,2024-11-27 15:46:31.254698,2024-11-27,desktop,United States,google,cpc,brand_search,Paid,9.93,9.93,1.0,1,1,['Accessories'],1,True,,9.93,15,Wednesday,1888
T0000196,7928058.5707518631.1725955508,7928058.5707518631,2024-09-10 08:13:35.529057,2024-09-10,desktop,United States,youtube.com,referral,(referral),Referral,9.93,9.93,1.0,1,1,['Accessories'],1,True,,9.93,8,Tuesday,1888
T0000566,9109514.3573636303.1726859849,9109514.3573636303,2024-09-20 19:26:13.026044,2024-09-20,desktop,India,google,organic,(organic),Organic Search,9.93,9.93,1.0,1,1,['Accessories'],1,True,,9.93,19,Friday,1888
T0002098,5546303.7784363433.1729978959,5546303.7784363433,2024-10-26 21:38:09.343761,2024-10-26,desktop,Canada,google,organic,(organic),Organic Search,9.93,9.93,1.0,1,1,['Accessories'],1,True,,9.93,21,Saturday,1888
T0004440,1052658.2539531665.1732986813,1052658.2539531665,2024-11-30 17:13:26.199442,2024-11-30,desktop,France,(direct),(none),(direct),Direct,9.93,9.93,1.0,1,1,['Accessories'],2,False,26,9.93,17,Saturday,1888
T0001133,4361173.9721920564.1728108753,4361173.9721920564,2024-10-05 06:16:55.305549,2024-10-05,desktop,United States,google,organic,(organic),Organic Search,9.93,9.93,1.0,1,1,['Accessories'],1,True,,9.93,6,Saturday,1888
T0000927,3468546.2334596864.1727644460,3468546.2334596864,2024-09-29 21:09:32.410390,2024-09-29,mobile,Singapore,(direct),(none),(direct),Direct,9.93,9.93,1.0,1,1,['Accessories'],1,True,,9.93,21,Sunday,1888
T0002416,3614512.4887840591.1730526243,3614512.4887840591,2024-11-02 06:35:32.362677,2024-11-02,mobile,United States,google,organic,(organic),Organic Search,9.93,9.93,1.0,1,1,['Accessories'],2,False,62,9.93,6,Saturday,1888
T0003369,6184139.3252916375.1732204633,6184139.3252916375,2024-11-21 15:52:31.187293,2024-11-21,desktop,Brazil,google,cpc,shopping_feed,Paid,9.93,9.93,1.0,1,1,['Accessories'],1,True,,9.93,15,Thursday,1888
T0001755,1748970.2892436655.1729351251,1748970.2892436655,2024-10-19 15:36:30.177446,2024-10-19,desktop,United States,google,organic,(organic),Organic Search,9.93,9.93,1.0,1,1,['Accessories'],1,True,,9.93,15,Saturday,1888
T0000366,7276330.8191785309.1726411242,7276330.8191785309,2024-09-15 14:48:17.396772,2024-09-15,mobile,United States,(direct),(none),(direct),Direct,9.93,9.93,1.0,1,1,['Accessories'],1,True,,9.93,14,Sunday,1888
T0002748,8266389.1094508008.1731088044,8266389.1094508008,2024-11-08 17:49:03.110659,2024-11-08,mobile,Japan,newsletter,email,weekly_drop,Email,9.93,9.93,1.0,1,1,['Accessories'],1,True,,9.93,17,Friday,1888
T0001825,9289985.9743300013.1729528213,9289985.9743300013,2024-10-21 16:28:56.933966,2024-10-21,mobile,United Kingdom,google,cpc,brand_search,Paid,9.93,9.93,1.0,1,1,['Accessories'],1,True,,9.93,16,Monday,1888
T0002390,8662061.6988831982.1730491764,8662061.6988831982,2024-11-01 20:08:14.791433,2024-11-01,desktop,Canada,google,organic,(organic),Organic Search,9.93,9.93,1.0,1,1,['Accessories'],1,True,,9.93,20,Friday,1888
T0000775,7035355.6737475929.1727300859,7035355.6737475929,2024-09-25 21:55:43.554199,2024-09-25,desktop,United States,(direct),(none),(direct),Direct,9.93,9.93,1.0,1,1,['Accessories'],1,True,,9.93,21,Wednesday,1888
T0000726,3538582.8756999699.1727209311,3538582.8756999699,2024-09-24 20:16:15.686658,2024-09-24,desktop,United States,(direct),(none),(direct),Direct,9.93,9.93,1.0,1,1,['Accessories'],1,True,,9.93,20,Tuesday,1888
T0004073,4660395.9345941110.1732802449,4660395.9345941110,2024-11-28 13:56:00.600030,2024-11-28,desktop,Netherlands,partners,affiliate,coupon_partners,Affiliate,9.93,9.93,1.0,1,1,['Accessories'],1,True,,9.93,13,Thursday,1888
T0002395,4890575.3970117292.1730496070,4890575.3970117292,2024-11-01 21:17:35.069131,2024-11-01,mobile,United States,google,cpc,shopping_feed,Paid,9.93,9.93,1.0,1,1,['Accessories'],1,True,,9.93,21,Friday,1888
T0003536,5653803.8412195120.1732482666,5653803.8412195120,2024-11-24 21:24:07.734335,2024-11-24,desktop,United Kingdom,google,organic,(organic),Organic Search,8.34,8.34,1.0,1,1,['Office'],1,True,,8.34,21,Sunday,1889
T0000353,9891730.3793138608.1726359723,9891730.3793138608,2024-09-15 00:19:51.425441,2024-09-15,desktop,Brazil,google,cpc,shopping_feed,Paid,8.34,8.34,1.0,1,1,['Office'],1,True,,8.34,0,Sunday,1889
T0004027,8552600.2020619796.1732785239,8552600.2020619796,2024-11-28 09:19:36.346977,2024-11-28,mobile,Canada,google,organic,(organic),Organic Search,8.34,8.34,1.0,1,1,['Office'],1,True,,8.34,9,Thursday,1889
T0001274,9616132.9964528221.1728413664,9616132.9964528221,2024-10-08 18:53:01.658039,2024-10-08,mobile,United States,google,organic,(organic),Organic Search,8.34,8.34,1.0,1,1,['Office'],1,True,,8.34,18,Tuesday,1889
T0000379,5884021.1583804535.1726433172,5884021.1583804535,2024-09-15 20:55:47.512514,2024-09-15,desktop,United States,google,organic,(organic),Organic Search,8.24,8.24,1.0,1,1,['Accessories'],1,True,,8.24,20,Sunday,1890
T0004371,8030165.3751516658.1732946077,8030165.3751516658,2024-11-30 06:00:59.213072,2024-11-30,desktop,Germany,google,organic,(organic),Organic Search,8.24,8.24,1.0,1,1,['Accessories'],1,True,,8.24,6,Saturday,1890
T0000437,1111547.3242270011.1726550877,1111547.3242270011,2024-09-17 05:33:11.983145,2024-09-17,mobile,Australia,google,cpc,brand_search,Paid,8.22,8.22,2.0,1,1,['Stationery'],1,True,,4.11,5,Tuesday,1891
T0000291,7743535.2859423067.1726217285,7743535.2859423067,2024-09-13 08:56:46.309093,2024-09-13,desktop,United States,(direct),(none),(direct),Direct,7.95,7.95,1.0,1,1,['Accessories'],1,True,,7.95,8,Friday,1892
T0004410,3399821.5075051626.1732973173,3399821.5075051626,2024-11-30 13:23:47.419251,2024-11-30,desktop,United States,(direct),(none),(direct),Direct,7.95,7.95,1.0,1,1,['Accessories'],1,True,,7.95,13,Saturday,1892
T0000090,9682908.6505433493.1725587077,9682908.6505433493,2024-09-06 01:47:52.443767,2024-09-06,desktop,United States,google,organic,(organic),Organic Search,7.95,7.95,1.0,1,1,['Accessories'],1,True,,7.95,1,Friday,1892
T0004465,4021295.7191166312.1732997324,4021295.7191166312,2024-11-30 20:32:04.520536,2024-11-30,tablet,United States,newsletter,email,weekly_drop,Email,7.79,7.79,1.0,1,1,['Office'],1,True,,7.79,20,Saturday,1893
T0003548,3819623.7082605343.1732497888,3819623.7082605343,2024-11-25 01:29:15.973952,2024-11-25,tablet,Canada,(direct),(none),(direct),Direct,7.79,7.79,1.0,1,1,['Office'],1,True,,7.79,1,Monday,1893
T0001432,2573613.1988489948.1728746913,2573613.1988489948,2024-10-12 15:44:00.199682,2024-10-12,desktop,United States,(direct),(none),(direct),Direct,7.46,7.46,1.0,1,1,['Accessories'],1,True,,7.46,15,Saturday,1894
T0000087,9500351.9712396328.1725572299,9500351.9712396328,2024-09-05 21:50:09.880385,2024-09-05,mobile,Mexico,(direct),(none),(direct),Direct,7.46,7.46,1.0,1,1,['Accessories'],1,True,,7.46,21,Thursday,1894
T0000102,8555820.5151543863.1725634559,8555820.5151543863,2024-09-06 15:09:04.767523,2024-09-06,mobile,United States,google,cpc,shopping_feed,Paid,7.46,7.46,1.0,1,1,['Accessories'],1,True,,7.46,15,Friday,1894
T0004042,9079742.8833434100.1732794801,9079742.8833434100,2024-11-28 11:52:03.804327,2024-11-28,desktop,United States,google,organic,(organic),Organic Search,7.46,7.46,1.0,1,1,['Accessories'],1,True,,7.46,11,Thursday,1894
T0002816,3563726.8958936988.1731209153,3563726.8958936988,2024-11-10 03:30:15.641545,2024-11-10,desktop,United States,(direct),(none),(direct),Direct,7.46,7.46,1.0,1,1,['Accessories'],2,False,5,7.46,3,Sunday,1894
T0003557,8139047.2040542692.1732509324,8139047.2040542692,2024-11-25 04:24:13.285046,2024-11-25,desktop,United Kingdom,(direct),(none),(direct),Direct,7.46,7.46,1.0,1,1,['Accessories'],1,True,,7.46,4,Monday,1894
T0001463,1071509.1054870864.1728843724,1071509.1054870864,2024-10-13 18:23:19.017402,2024-10-13,desktop,United Kingdom,(direct),(none),(direct),Direct,7.46,7.46,1.0,1,1,['Accessories'],1,True,,7.46,18,Sunday,1894
T0002792,9974222.7977347429.1731163533,9974222.7977347429,2024-11-09 15:01:54.187713,2024-11-09,mobile,United States,youtube.com,referral,(referral),Referral,7.46,7.46,1.0,1,1,['Accessories'],1,True,,7.46,15,Saturday,1894
T0000179,2037566.1273028198.1725905904,2037566.1273028198,2024-09-09 18:31:46.149720,2024-09-09,desktop,United States,google,cpc,brand_search,Paid,6.48,6.48,1.0,1,1,['Office'],1,True,,6.48,18,Monday,1895
T0001965,4671381.1556053712.1729740982,4671381.1556053712,2024-10-24 03:35:43.561512,2024-10-24,mobile,United States,google,organic,(organic),Organic Search,6.48,6.48,1.0,1,1,['Office'],1,True,,6.48,3,Thursday,1895
T0000150,7379356.6309507117.1725821521,7379356.6309507117,2024-09-08 19:02:44.299548,2024-09-08,desktop,United States,(direct),(none),(direct),Direct,6.48,6.48,1.0,1,1,['Office'],1,True,,6.48,19,Sunday,1895
T0003595,5338218.3326577641.1732537216,5338218.3326577641,2024-11-25 12:21:05.469080,2024-11-25,mobile,United States,(direct),(none),(direct),Direct,6.48,6.48,1.0,1,1,['Office'],1,True,,6.48,12,Monday,1895
T0003269,5313697.7982354202.1732039311,5313697.7982354202,2024-11-19 18:09:28.101122,2024-11-19,desktop,United States,google,cpc,shopping_feed,Paid,6.48,6.48,1.0,1,1,['Office'],1,True,,6.48,18,Tuesday,1895
T0001537,3581998.3740821659.1728947286,3581998.3740821659,2024-10-14 22:57:00.285666,2024-10-14,desktop,Canada,google,cpc,brand_search,Paid,6.48,6.48,1.0,1,1,['Office'],1,True,,6.48,22,Monday,1895
T0002301,6278797.2443749290.1730340159,6278797.2443749290,2024-10-31 02:02:36.858735,2024-10-31,desktop,United States,partners,affiliate,coupon_partners,Affiliate,6.48,6.48,1.0,1,1,['Office'],1,True,,6.48,2,Thursday,1895
T0001408,1970906.6495325319.1728687549,1970906.6495325319,2024-10-11 23:02:21.999424,2024-10-11,desktop,United States,google,cpc,brand_search,Paid,6.48,6.48,1.0,1,1,['Office'],1,True,,6.48,23,Friday,1895
T0003098,8563649.7803055522.1731729509,8563649.7803055522,2024-11-16 04:09:59.910718,2024-11-16,mobile,United States,(direct),(none),(direct),Direct,6.48,6.48,1.0,1,1,['Office'],1,True,,6.48,4,Saturday,1895
T0001006,5834773.5390644027.1727795744,5834773.5390644027,2024-10-01 15:27:43.838737,2024-10-01,mobile,Japan,(direct),(none),(direct),Direct,5.72,5.72,2.0,1,1,['Office'],1,True,,2.86,15,Tuesday,1896
T0002033,8018907.9030612748.1729869939,8018907.9030612748,2024-10-25 15:17:15.995629,2024-10-25,mobile,United States,partners,affiliate,coupon_partners,Affiliate,5.67,5.67,1.0,1,1,['Stationery'],1,True,,5.67,15,Friday,1897
T0003057,9681009.8465601878.1731667098,9681009.8465601878,2024-11-15 10:34:02.232035,2024-11-15,desktop,United States,google,organic,(organic),Organic Search,5.67,5.67,1.0,1,1,['Stationery'],2,False,27,5.67,10,Friday,1897
T0004343,6690888.9059350355.1732921991,6690888.9059350355,2024-11-29 23:07:59.535339,2024-11-29,mobile,United States,google,organic,(organic),Organic Search,5.67,5.67,1.0,1,1,['Stationery'],1,True,,5.67,23,Friday,1897
T0000473,9108619.8652489342.1726661954,9108619.8652489342,2024-09-18 12:17:45.131598,2024-09-18,desktop,France,google,organic,(organic),Organic Search,5.67,5.67,1.0,1,1,['Stationery'],1,True,,5.67,12,Wednesday,1897
T0003671,6057127.7593985137.1732576000,6057127.7593985137,2024-11-25 23:22:32.792201,2024-11-25,mobile,United States,google,organic,(organic),Organic Search,5.42,5.42,1.0,1,1,['Office'],1,True,,5.42,23,Monday,1898
T0002634,7503257.4495960526.1730897983,7503257.4495960526,2024-11-06 12:57:27.717251,2024-11-06,mobile,United States,facebook,paid_social,prospecting_broad,Paid,5.42,5.42,1.0,1,1,['Office'],1,True,,5.42,12,Wednesday,1898
T0002932,9652353.7519649677.1731408938,9652353.7519649677,2024-11-12 10:51:53.497363,2024-11-12,desktop,United States,google,organic,(organic),Organic Search,5.42,5.42,1.0,1,1,['Office'],1,True,,5.42,10,Tuesday,1898
T0001173,3440247.1893340525.1728196951,3440247.1893340525,2024-10-06 06:37:57.168547,2024-10-06,desktop,United States,google,cpc,shopping_feed,Paid,5.33,5.33,1.0,1,1,['Office'],1,True,,5.33,6,Sunday,1899
T0000789,1504121.1937978284.1727347325,1504121.1937978284,2024-09-26 10:35:29.563899,2024-09-26,mobile,India,google,cpc,shopping_feed,Paid,4.11,4.11,1.0,1,1,['Stationery'],1,True,,4.11,10,Thursday,1900
T0001518,6382219.7051444815.1728933315,6382219.7051444815,2024-10-14 19:25:03.906811,2024-10-14,desktop,United States,google,cpc,brand_search,Paid,4.11,4.11,1.0,1,1,['Stationery'],1,True,,4.11,19,Monday,1900
T0002142,7475978.5355419087.1730054859,7475978.5355419087,2024-10-27 18:57:54.815153,2024-10-27,tablet,Canada,google,cpc,shopping_feed,Paid,4.11,4.11,1.0,1,1,['Stationery'],1,True,,4.11,18,Sunday,1900
T0002189,7906347.8381640436.1730144846,7906347.8381640436,2024-10-28 19:47:51.596003,2024-10-28,desktop,Canada,google,cpc,shopping_feed,Paid,4.11,4.11,1.0,1,1,['Stationery'],1,True,,4.11,19,Monday,1900
T0000702,9810646.2489582897.1727175052,9810646.2489582897,2024-09-24 10:51:20.895407,2024-09-24,desktop,Singapore,google,organic,(organic),Organic Search,4.11,4.11,1.0,1,1,['Stationery'],1,True,,4.11,10,Tuesday,1900
T0002147,4445535.7096301064.1730061296,4445535.7096301064,2024-10-27 20:32:47.613265,2024-10-27,desktop,Germany,google,cpc,shopping_feed,Paid,4.11,4.11,1.0,1,1,['Stationery'],1,True,,4.11,20,Sunday,1900
T0001171,4399789.6480680194.1728191665,4399789.6480680194,2024-10-06 05:21:55.377106,2024-10-06,tablet,Canada,google,cpc,shopping_feed,Paid,3.98,3.98,1.0,1,1,['Stationery'],1,True,,3.98,5,Sunday,1901
T0003545,2094814.9947210762.1732493146,2094814.9947210762,2024-11-25 00:06:49.270492,2024-11-25,desktop,United States,google,cpc,brand_search,Paid,3.98,3.98,1.0,1,1,['Stationery'],1,True,,3.98,0,Monday,1901
T0001838,1983897.2870230709.1729540837,1983897.2870230709,2024-10-21 20:05:14.330991,2024-10-21,tablet,United States,google,organic,(organic),Organic Search,3.98,3.98,1.0,1,1,['Stationery'],1,True,,3.98,20,Monday,1901
T0001654,8074136.6975836483.1729175814,8074136.6975836483,2024-10-17 14:36:26.873655,2024-10-17,desktop,Germany,youtube.com,referral,(referral),Referral,3.95,3.95,1.0,1,1,['Stationery'],1,True,,3.95,14,Thursday,1902
T0003461,4583332.5289960956.1732364632,4583332.5289960956,2024-11-23 12:17:20.733777,2024-11-23,mobile,Germany,(direct),(none),(direct),Direct,3.95,3.95,1.0,1,1,['Stationery'],1,True,,3.95,12,Saturday,1902
T0003327,8281677.9753464010.1732131088,8281677.9753464010,2024-11-20 19:29:28.392647,2024-11-20,desktop,United States,newsletter,email,weekly_drop,Email,3.95,3.95,1.0,1,1,['Stationery'],1,True,,3.95,19,Wednesday,1902
T0001009,1106561.4116549954.1727798327,1106561.4116549954,2024-10-01 16:11:56.066470,2024-10-01,desktop,United Kingdom,facebook,paid_social,prospecting_broad,Paid,3.95,3.95,1.0,1,1,['Stationery'],1,True,,3.95,16,Tuesday,1902
T0000055,8701175.8541118103.1725446352,8701175.8541118103,2024-09-04 10:39:49.703098,2024-09-04,desktop,Canada,google,cpc,brand_search,Paid,3.95,3.95,1.0,1,1,['Stationery'],1,True,,3.95,10,Wednesday,1902
T0003047,4289499.3927865232.1731639628,4289499.3927865232,2024-11-15 02:54:24.267350,2024-11-15,desktop,United States,facebook,paid_social,prospecting_broad,Paid,3.95,3.95,1.0,1,1,['Stationery'],1,True,,3.95,2,Friday,1902
T0000811,9296219.3142621589.1727395718,9296219.3142621589,2024-09-27 00:11:13.439322,2024-09-27,mobile,United States,newsletter,email,weekly_drop,Email,2.86,2.86,1.0,1,1,['Office'],1,True,,2.86,0,Friday,1903
T0003643,1353971.4349415313.1732563943,1353971.4349415313,2024-11-25 19:47:51.500170,2024-11-25,mobile,United States,google,organic,(organic),Organic Search,2.86,2.86,1.0,1,1,['Office'],1,True,,2.86,19,Monday,1903
T0002270,2779554.3618695025.1730299643,2779554.3618695025,2024-10-30 15:06:37.047687,2024-10-30,tablet,United Kingdom,google,cpc,brand_search,Paid,2.86,2.86,1.0,1,1,['Office'],1,True,,2.86,15,Wednesday,1903
T0004032,8073214.1643000228.1732788392,8073214.1643000228,2024-11-28 10:14:10.570523,2024-11-28,desktop,France,newsletter,email,weekly_drop,Email,2.86,2.86,1.0,1,1,['Office'],1,True,,2.86,10,Thursday,1903
T0001332,9906603.6035545532.1728536862,9906603.6035545532,2024-10-10 05:06:06.410000,2024-10-10,desktop,United States,facebook,paid_social,prospecting_broad,Paid,2.86,2.86,1.0,1,1,['Office'],1,True,,2.86,5,Thursday,1903
T0001624,5679220.5858844310.1729118353,5679220.5858844310,2024-10-16 22:43:22.218600,2024-10-16,tablet,Australia,facebook,paid_social,prospecting_broad,Paid,2.86,2.86,1.0,1,1,['Office'],1,True,,2.86,22,Wednesday,1903
T0001132,4340826.4833971345.1728104755,4340826.4833971345,2024-10-05 05:08:46.254077,2024-10-05,mobile,United States,(direct),(none),(direct),Direct,2.22,2.22,1.0,1,1,['Stationery'],1,True,,2.22,5,Saturday,1904
